Workbook

Sheet Übersicht
A2: STEIMER Feiertagsgrundlage Schweiz
A4: Kalenderjahr | B4: 2027 | D4: Prüfzeitraum 2026–2028
A6: AP18B-02 · V0.8 · TI/GR mit provisorischen RG-Ergänzungen
A8: 22 Kantone noch nicht erhoben. Erfasste Kantonsregeln bleiben bis zur Fachabnahme offen.
A9: CH/BE/AG unverändert. TI und GR mit Namensfeldern DE/FR/IT/RG ergänzt.
A10: GR nur kantonale Grundliste. Lokale Ruhetage nicht erhoben, VRG-Annahme dokumentiert.
A11: Gelbes Feld: Jahr ändern. Die Datumswerte werden in Excel neu berechnet.
A12: Im Feiertagskalender nach Gemeinwesen, Geltungsbereich oder Status filtern.
A13: Jede Regeländerung verlangt Fachstatus open und neue Prüfung. Alte Freigabe gilt nicht weiter.
A14: approved bezeichnet nur die angegebene frühere Fachfreigabe, nicht diese Arbeitsmappe.
A15: Quellenprüfung und Datenrelease bleiben getrennt. Neue Prüfereignisse sind candidate.
A16: Keine Makros, externen Datenverbindungen oder automatische Datenaktivierung.
A17: Sonntage gelten separat. Die Ansicht enthält benannte Feiertage, nicht jeden Sonntag.
A18: Gerichtsferien bleiben unverändert in der bestehenden Kalenderkomponente.
... A20: Kalender-App und Feiertagskarte gehören nicht zu AP18.
A23: Kontrolle | B23: Anzahl
A24: Gemeinwesen | B24: =COUNTA('Gemeinwesen'!$A$7:$A$33) -> 27 | D24: Stand: 13. September 2026
A25: Referenz-Feiertagsregeln | B25: =COUNTIFS('Feiertagsregeln'!$R$7:$R$96,"approved") -> 12 | D25: Fachverantwortung: David Steimer
A26: Offene Kantonsregeln | B26: =COUNTIFS('Feiertagsregeln'!$R$7:$R$122,"open") -> 104 | D26: Nächste Jahresprüfung: spätestens 15.11.2027
A29: Pflege: Regeln und Quellen über stabile IDs verknüpfen. Keine Zeilennummer als Identität.
A30: Gebietszuordnungen erfassen Ein- und Ausschlüsse. Ortssuche und Export folgen separat.
A31: Der Stand enthält keine neue juristische Freigabe und verändert keine Installation.
A32: Gebiets- und Zuordnungsänderungen brauchen eine Neugenerierung des Kalenders.
A33: Formeln und Referenzzeilen sind geschützt. Blattschutz ohne Passwort aufhebbar.
A34: TI/GR: vier Sprachspalten befüllt. Acht TI-Namen in RG sind provisorische Produktübersetzungen.
A35: Zusätzliche Sprachen nur in der Arbeitsmappe. App und Laufzeitdaten bleiben unverändert.
A36: V0.8 ergänzt acht RG-Namen. Strukturvertrag 0.4.0. Keine neue Rechts- oder Releasefreigabe.

Sheet Feiertagskalender
A2: Generierter Feiertagskalender
A4: CH/BE/AG unverändert. TI: 15 offizielle Tage. GR: kantonale Grundliste, keine lokalen Ruhetage. Fristwirkung gesondert prüfen.
A6: Datum | B6: Wochentag | C6: Gemeinwesen | D6: Geltungsbereich | E6: Feiertag | F6: Französisch | G6: Italienisch | H6: Rumantsch Grischun | I6: Rechtskategorie | J6: Fachstatus | K6: Regel-ID | L6: Quellen-ID | M6: Fundstelle | N6: Abdeckung
A7: =INDEX('Feiertagsregeln'!$X$7:$X$96,MATCH($K7,'Feiertagsregeln'!$A$7:$A$96,0)) -> 46600 | B7: =IF(ISNUMBER(A7),CHOOSE(WEEKDAY(A7,2),"Montag","Dienstag","Mittwoch","Donnerstag","Freitag","Samstag","Sonntag"),"n.a.") -> Sonntag | C7: CH | D7: Bundesgebiet | E7: =INDEX('Feiertagsregeln'!$D$7:$D$96,MATCH($K7,'Feiertagsregeln'!$A$7:$A$96,0)) -> Bundesfeiertag | F7: =INDEX('Feiertagsregeln'!$E$7:$E$96,MATCH($K7,'Feiertagsregeln'!$A$7:$A$96,0)) -> Fête nationale | G7: =IF(INDEX('Feiertagsregeln'!$F$7:$F$96,MATCH($K7,'Feiertagsregeln'!$A$7:$A$96,0))="","Noch zu erfassen",INDEX('Feiertagsregeln'!$F$7:$F$96,MATCH($K7,'Feiertagsregeln'!$A$7:$A$96,0))) -> Noch zu erfassen | H7: =IF(INDEX('Feiertagsregeln'!$G$7:$G$96,MATCH($K7,'Feiertagsregeln'!$A$7:$A$96,0))="","Noch zu erfassen",INDEX('Feiertagsregeln'!$G$7:$G$96,MATCH($K7,'Feiertagsregeln'!$A$7:$A$96,0))) -> Noch zu erfassen | I7: =INDEX('Feiertagsregeln'!$H$7:$H$96,MATCH($K7,'Feiertagsregeln'!$A$7:$A$96,0)) -> publicHoliday | J7: =INDEX('Feiertagsregeln'!$R$7:$R$96,MATCH($K7,'Feiertagsregeln'!$A$7:$A$96,0)) -> approved | K7: CH-CAL-HOL-NATIONAL-DAY | L7: =INDEX('Feiertagsregeln'!$Y$7:$Y$96,MATCH($K7,'Feiertagsregeln'!$A$7:$A$96,0)) -> SRC-BUNDESFEIERTAG-19940701 | M7: =INDEX('Feiertagsregeln'!$Z$7:$Z$96,MATCH($K7,'Feiertagsregeln'!$A$7:$A$96,0)) -> Art. 1 | N7: Nur Bundesfeiertag
A8: =INDEX('Feiertagsregeln'!$X$7:$X$96,MATCH($K8,'Feiertagsregeln'!$A$7:$A$96,0)) -> 46600 | B8: =IF(ISNUMBER(A8),CHOOSE(WEEKDAY(A8,2),"Montag","Dienstag","Mittwoch","Donnerstag","Freitag","Samstag","Sonntag"),"n.a.") -> Sonntag | C8: CH-BE | D8: Kanton Bern | E8: =INDEX('Feiertagsregeln'!$D$7:$D$96,MATCH($K8,'Feiertagsregeln'!$A$7:$A$96,0)) -> Bundesfeiertag | F8: =INDEX('Feiertagsregeln'!$E$7:$E$96,MATCH($K8,'Feiertagsregeln'!$A$7:$A$96,0)) -> Fête nationale | G8: =IF(INDEX('Feiertagsregeln'!$F$7:$F$96,MATCH($K8,'Feiertagsregeln'!$A$7:$A$96,0))="","Noch zu erfassen",INDEX('Feiertagsregeln'!$F$7:$F$96,MATCH($K8,'Feiertagsregeln'!$A$7:$A$96,0))) -> Noch zu erfassen | H8: =IF(INDEX('Feiertagsregeln'!$G$7:$G$96,MATCH($K8,'Feiertagsregeln'!$A$7:$A$96,0))="","Noch zu erfassen",INDEX('Feiertagsregeln'!$G$7:$G$96,MATCH($K8,'Feiertagsregeln'!$A$7:$A$96,0))) -> Noch zu erfassen | I8: =INDEX('Feiertagsregeln'!$H$7:$H$96,MATCH($K8,'Feiertagsregeln'!$A$7:$A$96,0)) -> publicHoliday | J8: =INDEX('Feiertagsregeln'!$R$7:$R$96,MATCH($K8,'Feiertagsregeln'!$A$7:$A$96,0)) -> approved | K8: CH-CAL-HOL-NATIONAL-DAY | L8: =INDEX('Feiertagsregeln'!$Y$7:$Y$96,MATCH($K8,'Feiertagsregeln'!$A$7:$A$96,0)) -> SRC-BUNDESFEIERTAG-19940701 | M8: =INDEX('Feiertagsregeln'!$Z$7:$Z$96,MATCH($K8,'Feiertagsregeln'!$A$7:$A$96,0)) -> Art. 1 | N8: Referenzbestand
A9: =INDEX('Feiertagsregeln'!$X$7:$X$96,MATCH($K9,'Feiertagsregeln'!$A$7:$A$96,0)) -> 46388 | B9: =IF(ISNUMBER(A9),CHOOSE(WEEKDAY(A9,2),"Montag","Dienstag","Mittwoch","Donnerstag","Freitag","Samstag","Sonntag"),"n.a.") -> Freitag | C9: CH-BE | D9: Kanton Bern | E9: =INDEX('Feiertagsregeln'!$D$7:$D$96,MATCH($K9,'Feiertagsregeln'!$A$7:$A$96,0)) -> Neujahr | F9: =INDEX('Feiertagsregeln'!$E$7:$E$96,MATCH($K9,'Feiertagsregeln'!$A$7:$A$96,0)) -> Nouvel An | G9: =IF(INDEX('Feiertagsregeln'!$F$7:$F$96,MATCH($K9,'Feiertagsregeln'!$A$7:$A$96,0))="","Noch zu erfassen",INDEX('Feiertagsregeln'!$F$7:$F$96,MATCH($K9,'Feiertagsregeln'!$A$7:$A$96,0))) -> Noch zu erfassen | H9: =IF(INDEX('Feiertagsregeln'!$G$7:$G$96,MATCH($K9,'Feiertagsregeln'!$A$7:$A$96,0))="","Noch zu erfassen",INDEX('Feiertagsregeln'!$G$7:$G$96,MATCH($K9,'Feiertagsregeln'!$A$7:$A$96,0))) -> Noch zu erfassen | I9: =INDEX('Feiertagsregeln'!$H$7:$H$96,MATCH($K9,'Feiertagsregeln'!$A$7:$A$96,0)) -> publicHoliday | J9: =INDEX('Feiertagsregeln'!$R$7:$R$96,MATCH($K9,'Feiertagsregeln'!$A$7:$A$96,0)) -> approved | K9: BE-CAL-HOL-NEW-YEAR | L9: =INDEX('Feiertagsregeln'!$Y$7:$Y$96,MATCH($K9,'Feiertagsregeln'!$A$7:$A$96,0)) -> SRC-FRG-BE-20210401 | M9: =INDEX('Feiertagsregeln'!$Z$7:$Z$96,MATCH($K9,'Feiertagsregeln'!$A$7:$A$96,0)) -> Art. 2 Abs. 1 Bst. c | N9: Referenzbestand
A10: =INDEX('Feiertagsregeln'!$X$7:$X$96,MATCH($K10,'Feiertagsregeln'!$A$7:$A$96,0)) -> 46389 | B10: =IF(ISNUMBER(A10),CHOOSE(WEEKDAY(A10,2),"Montag","Dienstag","Mittwoch","Donnerstag","Freitag","Samstag","Sonntag"),"n.a.") -> Samstag | C10: CH-BE | D10: Kanton Bern | E10: =INDEX('Feiertagsregeln'!$D$7:$D$96,MATCH($K10,'Feiertagsregeln'!$A$7:$A$96,0)) -> Berchtoldstag | F10: =INDEX('Feiertagsregeln'!$E$7:$E$96,MATCH($K10,'Feiertagsregeln'!$A$7:$A$96,0)) -> Saint-Berchtold | G10: =IF(INDEX('Feiertagsregeln'!$F$7:$F$96,MATCH($K10,'Feiertagsregeln'!$A$7:$A$96,0))="","Noch zu erfassen",INDEX('Feiertagsregeln'!$F$7:$F$96,MATCH($K10,'Feiertagsregeln'!$A$7:$A$96,0))) -> Noch zu erfassen | H10: =IF(INDEX('Feiertagsregeln'!$G$7:$G$96,MATCH($K10,'Feiertagsregeln'!$A$7:$A$96,0))="","Noch zu erfassen",INDEX('Feiertagsregeln'!$G$7:$G$96,MATCH($K10,'Feiertagsregeln'!$A$7:$A$96,0))) -> Noch zu erfassen | I10: =INDEX('Feiertagsregeln'!$H$7:$H$96,MATCH($K10,'Feiertagsregeln'!$A$7:$A$96,0)) -> publicHoliday | J10: =INDEX('Feiertagsregeln'!$R$7:$R$96,MATCH($K10,'Feiertagsregeln'!$A$7:$A$96,0)) -> approved | K10: BE-CAL-HOL-BERCHTOLD-DAY | L10: =INDEX('Feiertagsregeln'!$Y$7:$Y$96,MATCH($K10,'Feiertagsregeln'!$A$7:$A$96,0)) -> SRC-FRG-BE-20210401 | M10: =INDEX('Feiertagsregeln'!$Z$7:$Z$96,MATCH($K10,'Feiertagsregeln'!$A$7:$A$96,0)) -> Art. 2 Abs. 1 Bst. c | N10: Referenzbestand
A11: =INDEX('Feiertagsregeln'!$X$7:$X$96,MATCH($K11,'Feiertagsregeln'!$A$7:$A$96,0)) -> 46472 | B11: =IF(ISNUMBER(A11),CHOOSE(WEEKDAY(A11,2),"Montag","Dienstag","Mittwoch","Donnerstag","Freitag","Samstag","Sonntag"),"n.a.") -> Freitag | C11: CH-BE | D11: Kanton Bern | E11: =INDEX('Feiertagsregeln'!$D$7:$D$96,MATCH($K11,'Feiertagsregeln'!$A$7:$A$96,0)) -> Karfreitag | F11: =INDEX('Feiertagsregeln'!$E$7:$E$96,MATCH($K11,'Feiertagsregeln'!$A$7:$A$96,0)) -> Vendredi saint | G11: =IF(INDEX('Feiertagsregeln'!$F$7:$F$96,MATCH($K11,'Feiertagsregeln'!$A$7:$A$96,0))="","Noch zu erfassen",INDEX('Feiertagsregeln'!$F$7:$F$96,MATCH($K11,'Feiertagsregeln'!$A$7:$A$96,0))) -> Noch zu erfassen | H11: =IF(INDEX('Feiertagsregeln'!$G$7:$G$96,MATCH($K11,'Feiertagsregeln'!$A$7:$A$96,0))="","Noch zu erfassen",INDEX('Feiertagsregeln'!$G$7:$G$96,MATCH($K11,'Feiertagsregeln'!$A$7:$A$96,0))) -> Noch zu erfassen | I11: =INDEX('Feiertagsregeln'!$H$7:$H$96,MATCH($K11,'Feiertagsregeln'!$A$7:$A$96,0)) -> publicHoliday | J11: =INDEX('Feiertagsregeln'!$R$7:$R$96,MATCH($K11,'Feiertagsregeln'!$A$7:$A$96,0)) -> approved | K11: BE-CAL-HOL-GOOD-FRIDAY | L11: =INDEX('Feiertagsregeln'!$Y$7:$Y$96,MATCH($K11,'Feiertagsregeln'!$A$7:$A$96,0)) -> SRC-FRG-BE-20210401 | M11: =INDEX('Feiertagsregeln'!$Z$7:$Z$96,MATCH($K11,'Feiertagsregeln'!$A$7:$A$96,0)) -> Art. 2 Abs. 1 Bst. b | N11: Referenzbestand
A12: =INDEX('Feiertagsregeln'!$X$7:$X$96,MATCH($K12,'Feiertagsregeln'!$A$7:$A$96,0)) -> 46474 | B12: =IF(ISNUMBER(A12),CHOOSE(WEEKDAY(A12,2),"Montag","Dienstag","Mittwoch","Donnerstag","Freitag","Samstag","Sonntag"),"n.a.") -> Sonntag | C12: CH-BE | D12: Kanton Bern | E12: =INDEX('Feiertagsregeln'!$D$7:$D$96,MATCH($K12,'Feiertagsregeln'!$A$7:$A$96,0)) -> Ostern | F12: =INDEX('Feiertagsregeln'!$E$7:$E$96,MATCH($K12,'Feiertagsregeln'!$A$7:$A$96,0)) -> Pâques | G12: =IF(INDEX('Feiertagsregeln'!$F$7:$F$96,MATCH($K12,'Feiertagsregeln'!$A$7:$A$96,0))="","Noch zu erfassen",INDEX('Feiertagsregeln'!$F$7:$F$96,MATCH($K12,'Feiertagsregeln'!$A$7:$A$96,0))) -> Noch zu erfassen | H12: =IF(INDEX('Feiertagsregeln'!$G$7:$G$96,MATCH($K12,'Feiertagsregeln'!$A$7:$A$96,0))="","Noch zu erfassen",INDEX('Feiertagsregeln'!$G$7:$G$96,MATCH($K12,'Feiertagsregeln'!$A$7:$A$96,0))) -> Noch zu erfassen | I12: =INDEX('Feiertagsregeln'!$H$7:$H$96,MATCH($K12,'Feiertagsregeln'!$A$7:$A$96,0)) -> publicHoliday | J12: =INDEX('Feiertagsregeln'!$R$7:$R$96,MATCH($K12,'Feiertagsregeln'!$A$7:$A$96,0)) -> approved | K12: BE-CAL-HOL-EASTER | L12: =INDEX('Feiertagsregeln'!$Y$7:$Y$96,MATCH($K12,'Feiertagsregeln'!$A$7:$A$96,0)) -> SRC-FRG-BE-20210401 | M12: =INDEX('Feiertagsregeln'!$Z$7:$Z$96,MATCH($K12,'Feiertagsregeln'!$A$7:$A$96,0)) -> Art. 2 Abs. 1 Bst. b | N12: Referenzbestand
A13: =INDEX('Feiertagsregeln'!$X$7:$X$96,MATCH($K13,'Feiertagsregeln'!$A$7:$A$96,0)) -> 46475 | B13: =IF(ISNUMBER(A13),CHOOSE(WEEKDAY(A13,2),"Montag","Dienstag","Mittwoch","Donnerstag","Freitag","Samstag","Sonntag"),"n.a.") -> Montag | C13: CH-BE | D13: Kanton Bern | E13: =INDEX('Feiertagsregeln'!$D$7:$D$96,MATCH($K13,'Feiertagsregeln'!$A$7:$A$96,0)) -> Ostermontag | F13: =INDEX('Feiertagsregeln'!$E$7:$E$96,MATCH($K13,'Feiertagsregeln'!$A$7:$A$96,0)) -> Lundi de Pâques | G13: =IF(INDEX('Feiertagsregeln'!$F$7:$F$96,MATCH($K13,'Feiertagsregeln'!$A$7:$A$96,0))="","Noch zu erfassen",INDEX('Feiertagsregeln'!$F$7:$F$96,MATCH($K13,'Feiertagsregeln'!$A$7:$A$96,0))) -> Noch zu erfassen | H13: =IF(INDEX('Feiertagsregeln'!$G$7:$G$96,MATCH($K13,'Feiertagsregeln'!$A$7:$A$96,0))="","Noch zu erfassen",INDEX('Feiertagsregeln'!$G$7:$G$96,MATCH($K13,'Feiertagsregeln'!$A$7:$A$96,0))) -> Noch zu erfassen | I13: =INDEX('Feiertagsregeln'!$H$7:$H$96,MATCH($K13,'Feiertagsregeln'!$A$7:$A$96,0)) -> publicHoliday | J13: =INDEX('Feiertagsregeln'!$R$7:$R$96,MATCH($K13,'Feiertagsregeln'!$A$7:$A$96,0)) -> approved | K13: BE-CAL-HOL-EASTER-MONDAY | L13: =INDEX('Feiertagsregeln'!$Y$7:$Y$96,MATCH($K13,'Feiertagsregeln'!$A$7:$A$96,0)) -> SRC-FRG-BE-20210401 | M13: =INDEX('Feiertagsregeln'!$Z$7:$Z$96,MATCH($K13,'Feiertagsregeln'!$A$7:$A$96,0)) -> Art. 2 Abs. 1 Bst. c | N13: Referenzbestand
A14: =INDEX('Feiertagsregeln'!$X$7:$X$96,MATCH($K14,'Feiertagsregeln'!$A$7:$A$96,0)) -> 46513 | B14: =IF(ISNUMBER(A14),CHOOSE(WEEKDAY(A14,2),"Montag","Dienstag","Mittwoch","Donnerstag","Freitag","Samstag","Sonntag"),"n.a.") -> Donnerstag | C14: CH-BE | D14: Kanton Bern | E14: =INDEX('Feiertagsregeln'!$D$7:$D$96,MATCH($K14,'Feiertagsregeln'!$A$7:$A$96,0)) -> Auffahrt | F14: =INDEX('Feiertagsregeln'!$E$7:$E$96,MATCH($K14,'Feiertagsregeln'!$A$7:$A$96,0)) -> Ascension | G14: =IF(INDEX('Feiertagsregeln'!$F$7:$F$96,MATCH($K14,'Feiertagsregeln'!$A$7:$A$96,0))="","Noch zu erfassen",INDEX('Feiertagsregeln'!$F$7:$F$96,MATCH($K14,'Feiertagsregeln'!$A$7:$A$96,0))) -> Noch zu erfassen | H14: =IF(INDEX('Feiertagsregeln'!$G$7:$G$96,MATCH($K14,'Feiertagsregeln'!$A$7:$A$96,0))="","Noch zu erfassen",INDEX('Feiertagsregeln'!$G$7:$G$96,MATCH($K14,'Feiertagsregeln'!$A$7:$A$96,0))) -> Noch zu erfassen | I14: =INDEX('Feiertagsregeln'!$H$7:$H$96,MATCH($K14,'Feiertagsregeln'!$A$7:$A$96,0)) -> publicHoliday | J14: =INDEX('Feiertagsregeln'!$R$7:$R$96,MATCH($K14,'Feiertagsregeln'!$A$7:$A$96,0)) -> approved | K14: BE-CAL-HOL-ASCENSION | L14: =INDEX('Feiertagsregeln'!$Y$7:$Y$96,MATCH($K14,'Feiertagsregeln'!$A$7:$A$96,0)) -> SRC-FRG-BE-20210401 | M14: =INDEX('Feiertagsregeln'!$Z$7:$Z$96,MATCH($K14,'Feiertagsregeln'!$A$7:$A$96,0)) -> Art. 2 Abs. 1 Bst. b | N14: Referenzbestand
A15: =INDEX('Feiertagsregeln'!$X$7:$X$96,MATCH($K15,'Feiertagsregeln'!$A$7:$A$96,0)) -> 46523 | B15: =IF(ISNUMBER(A15),CHOOSE(WEEKDAY(A15,2),"Montag","Dienstag","Mittwoch","Donnerstag","Freitag","Samstag","Sonntag"),"n.a.") -> Sonntag | C15: CH-BE | D15: Kanton Bern | E15: =INDEX('Feiertagsregeln'!$D$7:$D$96,MATCH($K15,'Feiertagsregeln'!$A$7:$A$96,0)) -> Pfingsten | F15: =INDEX('Feiertagsregeln'!$E$7:$E$96,MATCH($K15,'Feiertagsregeln'!$A$7:$A$96,0)) -> Pentecôte | G15: =IF(INDEX('Feiertagsregeln'!$F$7:$F$96,MATCH($K15,'Feiertagsregeln'!$A$7:$A$96,0))="","Noch zu erfassen",INDEX('Feiertagsregeln'!$F$7:$F$96,MATCH($K15,'Feiertagsregeln'!$A$7:$A$96,0))) -> Noch zu erfassen | H15: =IF(INDEX('Feiertagsregeln'!$G$7:$G$96,MATCH($K15,'Feiertagsregeln'!$A$7:$A$96,0))="","Noch zu erfassen",INDEX('Feiertagsregeln'!$G$7:$G$96,MATCH($K15,'Feiertagsregeln'!$A$7:$A$96,0))) -> Noch zu erfassen | I15: =INDEX('Feiertagsregeln'!$H$7:$H$96,MATCH($K15,'Feiertagsregeln'!$A$7:$A$96,0)) -> publicHoliday | J15: =INDEX('Feiertagsregeln'!$R$7:$R$96,MATCH($K15,'Feiertagsregeln'!$A$7:$A$96,0)) -> approved | K15: BE-CAL-HOL-PENTECOST | L15: =INDEX('Feiertagsregeln'!$Y$7:$Y$96,MATCH($K15,'Feiertagsregeln'!$A$7:$A$96,0)) -> SRC-FRG-BE-20210401 | M15: =INDEX('Feiertagsregeln'!$Z$7:$Z$96,MATCH($K15,'Feiertagsregeln'!$A$7:$A$96,0)) -> Art. 2 Abs. 1 Bst. b | N15: Referenzbestand
A16: =INDEX('Feiertagsregeln'!$X$7:$X$96,MATCH($K16,'Feiertagsregeln'!$A$7:$A$96,0)) -> 46524 | B16: =IF(ISNUMBER(A16),CHOOSE(WEEKDAY(A16,2),"Montag","Dienstag","Mittwoch","Donnerstag","Freitag","Samstag","Sonntag"),"n.a.") -> Montag | C16: CH-BE | D16: Kanton Bern | E16: =INDEX('Feiertagsregeln'!$D$7:$D$96,MATCH($K16,'Feiertagsregeln'!$A$7:$A$96,0)) -> Pfingstmontag | F16: =INDEX('Feiertagsregeln'!$E$7:$E$96,MATCH($K16,'Feiertagsregeln'!$A$7:$A$96,0)) -> Lundi de Pentecôte | G16: =IF(INDEX('Feiertagsregeln'!$F$7:$F$96,MATCH($K16,'Feiertagsregeln'!$A$7:$A$96,0))="","Noch zu erfassen",INDEX('Feiertagsregeln'!$F$7:$F$96,MATCH($K16,'Feiertagsregeln'!$A$7:$A$96,0))) -> Noch zu erfassen | H16: =IF(INDEX('Feiertagsregeln'!$G$7:$G$96,MATCH($K16,'Feiertagsregeln'!$A$7:$A$96,0))="","Noch zu erfassen",INDEX('Feiertagsregeln'!$G$7:$G$96,MATCH($K16,'Feiertagsregeln'!$A$7:$A$96,0))) -> Noch zu erfassen | I16: =INDEX('Feiertagsregeln'!$H$7:$H$96,MATCH($K16,'Feiertagsregeln'!$A$7:$A$96,0)) -> publicHoliday | J16: =INDEX('Feiertagsregeln'!$R$7:$R$96,MATCH($K16,'Feiertagsregeln'!$A$7:$A$96,0)) -> approved | K16: BE-CAL-HOL-WHIT-MONDAY | L16: =INDEX('Feiertagsregeln'!$Y$7:$Y$96,MATCH($K16,'Feiertagsregeln'!$A$7:$A$96,0)) -> SRC-FRG-BE-20210401 | M16: =INDEX('Feiertagsregeln'!$Z$7:$Z$96,MATCH($K16,'Feiertagsregeln'!$A$7:$A$96,0)) -> Art. 2 Abs. 1 Bst. c | N16: Referenzbestand
A17: =INDEX('Feiertagsregeln'!$X$7:$X$96,MATCH($K17,'Feiertagsregeln'!$A$7:$A$96,0)) -> 46649 | B17: =IF(ISNUMBER(A17),CHOOSE(WEEKDAY(A17,2),"Montag","Dienstag","Mittwoch","Donnerstag","Freitag","Samstag","Sonntag"),"n.a.") -> Sonntag | C17: CH-BE | D17: Kanton Bern | E17: =INDEX('Feiertagsregeln'!$D$7:$D$96,MATCH($K17,'Feiertagsregeln'!$A$7:$A$96,0)) -> Eidgenössischer Dank-, Buss- und Bettag | F17: =INDEX('Feiertagsregeln'!$E$7:$E$96,MATCH($K17,'Feiertagsregeln'!$A$7:$A$96,0)) -> Jeûne fédéral | G17: =IF(INDEX('Feiertagsregeln'!$F$7:$F$96,MATCH($K17,'Feiertagsregeln'!$A$7:$A$96,0))="","Noch zu erfassen",INDEX('Feiertagsregeln'!$F$7:$F$96,MATCH($K17,'Feiertagsregeln'!$A$7:$A$96,0))) -> Noch zu erfassen | H17: =IF(INDEX('Feiertagsregeln'!$G$7:$G$96,MATCH($K17,'Feiertagsregeln'!$A$7:$A$96,0))="","Noch zu erfassen",INDEX('Feiertagsregeln'!$G$7:$G$96,MATCH($K17,'Feiertagsregeln'!$A$7:$A$96,0))) -> Noch zu erfassen | I17: =INDEX('Feiertagsregeln'!$H$7:$H$96,MATCH($K17,'Feiertagsregeln'!$A$7:$A$96,0)) -> publicHoliday | J17: =INDEX('Feiertagsregeln'!$R$7:$R$96,MATCH($K17,'Feiertagsregeln'!$A$7:$A$96,0)) -> approved | K17: BE-CAL-HOL-FEDERAL-FAST | L17: =INDEX('Feiertagsregeln'!$Y$7:$Y$96,MATCH($K17,'Feiertagsregeln'!$A$7:$A$96,0)) -> SRC-FRG-BE-20210401 | M17: =INDEX('Feiertagsregeln'!$Z$7:$Z$96,MATCH($K17,'Feiertagsregeln'!$A$7:$A$96,0)) -> Art. 2 Abs. 1 Bst. b | N17: Referenzbestand
A18: =INDEX('Feiertagsregeln'!$X$7:$X$96,MATCH($K18,'Feiertagsregeln'!$A$7:$A$96,0)) -> 46746 | B18: =IF(ISNUMBER(A18),CHOOSE(WEEKDAY(A18,2),"Montag","Dienstag","Mittwoch","Donnerstag","Freitag","Samstag","Sonntag"),"n.a.") -> Samstag | C18: CH-BE | D18: Kanton Bern | E18: =INDEX('Feiertagsregeln'!$D$7:$D$96,MATCH($K18,'Feiertagsregeln'!$A$7:$A$96,0)) -> Weihnachten | F18: =INDEX('Feiertagsregeln'!$E$7:$E$96,MATCH($K18,'Feiertagsregeln'!$A$7:$A$96,0)) -> Noël | G18: =IF(INDEX('Feiertagsregeln'!$F$7:$F$96,MATCH($K18,'Feiertagsregeln'!$A$7:$A$96,0))="","Noch zu erfassen",INDEX('Feiertagsregeln'!$F$7:$F$96,MATCH($K18,'Feiertagsregeln'!$A$7:$A$96,0))) -> Noch zu erfassen | H18: =IF(INDEX('Feiertagsregeln'!$G$7:$G$96,MATCH($K18,'Feiertagsregeln'!$A$7:$A$96,0))="","Noch zu erfassen",INDEX('Feiertagsregeln'!$G$7:$G$96,MATCH($K18,'Feiertagsregeln'!$A$7:$A$96,0))) -> Noch zu erfassen | I18: =INDEX('Feiertagsregeln'!$H$7:$H$96,MATCH($K18,'Feiertagsregeln'!$A$7:$A$96,0)) -> publicHoliday | J18: =INDEX('Feiertagsregeln'!$R$7:$R$96,MATCH($K18,'Feiertagsregeln'!$A$7:$A$96,0)) -> approved | K18: BE-CAL-HOL-CHRISTMAS | L18: =INDEX('Feiertagsregeln'!$Y$7:$Y$96,MATCH($K18,'Feiertagsregeln'!$A$7:$A$96,0)) -> SRC-FRG-BE-20210401 | M18: =INDEX('Feiertagsregeln'!$Z$7:$Z$96,MATCH($K18,'Feiertagsregeln'!$A$7:$A$96,0)) -> Art. 2 Abs. 1 Bst. b | N18: Referenzbestand
A19: =INDEX('Feiertagsregeln'!$X$7:$X$96,MATCH($K19,'Feiertagsregeln'!$A$7:$A$96,0)) -> 46747 | B19: =IF(ISNUMBER(A19),CHOOSE(WEEKDAY(A19,2),"Montag","Dienstag","Mittwoch","Donnerstag","Freitag","Samstag","Sonntag"),"n.a.") -> Sonntag | C19: CH-BE | D19: Kanton Bern | E19: =INDEX('Feiertagsregeln'!$D$7:$D$96,MATCH($K19,'Feiertagsregeln'!$A$7:$A$96,0)) -> Stephanstag | F19: =INDEX('Feiertagsregeln'!$E$7:$E$96,MATCH($K19,'Feiertagsregeln'!$A$7:$A$96,0)) -> Saint-Étienne | G19: =IF(INDEX('Feiertagsregeln'!$F$7:$F$96,MATCH($K19,'Feiertagsregeln'!$A$7:$A$96,0))="","Noch zu erfassen",INDEX('Feiertagsregeln'!$F$7:$F$96,MATCH($K19,'Feiertagsregeln'!$A$7:$A$96,0))) -> Noch zu erfassen | H19: =IF(INDEX('Feiertagsregeln'!$G$7:$G$96,MATCH($K19,'Feiertagsregeln'!$A$7:$A$96,0))="","Noch zu erfassen",INDEX('Feiertagsregeln'!$G$7:$G$96,MATCH($K19,'Feiertagsregeln'!$A$7:$A$96,0))) -> Noch zu erfassen | I19: =INDEX('Feiertagsregeln'!$H$7:$H$96,MATCH($K19,'Feiertagsregeln'!$A$7:$A$96,0)) -> publicHoliday | J19: =INDEX('Feiertagsregeln'!$R$7:$R$96,MATCH($K19,'Feiertagsregeln'!$A$7:$A$96,0)) -> approved | K19: BE-CAL-HOL-ST-STEPHEN | L19: =INDEX('Feiertagsregeln'!$Y$7:$Y$96,MATCH($K19,'Feiertagsregeln'!$A$7:$A$96,0)) -> SRC-FRG-BE-20210401 | M19: =INDEX('Feiertagsregeln'!$Z$7:$Z$96,MATCH($K19,'Feiertagsregeln'!$A$7:$A$96,0)) -> Art. 2 Abs. 1 Bst. c | N19: Referenzbestand
A20: =INDEX('Feiertagsregeln'!$X$7:$X$96,MATCH($K20,'Feiertagsregeln'!$A$7:$A$96,0)) -> 46534 | B20: =IF(ISNUMBER(A20),CHOOSE(WEEKDAY(A20,2),"Montag","Dienstag","Mittwoch","Donnerstag","Freitag","Samstag","Sonntag"),"n.a.") -> Donnerstag | C20: CH-AG | D20: Bezirk Baden ohne Bergdietikon | E20: =INDEX('Feiertagsregeln'!$D$7:$D$96,MATCH($K20,'Feiertagsregeln'!$A$7:$A$96,0)) -> Fronleichnam | F20: =INDEX('Feiertagsregeln'!$E$7:$E$96,MATCH($K20,'Feiertagsregeln'!$A$7:$A$96,0)) -> Fête-Dieu | G20: =IF(INDEX('Feiertagsregeln'!$F$7:$F$96,MATCH($K20,'Feiertagsregeln'!$A$7:$A$96,0))="","Noch zu erfassen",INDEX('Feiertagsregeln'!$F$7:$F$96,MATCH($K20,'Feiertagsregeln'!$A$7:$A$96,0))) -> Noch zu erfassen | H20: =IF(INDEX('Feiertagsregeln'!$G$7:$G$96,MATCH($K20,'Feiertagsregeln'!$A$7:$A$96,0))="","Noch zu erfassen",INDEX('Feiertagsregeln'!$G$7:$G$96,MATCH($K20,'Feiertagsregeln'!$A$7:$A$96,0))) -> Noch zu erfassen | I20: =INDEX('Feiertagsregeln'!$H$7:$H$96,MATCH($K20,'Feiertagsregeln'!$A$7:$A$96,0)) -> labourLawHoliday | J20: open | K20: AG-WORK-HOL-CORPUS-CHRISTI | L20: =INDEX('Feiertagsregeln'!$Y$7:$Y$96,MATCH($K20,'Feiertagsregeln'!$A$7:$A$96,0)) -> SRC-AG-EGARR-20250901 | M20: =INDEX('Feiertagsregeln'!$Z$7:$Z$96,MATCH($K20,'Feiertagsregeln'!$A$7:$A$96,0)) -> § 6 Abs. 1 Bst. b Ziff. 2 | N20: Normliste erfasst, Fachfreigabe offen
A21: =INDEX('Feiertagsregeln'!$X$7:$X$96,MATCH($K21,'Feiertagsregeln'!$A$7:$A$96,0)) -> 46389 | B21: =IF(ISNUMBER(A21),CHOOSE(WEEKDAY(A21,2),"Montag","Dienstag","Mittwoch","Donnerstag","Freitag","Samstag","Sonntag"),"n.a.") -> Samstag | C21: CH-AG | D21: Gemeinde Bergdietikon | E21: =INDEX('Feiertagsregeln'!$D$7:$D$96,MATCH($K21,'Feiertagsregeln'!$A$7:$A$96,0)) -> Berchtoldstag | F21: =INDEX('Feiertagsregeln'!$E$7:$E$96,MATCH($K21,'Feiertagsregeln'!$A$7:$A$96,0)) -> Saint-Berchtold | G21: =IF(INDEX('Feiertagsregeln'!$F$7:$F$96,MATCH($K21,'Feiertagsregeln'!$A$7:$A$96,0))="","Noch zu erfassen",INDEX('Feiertagsregeln'!$F$7:$F$96,MATCH($K21,'Feiertagsregeln'!$A$7:$A$96,0))) -> Noch zu erfassen | H21: =IF(INDEX('Feiertagsregeln'!$G$7:$G$96,MATCH($K21,'Feiertagsregeln'!$A$7:$A$96,0))="","Noch zu erfassen",INDEX('Feiertagsregeln'!$G$7:$G$96,MATCH($K21,'Feiertagsregeln'!$A$7:$A$96,0))) -> Noch zu erfassen | I21: =INDEX('Feiertagsregeln'!$H$7:$H$96,MATCH($K21,'Feiertagsregeln'!$A$7:$A$96,0)) -> labourLawHoliday | J21: open | K21: AG-WORK-HOL-BERCHTOLD | L21: =INDEX('Feiertagsregeln'!$Y$7:$Y$96,MATCH($K21,'Feiertagsregeln'!$A$7:$A$96,0)) -> SRC-AG-EGARR-20250901 | M21: =INDEX('Feiertagsregeln'!$Z$7:$Z$96,MATCH($K21,'Feiertagsregeln'!$A$7:$A$96,0)) -> § 6 Abs. 1 Bst. b Ziff. 1 | N21: Normliste erfasst, Fachfreigabe offen
A22: =INDEX('Feiertagsregeln'!$X$7:$X$96,MATCH($K22,'Feiertagsregeln'!$A$7:$A$96,0)) -> 46692 | B22: =IF(ISNUMBER(A22),CHOOSE(WEEKDAY(A22,2),"Montag","Dienstag","Mittwoch","Donnerstag","Freitag","Samstag","Sonntag"),"n.a.") -> Montag | C22: CH-AG | D22: Aargau, prozessuale Zuordnung | E22: =INDEX('Feiertagsregeln'!$D$7:$D$96,MATCH($K22,'Feiertagsregeln'!$A$7:$A$96,0)) -> Allerheiligen | F22: =INDEX('Feiertagsregeln'!$E$7:$E$96,MATCH($K22,'Feiertagsregeln'!$A$7:$A$96,0)) -> Toussaint | G22: =IF(INDEX('Feiertagsregeln'!$F$7:$F$96,MATCH($K22,'Feiertagsregeln'!$A$7:$A$96,0))="","Noch zu erfassen",INDEX('Feiertagsregeln'!$F$7:$F$96,MATCH($K22,'Feiertagsregeln'!$A$7:$A$96,0))) -> Noch zu erfassen | H22: =IF(INDEX('Feiertagsregeln'!$G$7:$G$96,MATCH($K22,'Feiertagsregeln'!$A$7:$A$96,0))="","Noch zu erfassen",INDEX('Feiertagsregeln'!$G$7:$G$96,MATCH($K22,'Feiertagsregeln'!$A$7:$A$96,0))) -> Noch zu erfassen | I22: =INDEX('Feiertagsregeln'!$H$7:$H$96,MATCH($K22,'Feiertagsregeln'!$A$7:$A$96,0)) -> proceduralEquivalentDay | J22: open | K22: AG-PROC-DAY-ALL-SAINTS | L22: =INDEX('Feiertagsregeln'!$Y$7:$Y$96,MATCH($K22,'Feiertagsregeln'!$A$7:$A$96,0)) -> SRC-AG-EGZPO | M22: =INDEX('Feiertagsregeln'!$Z$7:$Z$96,MATCH($K22,'Feiertagsregeln'!$A$7:$A$96,0)) -> § 21 | N22: Normliste erfasst, Fachfreigabe offen
A23: =INDEX('Feiertagsregeln'!$X$7:$X$96,MATCH($K23,'Feiertagsregeln'!$A$7:$A$96,0)) -> 46388 | B23: =IF(ISNUMBER(A23),CHOOSE(WEEKDAY(A23,2),"Montag","Dienstag","Mittwoch","Donnerstag","Freitag","Samstag","Sonntag"),"n.a.") -> Freitag | C23: CH-AG | D23: Bezirke Aarau, Brugg, Kulm, Lenzburg und Zofingen | E23: =INDEX('Feiertagsregeln'!$D$7:$D$96,MATCH($K23,'Feiertagsregeln'!$A$7:$A$96,0)) -> Neujahr | F23: =INDEX('Feiertagsregeln'!$E$7:$E$96,MATCH($K23,'Feiertagsregeln'!$A$7:$A$96,0)) -> Nouvel An | G23: =IF(INDEX('Feiertagsregeln'!$F$7:$F$96,MATCH($K23,'Feiertagsregeln'!$A$7:$A$96,0))="","Noch zu erfassen",INDEX('Feiertagsregeln'!$F$7:$F$96,MATCH($K23,'Feiertagsregeln'!$A$7:$A$96,0))) -> Noch zu erfassen | H23: =IF(INDEX('Feiertagsregeln'!$G$7:$G$96,MATCH($K23,'Feiertagsregeln'!$A$7:$A$96,0))="","Noch zu erfassen",INDEX('Feiertagsregeln'!$G$7:$G$96,MATCH($K23,'Feiertagsregeln'!$A$7:$A$96,0))) -> Noch zu erfassen | I23: =INDEX('Feiertagsregeln'!$H$7:$H$96,MATCH($K23,'Feiertagsregeln'!$A$7:$A$96,0)) -> labourLawHoliday | J23: open | K23: AG-WORK-HOL-A-NEW-YEAR | L23: =INDEX('Feiertagsregeln'!$Y$7:$Y$96,MATCH($K23,'Feiertagsregeln'!$A$7:$A$96,0)) -> SRC-AG-EGARR-20250901 | M23: =INDEX('Feiertagsregeln'!$Z$7:$Z$96,MATCH($K23,'Feiertagsregeln'!$A$7:$A$96,0)) -> § 6 Abs. 1 Bst. a | N23: Normliste erfasst, Fachfreigabe offen
A24: =INDEX('Feiertagsregeln'!$X$7:$X$96,MATCH($K24,'Feiertagsregeln'!$A$7:$A$96,0)) -> 46389 | B24: =IF(ISNUMBER(A24),CHOOSE(WEEKDAY(A24,2),"Montag","Dienstag","Mittwoch","Donnerstag","Freitag","Samstag","Sonntag"),"n.a.") -> Samstag | C24: CH-AG | D24: Bezirke Aarau, Brugg, Kulm, Lenzburg und Zofingen | E24: =INDEX('Feiertagsregeln'!$D$7:$D$96,MATCH($K24,'Feiertagsregeln'!$A$7:$A$96,0)) -> Berchtoldstag | F24: =INDEX('Feiertagsregeln'!$E$7:$E$96,MATCH($K24,'Feiertagsregeln'!$A$7:$A$96,0)) -> Saint-Berchtold | G24: =IF(INDEX('Feiertagsregeln'!$F$7:$F$96,MATCH($K24,'Feiertagsregeln'!$A$7:$A$96,0))="","Noch zu erfassen",INDEX('Feiertagsregeln'!$F$7:$F$96,MATCH($K24,'Feiertagsregeln'!$A$7:$A$96,0))) -> Noch zu erfassen | H24: =IF(INDEX('Feiertagsregeln'!$G$7:$G$96,MATCH($K24,'Feiertagsregeln'!$A$7:$A$96,0))="","Noch zu erfassen",INDEX('Feiertagsregeln'!$G$7:$G$96,MATCH($K24,'Feiertagsregeln'!$A$7:$A$96,0))) -> Noch zu erfassen | I24: =INDEX('Feiertagsregeln'!$H$7:$H$96,MATCH($K24,'Feiertagsregeln'!$A$7:$A$96,0)) -> labourLawHoliday | J24: open | K24: AG-WORK-HOL-A-BERCHTOLD | L24: =INDEX('Feiertagsregeln'!$Y$7:$Y$96,MATCH($K24,'Feiertagsregeln'!$A$7:$A$96,0)) -> SRC-AG-EGARR-20250901 | M24: =INDEX('Feiertagsregeln'!$Z$7:$Z$96,MATCH($K24,'Feiertagsregeln'!$A$7:$A$96,0)) -> § 6 Abs. 1 Bst. a | N24: Normliste erfasst, Fachfreigabe offen
A25: =INDEX('Feiertagsregeln'!$X$7:$X$96,MATCH($K25,'Feiertagsregeln'!$A$7:$A$96,0)) -> 46472 | B25: =IF(ISNUMBER(A25),CHOOSE(WEEKDAY(A25,2),"Montag","Dienstag","Mittwoch","Donnerstag","Freitag","Samstag","Sonntag"),"n.a.") -> Freitag | C25: CH-AG | D25: Bezirke Aarau, Brugg, Kulm, Lenzburg und Zofingen | E25: =INDEX('Feiertagsregeln'!$D$7:$D$96,MATCH($K25,'Feiertagsregeln'!$A$7:$A$96,0)) -> Karfreitag | F25: =INDEX('Feiertagsregeln'!$E$7:$E$96,MATCH($K25,'Feiertagsregeln'!$A$7:$A$96,0)) -> Vendredi saint | G25: =IF(INDEX('Feiertagsregeln'!$F$7:$F$96,MATCH($K25,'Feiertagsregeln'!$A$7:$A$96,0))="","Noch zu erfassen",INDEX('Feiertagsregeln'!$F$7:$F$96,MATCH($K25,'Feiertagsregeln'!$A$7:$A$96,0))) -> Noch zu erfassen | H25: =IF(INDEX('Feiertagsregeln'!$G$7:$G$96,MATCH($K25,'Feiertagsregeln'!$A$7:$A$96,0))="","Noch zu erfassen",INDEX('Feiertagsregeln'!$G$7:$G$96,MATCH($K25,'Feiertagsregeln'!$A$7:$A$96,0))) -> Noch zu erfassen | I25: =INDEX('Feiertagsregeln'!$H$7:$H$96,MATCH($K25,'Feiertagsregeln'!$A$7:$A$96,0)) -> labourLawHoliday | J25: open | K25: AG-WORK-HOL-A-GOOD-FRIDAY | L25: =INDEX('Feiertagsregeln'!$Y$7:$Y$96,MATCH($K25,'Feiertagsregeln'!$A$7:$A$96,0)) -> SRC-AG-EGARR-20250901 | M25: =INDEX('Feiertagsregeln'!$Z$7:$Z$96,MATCH($K25,'Feiertagsregeln'!$A$7:$A$96,0)) -> § 6 Abs. 1 Bst. a | N25: Normliste erfasst, Fachfreigabe offen
A26: =INDEX('Feiertagsregeln'!$X$7:$X$96,MATCH($K26,'Feiertagsregeln'!$A$7:$A$96,0)) -> 46475 | B26: =IF(ISNUMBER(A26),CHOOSE(WEEKDAY(A26,2),"Montag","Dienstag","Mittwoch","Donnerstag","Freitag","Samstag","Sonntag"),"n.a.") -> Montag | C26: CH-AG | D26: Bezirke Aarau, Brugg, Kulm, Lenzburg und Zofingen | E26: =INDEX('Feiertagsregeln'!$D$7:$D$96,MATCH($K26,'Feiertagsregeln'!$A$7:$A$96,0)) -> Ostermontag | F26: =INDEX('Feiertagsregeln'!$E$7:$E$96,MATCH($K26,'Feiertagsregeln'!$A$7:$A$96,0)) -> Lundi de Pâques | G26: =IF(INDEX('Feiertagsregeln'!$F$7:$F$96,MATCH($K26,'Feiertagsregeln'!$A$7:$A$96,0))="","Noch zu erfassen",INDEX('Feiertagsregeln'!$F$7:$F$96,MATCH($K26,'Feiertagsregeln'!$A$7:$A$96,0))) -> Noch zu erfassen | H26: =IF(INDEX('Feiertagsregeln'!$G$7:$G$96,MATCH($K26,'Feiertagsregeln'!$A$7:$A$96,0))="","Noch zu erfassen",INDEX('Feiertagsregeln'!$G$7:$G$96,MATCH($K26,'Feiertagsregeln'!$A$7:$A$96,0))) -> Noch zu erfassen | I26: =INDEX('Feiertagsregeln'!$H$7:$H$96,MATCH($K26,'Feiertagsregeln'!$A$7:$A$96,0)) -> labourLawHoliday | J26: open | K26: AG-WORK-HOL-A-EASTER-MONDAY | L26: =INDEX('Feiertagsregeln'!$Y$7:$Y$96,MATCH($K26,'Feiertagsregeln'!$A$7:$A$96,0)) -> SRC-AG-EGARR-20250901 | M26: =INDEX('Feiertagsregeln'!$Z$7:$Z$96,MATCH($K26,'Feiertagsregeln'!$A$7:$A$96,0)) -> § 6 Abs. 1 Bst. a | N26: Normliste erfasst, Fachfreigabe offen
A27: =INDEX('Feiertagsregeln'!$X$7:$X$96,MATCH($K27,'Feiertagsregeln'!$A$7:$A$96,0)) -> 46513 | B27: =IF(ISNUMBER(A27),CHOOSE(WEEKDAY(A27,2),"Montag","Dienstag","Mittwoch","Donnerstag","Freitag","Samstag","Sonntag"),"n.a.") -> Donnerstag | C27: CH-AG | D27: Bezirke Aarau, Brugg, Kulm, Lenzburg und Zofingen | E27: =INDEX('Feiertagsregeln'!$D$7:$D$96,MATCH($K27,'Feiertagsregeln'!$A$7:$A$96,0)) -> Auffahrt | F27: =INDEX('Feiertagsregeln'!$E$7:$E$96,MATCH($K27,'Feiertagsregeln'!$A$7:$A$96,0)) -> Ascension | G27: =IF(INDEX('Feiertagsregeln'!$F$7:$F$96,MATCH($K27,'Feiertagsregeln'!$A$7:$A$96,0))="","Noch zu erfassen",INDEX('Feiertagsregeln'!$F$7:$F$96,MATCH($K27,'Feiertagsregeln'!$A$7:$A$96,0))) -> Noch zu erfassen | H27: =IF(INDEX('Feiertagsregeln'!$G$7:$G$96,MATCH($K27,'Feiertagsregeln'!$A$7:$A$96,0))="","Noch zu erfassen",INDEX('Feiertagsregeln'!$G$7:$G$96,MATCH($K27,'Feiertagsregeln'!$A$7:$A$96,0))) -> Noch zu erfassen | I27: =INDEX('Feiertagsregeln'!$H$7:$H$96,MATCH($K27,'Feiertagsregeln'!$A$7:$A$96,0)) -> labourLawHoliday | J27: open | K27: AG-WORK-HOL-A-ASCENSION | L27: =INDEX('Feiertagsregeln'!$Y$7:$Y$96,MATCH($K27,'Feiertagsregeln'!$A$7:$A$96,0)) -> SRC-AG-EGARR-20250901 | M27: =INDEX('Feiertagsregeln'!$Z$7:$Z$96,MATCH($K27,'Feiertagsregeln'!$A$7:$A$96,0)) -> § 6 Abs. 1 Bst. a | N27: Normliste erfasst, Fachfreigabe offen
A28: =INDEX('Feiertagsregeln'!$X$7:$X$96,MATCH($K28,'Feiertagsregeln'!$A$7:$A$96,0)) -> 46524 | B28: =IF(ISNUMBER(A28),CHOOSE(WEEKDAY(A28,2),"Montag","Dienstag","Mittwoch","Donnerstag","Freitag","Samstag","Sonntag"),"n.a.") -> Montag | C28: CH-AG | D28: Bezirke Aarau, Brugg, Kulm, Lenzburg und Zofingen | E28: =INDEX('Feiertagsregeln'!$D$7:$D$96,MATCH($K28,'Feiertagsregeln'!$A$7:$A$96,0)) -> Pfingstmontag | F28: =INDEX('Feiertagsregeln'!$E$7:$E$96,MATCH($K28,'Feiertagsregeln'!$A$7:$A$96,0)) -> Lundi de Pentecôte | G28: =IF(INDEX('Feiertagsregeln'!$F$7:$F$96,MATCH($K28,'Feiertagsregeln'!$A$7:$A$96,0))="","Noch zu erfassen",INDEX('Feiertagsregeln'!$F$7:$F$96,MATCH($K28,'Feiertagsregeln'!$A$7:$A$96,0))) -> Noch zu erfassen | H28: =IF(INDEX('Feiertagsregeln'!$G$7:$G$96,MATCH($K28,'Feiertagsregeln'!$A$7:$A$96,0))="","Noch zu erfassen",INDEX('Feiertagsregeln'!$G$7:$G$96,MATCH($K28,'Feiertagsregeln'!$A$7:$A$96,0))) -> Noch zu erfassen | I28: =INDEX('Feiertagsregeln'!$H$7:$H$96,MATCH($K28,'Feiertagsregeln'!$A$7:$A$96,0)) -> labourLawHoliday | J28: open | K28: AG-WORK-HOL-A-WHIT-MONDAY | L28: =INDEX('Feiertagsregeln'!$Y$7:$Y$96,MATCH($K28,'Feiertagsregeln'!$A$7:$A$96,0)) -> SRC-AG-EGARR-20250901 | M28: =INDEX('Feiertagsregeln'!$Z$7:$Z$96,MATCH($K28,'Feiertagsregeln'!$A$7:$A$96,0)) -> § 6 Abs. 1 Bst. a | N28: Normliste erfasst, Fachfreigabe offen
A29: =INDEX('Feiertagsregeln'!$X$7:$X$96,MATCH($K29,'Feiertagsregeln'!$A$7:$A$96,0)) -> 46746 | B29: =IF(ISNUMBER(A29),CHOOSE(WEEKDAY(A29,2),"Montag","Dienstag","Mittwoch","Donnerstag","Freitag","Samstag","Sonntag"),"n.a.") -> Samstag | C29: CH-AG | D29: Bezirke Aarau, Brugg, Kulm, Lenzburg und Zofingen | E29: =INDEX('Feiertagsregeln'!$D$7:$D$96,MATCH($K29,'Feiertagsregeln'!$A$7:$A$96,0)) -> Weihnachten | F29: =INDEX('Feiertagsregeln'!$E$7:$E$96,MATCH($K29,'Feiertagsregeln'!$A$7:$A$96,0)) -> Noël | G29: =IF(INDEX('Feiertagsregeln'!$F$7:$F$96,MATCH($K29,'Feiertagsregeln'!$A$7:$A$96,0))="","Noch zu erfassen",INDEX('Feiertagsregeln'!$F$7:$F$96,MATCH($K29,'Feiertagsregeln'!$A$7:$A$96,0))) -> Noch zu erfassen | H29: =IF(INDEX('Feiertagsregeln'!$G$7:$G$96,MATCH($K29,'Feiertagsregeln'!$A$7:$A$96,0))="","Noch zu erfassen",INDEX('Feiertagsregeln'!$G$7:$G$96,MATCH($K29,'Feiertagsregeln'!$A$7:$A$96,0))) -> Noch zu erfassen | I29: =INDEX('Feiertagsregeln'!$H$7:$H$96,MATCH($K29,'Feiertagsregeln'!$A$7:$A$96,0)) -> labourLawHoliday | J29: open | K29: AG-WORK-HOL-A-CHRISTMAS | L29: =INDEX('Feiertagsregeln'!$Y$7:$Y$96,MATCH($K29,'Feiertagsregeln'!$A$7:$A$96,0)) -> SRC-AG-EGARR-20250901 | M29: =INDEX('Feiertagsregeln'!$Z$7:$Z$96,MATCH($K29,'Feiertagsregeln'!$A$7:$A$96,0)) -> § 6 Abs. 1 Bst. a | N29: Normliste erfasst, Fachfreigabe offen
A30: =INDEX('Feiertagsregeln'!$X$7:$X$96,MATCH($K30,'Feiertagsregeln'!$A$7:$A$96,0)) -> 46747 | B30: =IF(ISNUMBER(A30),CHOOSE(WEEKDAY(A30,2),"Montag","Dienstag","Mittwoch","Donnerstag","Freitag","Samstag","Sonntag"),"n.a.") -> Sonntag | C30: CH-AG | D30: Bezirke Aarau, Brugg, Kulm, Lenzburg und Zofingen | E30: =INDEX('Feiertagsregeln'!$D$7:$D$96,MATCH($K30,'Feiertagsregeln'!$A$7:$A$96,0)) -> Stephanstag | F30: =INDEX('Feiertagsregeln'!$E$7:$E$96,MATCH($K30,'Feiertagsregeln'!$A$7:$A$96,0)) -> Saint-Étienne | G30: =IF(INDEX('Feiertagsregeln'!$F$7:$F$96,MATCH($K30,'Feiertagsregeln'!$A$7:$A$96,0))="","Noch zu erfassen",INDEX('Feiertagsregeln'!$F$7:$F$96,MATCH($K30,'Feiertagsregeln'!$A$7:$A$96,0))) -> Noch zu erfassen | H30: =IF(INDEX('Feiertagsregeln'!$G$7:$G$96,MATCH($K30,'Feiertagsregeln'!$A$7:$A$96,0))="","Noch zu erfassen",INDEX('Feiertagsregeln'!$G$7:$G$96,MATCH($K30,'Feiertagsregeln'!$A$7:$A$96,0))) -> Noch zu erfassen | I30: =INDEX('Feiertagsregeln'!$H$7:$H$96,MATCH($K30,'Feiertagsregeln'!$A$7:$A$96,0)) -> labourLawHoliday | J30: open | K30: AG-WORK-HOL-A-ST-STEPHEN | L30: =INDEX('Feiertagsregeln'!$Y$7:$Y$96,MATCH($K30,'Feiertagsregeln'!$A$7:$A$96,0)) -> SRC-AG-EGARR-20250901 | M30: =INDEX('Feiertagsregeln'!$Z$7:$Z$96,MATCH($K30,'Feiertagsregeln'!$A$7:$A$96,0)) -> § 6 Abs. 1 Bst. a | N30: Normliste erfasst, Fachfreigabe offen
A31: =INDEX('Feiertagsregeln'!$X$7:$X$96,MATCH($K31,'Feiertagsregeln'!$A$7:$A$96,0)) -> 46388 | B31: =IF(ISNUMBER(A31),CHOOSE(WEEKDAY(A31,2),"Montag","Dienstag","Mittwoch","Donnerstag","Freitag","Samstag","Sonntag"),"n.a.") -> Freitag | C31: CH-AG | D31: Gemeinde Bergdietikon | E31: =INDEX('Feiertagsregeln'!$D$7:$D$96,MATCH($K31,'Feiertagsregeln'!$A$7:$A$96,0)) -> Neujahr | F31: =INDEX('Feiertagsregeln'!$E$7:$E$96,MATCH($K31,'Feiertagsregeln'!$A$7:$A$96,0)) -> Nouvel An | G31: =IF(INDEX('Feiertagsregeln'!$F$7:$F$96,MATCH($K31,'Feiertagsregeln'!$A$7:$A$96,0))="","Noch zu erfassen",INDEX('Feiertagsregeln'!$F$7:$F$96,MATCH($K31,'Feiertagsregeln'!$A$7:$A$96,0))) -> Noch zu erfassen | H31: =IF(INDEX('Feiertagsregeln'!$G$7:$G$96,MATCH($K31,'Feiertagsregeln'!$A$7:$A$96,0))="","Noch zu erfassen",INDEX('Feiertagsregeln'!$G$7:$G$96,MATCH($K31,'Feiertagsregeln'!$A$7:$A$96,0))) -> Noch zu erfassen | I31: =INDEX('Feiertagsregeln'!$H$7:$H$96,MATCH($K31,'Feiertagsregeln'!$A$7:$A$96,0)) -> labourLawHoliday | J31: open | K31: AG-WORK-HOL-B1-NEW-YEAR | L31: =INDEX('Feiertagsregeln'!$Y$7:$Y$96,MATCH($K31,'Feiertagsregeln'!$A$7:$A$96,0)) -> SRC-AG-EGARR-20250901 | M31: =INDEX('Feiertagsregeln'!$Z$7:$Z$96,MATCH($K31,'Feiertagsregeln'!$A$7:$A$96,0)) -> § 6 Abs. 1 Bst. b Ziff. 1 | N31: Normliste erfasst, Fachfreigabe offen
... A105: =INDEX('Feiertagsregeln'!$X$7:$X$96,MATCH($K105,'Feiertagsregeln'!$A$7:$A$96,0)) -> 46600 | B105: =IF(ISNUMBER(A105),CHOOSE(WEEKDAY(A105,2),"Montag","Dienstag","Mittwoch","Donnerstag","Freitag","Samstag","Sonntag"),"n.a.") -> Sonntag | C105: CH-AG | D105: Bezirk Zurzach | E105: =INDEX('Feiertagsregeln'!$D$7:$D$96,MATCH($K105,'Feiertagsregeln'!$A$7:$A$96,0)) -> Bundesfeiertag | F105: =INDEX('Feiertagsregeln'!$E$7:$E$96,MATCH($K105,'Feiertagsregeln'!$A$7:$A$96,0)) -> Fête nationale | G105: =IF(INDEX('Feiertagsregeln'!$F$7:$F$96,MATCH($K105,'Feiertagsregeln'!$A$7:$A$96,0))="","Noch zu erfassen",INDEX('Feiertagsregeln'!$F$7:$F$96,MATCH($K105,'Feiertagsregeln'!$A$7:$A$96,0))) -> Noch zu erfassen | H105: =IF(INDEX('Feiertagsregeln'!$G$7:$G$96,MATCH($K105,'Feiertagsregeln'!$A$7:$A$96,0))="","Noch zu erfassen",INDEX('Feiertagsregeln'!$G$7:$G$96,MATCH($K105,'Feiertagsregeln'!$A$7:$A$96,0))) -> Noch zu erfassen | I105: =INDEX('Feiertagsregeln'!$H$7:$H$96,MATCH($K105,'Feiertagsregeln'!$A$7:$A$96,0)) -> publicHoliday | J105: open | K105: CH-CAL-HOL-NATIONAL-DAY | L105: =INDEX('Feiertagsregeln'!$Y$7:$Y$96,MATCH($K105,'Feiertagsregeln'!$A$7:$A$96,0)) -> SRC-BUNDESFEIERTAG-19940701 | M105: =INDEX('Feiertagsregeln'!$Z$7:$Z$96,MATCH($K105,'Feiertagsregeln'!$A$7:$A$96,0)) -> Art. 1 | N105: Normliste erfasst, Fachfreigabe offen
A106: =INDEX('Feiertagsregeln'!$X$7:$X$122,MATCH($K106,'Feiertagsregeln'!$A$7:$A$122,0)) -> 46388 | B106: =IF(ISNUMBER(A106),CHOOSE(WEEKDAY(A106,2),"Montag","Dienstag","Mittwoch","Donnerstag","Freitag","Samstag","Sonntag"),"n.a.") -> Freitag | C106: CH-TI | D106: Tessin, offizielle Feiertage | E106: =INDEX('Feiertagsregeln'!$D$7:$D$122,MATCH($K106,'Feiertagsregeln'!$A$7:$A$122,0)) -> Neujahr | F106: =INDEX('Feiertagsregeln'!$E$7:$E$122,MATCH($K106,'Feiertagsregeln'!$A$7:$A$122,0)) -> Nouvel An | G106: =IF(INDEX('Feiertagsregeln'!$F$7:$F$122,MATCH($K106,'Feiertagsregeln'!$A$7:$A$122,0))="","Noch zu erfassen",INDEX('Feiertagsregeln'!$F$7:$F$122,MATCH($K106,'Feiertagsregeln'!$A$7:$A$122,0))) -> Capo d’anno | H106: =IF(INDEX('Feiertagsregeln'!$G$7:$G$122,MATCH($K106,'Feiertagsregeln'!$A$7:$A$122,0))="","Noch zu erfassen",INDEX('Feiertagsregeln'!$G$7:$G$122,MATCH($K106,'Feiertagsregeln'!$A$7:$A$122,0))) -> Bumaun | I106: =INDEX('Feiertagsregeln'!$H$7:$H$122,MATCH($K106,'Feiertagsregeln'!$A$7:$A$122,0)) -> publicHoliday | J106: open | K106: TI-CAL-DAY-NEW-YEAR | L106: =INDEX('Feiertagsregeln'!$Y$7:$Y$122,MATCH($K106,'Feiertagsregeln'!$A$7:$A$122,0)) -> SRC-TI-FEIERTAGE-843200 | M106: =INDEX('Feiertagsregeln'!$Z$7:$Z$122,MATCH($K106,'Feiertagsregeln'!$A$7:$A$122,0)) -> Art. 1 | N106: Offizielle Feiertage. LPAmm-Zuordnung zur Fachprüfung
A107: =INDEX('Feiertagsregeln'!$X$7:$X$122,MATCH($K107,'Feiertagsregeln'!$A$7:$A$122,0)) -> 46393 | B107: =IF(ISNUMBER(A107),CHOOSE(WEEKDAY(A107,2),"Montag","Dienstag","Mittwoch","Donnerstag","Freitag","Samstag","Sonntag"),"n.a.") -> Mittwoch | C107: CH-TI | D107: Tessin, offizielle Feiertage | E107: =INDEX('Feiertagsregeln'!$D$7:$D$122,MATCH($K107,'Feiertagsregeln'!$A$7:$A$122,0)) -> Heilige Drei Könige | F107: =INDEX('Feiertagsregeln'!$E$7:$E$122,MATCH($K107,'Feiertagsregeln'!$A$7:$A$122,0)) -> Épiphanie | G107: =IF(INDEX('Feiertagsregeln'!$F$7:$F$122,MATCH($K107,'Feiertagsregeln'!$A$7:$A$122,0))="","Noch zu erfassen",INDEX('Feiertagsregeln'!$F$7:$F$122,MATCH($K107,'Feiertagsregeln'!$A$7:$A$122,0))) -> Epifania | H107: =IF(INDEX('Feiertagsregeln'!$G$7:$G$122,MATCH($K107,'Feiertagsregeln'!$A$7:$A$122,0))="","Noch zu erfassen",INDEX('Feiertagsregeln'!$G$7:$G$122,MATCH($K107,'Feiertagsregeln'!$A$7:$A$122,0))) -> Bavania | I107: =INDEX('Feiertagsregeln'!$H$7:$H$122,MATCH($K107,'Feiertagsregeln'!$A$7:$A$122,0)) -> publicHoliday | J107: open | K107: TI-CAL-DAY-EPIPHANY | L107: =INDEX('Feiertagsregeln'!$Y$7:$Y$122,MATCH($K107,'Feiertagsregeln'!$A$7:$A$122,0)) -> SRC-TI-FEIERTAGE-843200 | M107: =INDEX('Feiertagsregeln'!$Z$7:$Z$122,MATCH($K107,'Feiertagsregeln'!$A$7:$A$122,0)) -> Art. 1 | N107: LPAmm-Zuordnung zur Fachprüfung. RG: provisorische Produktübersetzung.
A108: =INDEX('Feiertagsregeln'!$X$7:$X$122,MATCH($K108,'Feiertagsregeln'!$A$7:$A$122,0)) -> 46465 | B108: =IF(ISNUMBER(A108),CHOOSE(WEEKDAY(A108,2),"Montag","Dienstag","Mittwoch","Donnerstag","Freitag","Samstag","Sonntag"),"n.a.") -> Freitag | C108: CH-TI | D108: Tessin, offizielle Feiertage | E108: =INDEX('Feiertagsregeln'!$D$7:$D$122,MATCH($K108,'Feiertagsregeln'!$A$7:$A$122,0)) -> Josefstag | F108: =INDEX('Feiertagsregeln'!$E$7:$E$122,MATCH($K108,'Feiertagsregeln'!$A$7:$A$122,0)) -> Saint-Joseph | G108: =IF(INDEX('Feiertagsregeln'!$F$7:$F$122,MATCH($K108,'Feiertagsregeln'!$A$7:$A$122,0))="","Noch zu erfassen",INDEX('Feiertagsregeln'!$F$7:$F$122,MATCH($K108,'Feiertagsregeln'!$A$7:$A$122,0))) -> San Giuseppe | H108: =IF(INDEX('Feiertagsregeln'!$G$7:$G$122,MATCH($K108,'Feiertagsregeln'!$A$7:$A$122,0))="","Noch zu erfassen",INDEX('Feiertagsregeln'!$G$7:$G$122,MATCH($K108,'Feiertagsregeln'!$A$7:$A$122,0))) -> Son Giusep | I108: =INDEX('Feiertagsregeln'!$H$7:$H$122,MATCH($K108,'Feiertagsregeln'!$A$7:$A$122,0)) -> publicHoliday | J108: open | K108: TI-CAL-DAY-ST-JOSEPH | L108: =INDEX('Feiertagsregeln'!$Y$7:$Y$122,MATCH($K108,'Feiertagsregeln'!$A$7:$A$122,0)) -> SRC-TI-FEIERTAGE-843200 | M108: =INDEX('Feiertagsregeln'!$Z$7:$Z$122,MATCH($K108,'Feiertagsregeln'!$A$7:$A$122,0)) -> Art. 1 | N108: LPAmm-Zuordnung zur Fachprüfung. RG: provisorische Produktübersetzung.
A109: =INDEX('Feiertagsregeln'!$X$7:$X$122,MATCH($K109,'Feiertagsregeln'!$A$7:$A$122,0)) -> 46475 | B109: =IF(ISNUMBER(A109),CHOOSE(WEEKDAY(A109,2),"Montag","Dienstag","Mittwoch","Donnerstag","Freitag","Samstag","Sonntag"),"n.a.") -> Montag | C109: CH-TI | D109: Tessin, offizielle Feiertage | E109: =INDEX('Feiertagsregeln'!$D$7:$D$122,MATCH($K109,'Feiertagsregeln'!$A$7:$A$122,0)) -> Ostermontag | F109: =INDEX('Feiertagsregeln'!$E$7:$E$122,MATCH($K109,'Feiertagsregeln'!$A$7:$A$122,0)) -> Lundi de Pâques | G109: =IF(INDEX('Feiertagsregeln'!$F$7:$F$122,MATCH($K109,'Feiertagsregeln'!$A$7:$A$122,0))="","Noch zu erfassen",INDEX('Feiertagsregeln'!$F$7:$F$122,MATCH($K109,'Feiertagsregeln'!$A$7:$A$122,0))) -> Lunedì di Pasqua | H109: =IF(INDEX('Feiertagsregeln'!$G$7:$G$122,MATCH($K109,'Feiertagsregeln'!$A$7:$A$122,0))="","Noch zu erfassen",INDEX('Feiertagsregeln'!$G$7:$G$122,MATCH($K109,'Feiertagsregeln'!$A$7:$A$122,0))) -> Glindesdi da Pasca | I109: =INDEX('Feiertagsregeln'!$H$7:$H$122,MATCH($K109,'Feiertagsregeln'!$A$7:$A$122,0)) -> publicHoliday | J109: open | K109: TI-CAL-DAY-EASTER-MONDAY | L109: =INDEX('Feiertagsregeln'!$Y$7:$Y$122,MATCH($K109,'Feiertagsregeln'!$A$7:$A$122,0)) -> SRC-TI-FEIERTAGE-843200 | M109: =INDEX('Feiertagsregeln'!$Z$7:$Z$122,MATCH($K109,'Feiertagsregeln'!$A$7:$A$122,0)) -> Art. 1 | N109: Offizielle Feiertage. LPAmm-Zuordnung zur Fachprüfung
A110: =INDEX('Feiertagsregeln'!$X$7:$X$122,MATCH($K110,'Feiertagsregeln'!$A$7:$A$122,0)) -> 46508 | B110: =IF(ISNUMBER(A110),CHOOSE(WEEKDAY(A110,2),"Montag","Dienstag","Mittwoch","Donnerstag","Freitag","Samstag","Sonntag"),"n.a.") -> Samstag | C110: CH-TI | D110: Tessin, offizielle Feiertage | E110: =INDEX('Feiertagsregeln'!$D$7:$D$122,MATCH($K110,'Feiertagsregeln'!$A$7:$A$122,0)) -> Tag der Arbeit (1. Mai) | F110: =INDEX('Feiertagsregeln'!$E$7:$E$122,MATCH($K110,'Feiertagsregeln'!$A$7:$A$122,0)) -> Fête du travail (1er mai) | G110: =IF(INDEX('Feiertagsregeln'!$F$7:$F$122,MATCH($K110,'Feiertagsregeln'!$A$7:$A$122,0))="","Noch zu erfassen",INDEX('Feiertagsregeln'!$F$7:$F$122,MATCH($K110,'Feiertagsregeln'!$A$7:$A$122,0))) -> Primo maggio | H110: =IF(INDEX('Feiertagsregeln'!$G$7:$G$122,MATCH($K110,'Feiertagsregeln'!$A$7:$A$122,0))="","Noch zu erfassen",INDEX('Feiertagsregeln'!$G$7:$G$122,MATCH($K110,'Feiertagsregeln'!$A$7:$A$122,0))) -> Di da la lavur (1. da matg) | I110: =INDEX('Feiertagsregeln'!$H$7:$H$122,MATCH($K110,'Feiertagsregeln'!$A$7:$A$122,0)) -> publicHoliday | J110: open | K110: TI-CAL-DAY-MAY1 | L110: =INDEX('Feiertagsregeln'!$Y$7:$Y$122,MATCH($K110,'Feiertagsregeln'!$A$7:$A$122,0)) -> SRC-TI-FEIERTAGE-843200 | M110: =INDEX('Feiertagsregeln'!$Z$7:$Z$122,MATCH($K110,'Feiertagsregeln'!$A$7:$A$122,0)) -> Art. 1 | N110: LPAmm-Zuordnung zur Fachprüfung. RG: provisorische Produktübersetzung.
A111: =INDEX('Feiertagsregeln'!$X$7:$X$122,MATCH($K111,'Feiertagsregeln'!$A$7:$A$122,0)) -> 46513 | B111: =IF(ISNUMBER(A111),CHOOSE(WEEKDAY(A111,2),"Montag","Dienstag","Mittwoch","Donnerstag","Freitag","Samstag","Sonntag"),"n.a.") -> Donnerstag | C111: CH-TI | D111: Tessin, offizielle Feiertage | E111: =INDEX('Feiertagsregeln'!$D$7:$D$122,MATCH($K111,'Feiertagsregeln'!$A$7:$A$122,0)) -> Auffahrt | F111: =INDEX('Feiertagsregeln'!$E$7:$E$122,MATCH($K111,'Feiertagsregeln'!$A$7:$A$122,0)) -> Ascension | G111: =IF(INDEX('Feiertagsregeln'!$F$7:$F$122,MATCH($K111,'Feiertagsregeln'!$A$7:$A$122,0))="","Noch zu erfassen",INDEX('Feiertagsregeln'!$F$7:$F$122,MATCH($K111,'Feiertagsregeln'!$A$7:$A$122,0))) -> Ascensione | H111: =IF(INDEX('Feiertagsregeln'!$G$7:$G$122,MATCH($K111,'Feiertagsregeln'!$A$7:$A$122,0))="","Noch zu erfassen",INDEX('Feiertagsregeln'!$G$7:$G$122,MATCH($K111,'Feiertagsregeln'!$A$7:$A$122,0))) -> Ascensiun | I111: =INDEX('Feiertagsregeln'!$H$7:$H$122,MATCH($K111,'Feiertagsregeln'!$A$7:$A$122,0)) -> publicHoliday | J111: open | K111: TI-CAL-DAY-ASCENSION | L111: =INDEX('Feiertagsregeln'!$Y$7:$Y$122,MATCH($K111,'Feiertagsregeln'!$A$7:$A$122,0)) -> SRC-TI-FEIERTAGE-843200 | M111: =INDEX('Feiertagsregeln'!$Z$7:$Z$122,MATCH($K111,'Feiertagsregeln'!$A$7:$A$122,0)) -> Art. 1 | N111: Offizielle Feiertage. LPAmm-Zuordnung zur Fachprüfung
A112: =INDEX('Feiertagsregeln'!$X$7:$X$122,MATCH($K112,'Feiertagsregeln'!$A$7:$A$122,0)) -> 46524 | B112: =IF(ISNUMBER(A112),CHOOSE(WEEKDAY(A112,2),"Montag","Dienstag","Mittwoch","Donnerstag","Freitag","Samstag","Sonntag"),"n.a.") -> Montag | C112: CH-TI | D112: Tessin, offizielle Feiertage | E112: =INDEX('Feiertagsregeln'!$D$7:$D$122,MATCH($K112,'Feiertagsregeln'!$A$7:$A$122,0)) -> Pfingstmontag | F112: =INDEX('Feiertagsregeln'!$E$7:$E$122,MATCH($K112,'Feiertagsregeln'!$A$7:$A$122,0)) -> Lundi de Pentecôte | G112: =IF(INDEX('Feiertagsregeln'!$F$7:$F$122,MATCH($K112,'Feiertagsregeln'!$A$7:$A$122,0))="","Noch zu erfassen",INDEX('Feiertagsregeln'!$F$7:$F$122,MATCH($K112,'Feiertagsregeln'!$A$7:$A$122,0))) -> Lunedì di Pentecoste | H112: =IF(INDEX('Feiertagsregeln'!$G$7:$G$122,MATCH($K112,'Feiertagsregeln'!$A$7:$A$122,0))="","Noch zu erfassen",INDEX('Feiertagsregeln'!$G$7:$G$122,MATCH($K112,'Feiertagsregeln'!$A$7:$A$122,0))) -> Glindesdi da Tschuncaisma | I112: =INDEX('Feiertagsregeln'!$H$7:$H$122,MATCH($K112,'Feiertagsregeln'!$A$7:$A$122,0)) -> publicHoliday | J112: open | K112: TI-CAL-DAY-WHIT-MONDAY | L112: =INDEX('Feiertagsregeln'!$Y$7:$Y$122,MATCH($K112,'Feiertagsregeln'!$A$7:$A$122,0)) -> SRC-TI-FEIERTAGE-843200 | M112: =INDEX('Feiertagsregeln'!$Z$7:$Z$122,MATCH($K112,'Feiertagsregeln'!$A$7:$A$122,0)) -> Art. 1 | N112: Offizielle Feiertage. LPAmm-Zuordnung zur Fachprüfung
A113: =INDEX('Feiertagsregeln'!$X$7:$X$122,MATCH($K113,'Feiertagsregeln'!$A$7:$A$122,0)) -> 46534 | B113: =IF(ISNUMBER(A113),CHOOSE(WEEKDAY(A113,2),"Montag","Dienstag","Mittwoch","Donnerstag","Freitag","Samstag","Sonntag"),"n.a.") -> Donnerstag | C113: CH-TI | D113: Tessin, offizielle Feiertage | E113: =INDEX('Feiertagsregeln'!$D$7:$D$122,MATCH($K113,'Feiertagsregeln'!$A$7:$A$122,0)) -> Fronleichnam | F113: =INDEX('Feiertagsregeln'!$E$7:$E$122,MATCH($K113,'Feiertagsregeln'!$A$7:$A$122,0)) -> Fête-Dieu | G113: =IF(INDEX('Feiertagsregeln'!$F$7:$F$122,MATCH($K113,'Feiertagsregeln'!$A$7:$A$122,0))="","Noch zu erfassen",INDEX('Feiertagsregeln'!$F$7:$F$122,MATCH($K113,'Feiertagsregeln'!$A$7:$A$122,0))) -> Corpus Domini | H113: =IF(INDEX('Feiertagsregeln'!$G$7:$G$122,MATCH($K113,'Feiertagsregeln'!$A$7:$A$122,0))="","Noch zu erfassen",INDEX('Feiertagsregeln'!$G$7:$G$122,MATCH($K113,'Feiertagsregeln'!$A$7:$A$122,0))) -> Sontgilcrest | I113: =INDEX('Feiertagsregeln'!$H$7:$H$122,MATCH($K113,'Feiertagsregeln'!$A$7:$A$122,0)) -> publicHoliday | J113: open | K113: TI-CAL-DAY-CORPUS-CHRISTI | L113: =INDEX('Feiertagsregeln'!$Y$7:$Y$122,MATCH($K113,'Feiertagsregeln'!$A$7:$A$122,0)) -> SRC-TI-FEIERTAGE-843200 | M113: =INDEX('Feiertagsregeln'!$Z$7:$Z$122,MATCH($K113,'Feiertagsregeln'!$A$7:$A$122,0)) -> Art. 1 | N113: LPAmm-Zuordnung zur Fachprüfung. RG: provisorische Produktübersetzung.
A114: =INDEX('Feiertagsregeln'!$X$7:$X$122,MATCH($K114,'Feiertagsregeln'!$A$7:$A$122,0)) -> 46567 | B114: =IF(ISNUMBER(A114),CHOOSE(WEEKDAY(A114,2),"Montag","Dienstag","Mittwoch","Donnerstag","Freitag","Samstag","Sonntag"),"n.a.") -> Dienstag | C114: CH-TI | D114: Tessin, offizielle Feiertage | E114: =INDEX('Feiertagsregeln'!$D$7:$D$122,MATCH($K114,'Feiertagsregeln'!$A$7:$A$122,0)) -> Peter und Paul | F114: =INDEX('Feiertagsregeln'!$E$7:$E$122,MATCH($K114,'Feiertagsregeln'!$A$7:$A$122,0)) -> Saints Pierre et Paul | G114: =IF(INDEX('Feiertagsregeln'!$F$7:$F$122,MATCH($K114,'Feiertagsregeln'!$A$7:$A$122,0))="","Noch zu erfassen",INDEX('Feiertagsregeln'!$F$7:$F$122,MATCH($K114,'Feiertagsregeln'!$A$7:$A$122,0))) -> San Pietro e Paolo | H114: =IF(INDEX('Feiertagsregeln'!$G$7:$G$122,MATCH($K114,'Feiertagsregeln'!$A$7:$A$122,0))="","Noch zu erfassen",INDEX('Feiertagsregeln'!$G$7:$G$122,MATCH($K114,'Feiertagsregeln'!$A$7:$A$122,0))) -> Son Peder e son Paul | I114: =INDEX('Feiertagsregeln'!$H$7:$H$122,MATCH($K114,'Feiertagsregeln'!$A$7:$A$122,0)) -> publicHoliday | J114: open | K114: TI-CAL-DAY-ST-PETER-PAUL | L114: =INDEX('Feiertagsregeln'!$Y$7:$Y$122,MATCH($K114,'Feiertagsregeln'!$A$7:$A$122,0)) -> SRC-TI-FEIERTAGE-843200 | M114: =INDEX('Feiertagsregeln'!$Z$7:$Z$122,MATCH($K114,'Feiertagsregeln'!$A$7:$A$122,0)) -> Art. 1 | N114: LPAmm-Zuordnung zur Fachprüfung. RG: provisorische Produktübersetzung.
A115: =INDEX('Feiertagsregeln'!$X$7:$X$122,MATCH($K115,'Feiertagsregeln'!$A$7:$A$122,0)) -> 46600 | B115: =IF(ISNUMBER(A115),CHOOSE(WEEKDAY(A115,2),"Montag","Dienstag","Mittwoch","Donnerstag","Freitag","Samstag","Sonntag"),"n.a.") -> Sonntag | C115: CH-TI | D115: Tessin, offizielle Feiertage | E115: =INDEX('Feiertagsregeln'!$D$7:$D$122,MATCH($K115,'Feiertagsregeln'!$A$7:$A$122,0)) -> Bundesfeiertag | F115: =INDEX('Feiertagsregeln'!$E$7:$E$122,MATCH($K115,'Feiertagsregeln'!$A$7:$A$122,0)) -> Fête nationale | G115: =IF(INDEX('Feiertagsregeln'!$F$7:$F$122,MATCH($K115,'Feiertagsregeln'!$A$7:$A$122,0))="","Noch zu erfassen",INDEX('Feiertagsregeln'!$F$7:$F$122,MATCH($K115,'Feiertagsregeln'!$A$7:$A$122,0))) -> Primo agosto | H115: =IF(INDEX('Feiertagsregeln'!$G$7:$G$122,MATCH($K115,'Feiertagsregeln'!$A$7:$A$122,0))="","Noch zu erfassen",INDEX('Feiertagsregeln'!$G$7:$G$122,MATCH($K115,'Feiertagsregeln'!$A$7:$A$122,0))) -> Festa naziunala svizra | I115: =INDEX('Feiertagsregeln'!$H$7:$H$122,MATCH($K115,'Feiertagsregeln'!$A$7:$A$122,0)) -> publicHoliday | J115: open | K115: TI-CAL-DAY-NATIONAL-DAY | L115: =INDEX('Feiertagsregeln'!$Y$7:$Y$122,MATCH($K115,'Feiertagsregeln'!$A$7:$A$122,0)) -> SRC-TI-FEIERTAGE-843200 | M115: =INDEX('Feiertagsregeln'!$Z$7:$Z$122,MATCH($K115,'Feiertagsregeln'!$A$7:$A$122,0)) -> Art. 1 | N115: Offizielle Feiertage. LPAmm-Zuordnung zur Fachprüfung
A116: =INDEX('Feiertagsregeln'!$X$7:$X$122,MATCH($K116,'Feiertagsregeln'!$A$7:$A$122,0)) -> 46614 | B116: =IF(ISNUMBER(A116),CHOOSE(WEEKDAY(A116,2),"Montag","Dienstag","Mittwoch","Donnerstag","Freitag","Samstag","Sonntag"),"n.a.") -> Sonntag | C116: CH-TI | D116: Tessin, offizielle Feiertage | E116: =INDEX('Feiertagsregeln'!$D$7:$D$122,MATCH($K116,'Feiertagsregeln'!$A$7:$A$122,0)) -> Mariä Himmelfahrt | F116: =INDEX('Feiertagsregeln'!$E$7:$E$122,MATCH($K116,'Feiertagsregeln'!$A$7:$A$122,0)) -> Assomption | G116: =IF(INDEX('Feiertagsregeln'!$F$7:$F$122,MATCH($K116,'Feiertagsregeln'!$A$7:$A$122,0))="","Noch zu erfassen",INDEX('Feiertagsregeln'!$F$7:$F$122,MATCH($K116,'Feiertagsregeln'!$A$7:$A$122,0))) -> Assunzione | H116: =IF(INDEX('Feiertagsregeln'!$G$7:$G$122,MATCH($K116,'Feiertagsregeln'!$A$7:$A$122,0))="","Noch zu erfassen",INDEX('Feiertagsregeln'!$G$7:$G$122,MATCH($K116,'Feiertagsregeln'!$A$7:$A$122,0))) -> Nossadunna d’avust | I116: =INDEX('Feiertagsregeln'!$H$7:$H$122,MATCH($K116,'Feiertagsregeln'!$A$7:$A$122,0)) -> publicHoliday | J116: open | K116: TI-CAL-DAY-ASSUMPTION | L116: =INDEX('Feiertagsregeln'!$Y$7:$Y$122,MATCH($K116,'Feiertagsregeln'!$A$7:$A$122,0)) -> SRC-TI-FEIERTAGE-843200 | M116: =INDEX('Feiertagsregeln'!$Z$7:$Z$122,MATCH($K116,'Feiertagsregeln'!$A$7:$A$122,0)) -> Art. 1 | N116: LPAmm-Zuordnung zur Fachprüfung. RG: provisorische Produktübersetzung.
A117: =INDEX('Feiertagsregeln'!$X$7:$X$122,MATCH($K117,'Feiertagsregeln'!$A$7:$A$122,0)) -> 46692 | B117: =IF(ISNUMBER(A117),CHOOSE(WEEKDAY(A117,2),"Montag","Dienstag","Mittwoch","Donnerstag","Freitag","Samstag","Sonntag"),"n.a.") -> Montag | C117: CH-TI | D117: Tessin, offizielle Feiertage | E117: =INDEX('Feiertagsregeln'!$D$7:$D$122,MATCH($K117,'Feiertagsregeln'!$A$7:$A$122,0)) -> Allerheiligen | F117: =INDEX('Feiertagsregeln'!$E$7:$E$122,MATCH($K117,'Feiertagsregeln'!$A$7:$A$122,0)) -> Toussaint | G117: =IF(INDEX('Feiertagsregeln'!$F$7:$F$122,MATCH($K117,'Feiertagsregeln'!$A$7:$A$122,0))="","Noch zu erfassen",INDEX('Feiertagsregeln'!$F$7:$F$122,MATCH($K117,'Feiertagsregeln'!$A$7:$A$122,0))) -> Ognissanti | H117: =IF(INDEX('Feiertagsregeln'!$G$7:$G$122,MATCH($K117,'Feiertagsregeln'!$A$7:$A$122,0))="","Noch zu erfassen",INDEX('Feiertagsregeln'!$G$7:$G$122,MATCH($K117,'Feiertagsregeln'!$A$7:$A$122,0))) -> Numnasontga | I117: =INDEX('Feiertagsregeln'!$H$7:$H$122,MATCH($K117,'Feiertagsregeln'!$A$7:$A$122,0)) -> publicHoliday | J117: open | K117: TI-CAL-DAY-ALL-SAINTS | L117: =INDEX('Feiertagsregeln'!$Y$7:$Y$122,MATCH($K117,'Feiertagsregeln'!$A$7:$A$122,0)) -> SRC-TI-FEIERTAGE-843200 | M117: =INDEX('Feiertagsregeln'!$Z$7:$Z$122,MATCH($K117,'Feiertagsregeln'!$A$7:$A$122,0)) -> Art. 1 | N117: LPAmm-Zuordnung zur Fachprüfung. RG: provisorische Produktübersetzung.
... A131: =INDEX('Feiertagsregeln'!$X$7:$X$122,MATCH($K131,'Feiertagsregeln'!$A$7:$A$122,0)) -> 46747 | B131: =IF(ISNUMBER(A131),CHOOSE(WEEKDAY(A131,2),"Montag","Dienstag","Mittwoch","Donnerstag","Freitag","Samstag","Sonntag"),"n.a.") -> Sonntag | C131: CH-GR | D131: Graubünden, kantonale Grundliste | E131: =INDEX('Feiertagsregeln'!$D$7:$D$122,MATCH($K131,'Feiertagsregeln'!$A$7:$A$122,0)) -> Stefanstag | F131: =INDEX('Feiertagsregeln'!$E$7:$E$122,MATCH($K131,'Feiertagsregeln'!$A$7:$A$122,0)) -> Saint-Étienne | G131: =IF(INDEX('Feiertagsregeln'!$F$7:$F$122,MATCH($K131,'Feiertagsregeln'!$A$7:$A$122,0))="","Noch zu erfassen",INDEX('Feiertagsregeln'!$F$7:$F$122,MATCH($K131,'Feiertagsregeln'!$A$7:$A$122,0))) -> Santo Stefano | H131: =IF(INDEX('Feiertagsregeln'!$G$7:$G$122,MATCH($K131,'Feiertagsregeln'!$A$7:$A$122,0))="","Noch zu erfassen",INDEX('Feiertagsregeln'!$G$7:$G$122,MATCH($K131,'Feiertagsregeln'!$A$7:$A$122,0))) -> Son Steffan | I131: =INDEX('Feiertagsregeln'!$H$7:$H$122,MATCH($K131,'Feiertagsregeln'!$A$7:$A$122,0)) -> publicHoliday | J131: open | K131: GR-CAL-DAY-ST-STEPHEN | L131: =INDEX('Feiertagsregeln'!$Y$7:$Y$122,MATCH($K131,'Feiertagsregeln'!$A$7:$A$122,0)) -> SRC-GR-RUHETAGE-520100-20160101 | M131: =INDEX('Feiertagsregeln'!$Z$7:$Z$122,MATCH($K131,'Feiertagsregeln'!$A$7:$A$122,0)) -> Art. 2 Abs. 1 Bst. b | N131: Kantonale Grundliste. VRG-Annahme und örtliche Fristwirkung offen

Sheet Gemeinwesen
A2: Gemeinwesen und Bearbeitungsstand
A4: Erfassungsstand und fachliche Freigabe sind getrennt. Leere Quellen sind noch zu erheben.
A6: Code | B6: Deutsch | C6: Französisch | D6: Italienisch | E6: Rumantsch Grischun | F6: Übergeordnet | G6: Erfassungsstand | H6: Fachstatus | I6: Amtliche Feiertagsquelle
A7: CH | B7: Bund | C7: Confédération | G7: Referenzpilot | H7: approved | I7: https://www.fedlex.admin.ch/eli/cc/1994/1340_1340_1340/de
A8: CH-ZH | B8: Zürich | C8: Zurich | F8: CH | G8: Nicht erhoben | H8: open | I8: Noch zu erheben
A9: CH-BE | B9: Bern | C9: Berne | F9: CH | G9: Referenzpilot | H9: approved | I9: https://www.belex.sites.be.ch/app/de/texts_of_law/555.1
A10: CH-LU | B10: Luzern | C10: Lucerne | F10: CH | G10: Nicht erhoben | H10: open | I10: Noch zu erheben
A11: CH-UR | B11: Uri | C11: Uri | F11: CH | G11: Nicht erhoben | H11: open | I11: Noch zu erheben
A12: CH-SZ | B12: Schwyz | C12: Schwytz | F12: CH | G12: Nicht erhoben | H12: open | I12: Noch zu erheben
A13: CH-OW | B13: Obwalden | C13: Obwald | F13: CH | G13: Nicht erhoben | H13: open | I13: Noch zu erheben
A14: CH-NW | B14: Nidwalden | C14: Nidwald | F14: CH | G14: Nicht erhoben | H14: open | I14: Noch zu erheben
A15: CH-GL | B15: Glarus | C15: Glaris | F15: CH | G15: Nicht erhoben | H15: open | I15: Noch zu erheben
A16: CH-ZG | B16: Zug | C16: Zoug | F16: CH | G16: Nicht erhoben | H16: open | I16: Noch zu erheben
A17: CH-FR | B17: Freiburg | C17: Fribourg | F17: CH | G17: Nicht erhoben | H17: open | I17: Noch zu erheben
A18: CH-SO | B18: Solothurn | C18: Soleure | F18: CH | G18: Nicht erhoben | H18: open | I18: Noch zu erheben
A19: CH-BS | B19: Basel-Stadt | C19: Bâle-Ville | F19: CH | G19: Nicht erhoben | H19: open | I19: Noch zu erheben
... A24: CH-SG | B24: St. Gallen | C24: Saint-Gall | F24: CH | G24: Nicht erhoben | H24: open | I24: Noch zu erheben
A25: CH-GR | B25: Graubünden | C25: Grisons | D25: Grigioni | E25: Grischun | F25: CH | G25: AP18B-02, kantonale Normliste erfasst, Fachabnahme offen | H25: open | I25: https://www.gr-lex.gr.ch/api/de/versions/2604/pdf_file
A26: CH-AG | B26: Aargau | C26: Argovie | F26: CH | G26: Kantonspaket AP18B-01, Fachabnahme offen | H26: open | I26: https://gesetzessammlungen.ag.ch/app/de/texts_of_law/961.200
A27: CH-TG | B27: Thurgau | C27: Thurgovie | F27: CH | G27: Nicht erhoben | H27: open | I27: Noch zu erheben
A28: CH-TI | B28: Tessin | C28: Tessin | D28: Ticino | E28: Tessin | F28: CH | G28: AP18B-02, kantonale Normliste erfasst, Fachabnahme offen | H28: open | I28: https://www3.ti.ch/CAN/RLeggi/public/index.php/raccolta-leggi/legge/num/568
A29: CH-VD | B29: Waadt | C29: Vaud | F29: CH | G29: Nicht erhoben | H29: open | I29: Noch zu erheben
A30: CH-VS | B30: Wallis | C30: Valais | F30: CH | G30: Nicht erhoben | H30: open | I30: Noch zu erheben
A31: CH-NE | B31: Neuenburg | C31: Neuchâtel | F31: CH | G31: Nicht erhoben | H31: open | I31: Noch zu erheben
A32: CH-GE | B32: Genf | C32: Genève | F32: CH | G32: Nicht erhoben | H32: open | I32: Noch zu erheben
A33: CH-JU | B33: Jura | C33: Jura | F33: CH | G33: Nicht erhoben | H33: open | I33: Noch zu erheben

Sheet Feiertagsregeln
A2: Feiertagsregeln und Berechnung
A4: Rechtskategorie und Geltungsbereich sind Pflicht. Datum und Gültigkeit rechts werden aus dem Kalenderjahr berechnet.
A6: Regel-ID | B6: Gemeinwesen | C6: Geltungs-ID | D6: Deutsch | E6: Französisch | F6: Italienisch | G6: Rumantsch Grischun | H6: Rechtskategorie | I6: Regeltyp | J6: Monat | K6: Tag | L6: Osterversatz | M6: ISO-Wochentag | N6: Vorkommen | O6: Gültig ab | P6: Gültig bis | Q6: Priorität | R6: Fachstatus | S6: Freigabebasis | T6: Wirkung | U6: Zielregel | V6: Exportklasse | W6: Rohdatum | X6: Datum im Geltungszeitraum | Y6: Quellen-ID | Z6: Fundstelle | AA6: Osterrechnung | AB6: Wert
A7: CH-CAL-HOL-NATIONAL-DAY | B7: CH | C7: CH-ALL | D7: Bundesfeiertag | E7: Fête nationale | H7: publicHoliday | I7: fixedMonthDay | J7: 8 | K7: 1 | O7: 34516 | Q7: 100 | R7: approved | S7: 2026-08-31-mvp-03-approved.1 | T7: add | V7: referenceOnly | W7: =IF(AND(ISNUMBER('Übersicht'!$B$4),'Übersicht'!$B$4=INT('Übersicht'!$B$4),'Übersicht'!$B$4>=2026,'Übersicht'!$B$4<=2028),IF(I7="fixedMonthDay",IF(AND(ISNUMBER(J7),ISNUMBER(K7),J7=INT(J7),K7=INT(K7),MONTH(DATE('Übersicht'!$B$4,J7,K7))=J7,DAY(DATE('Übersicht'!$B$4,J7,K7))=K7),DATE('Übersicht'!$B$4,J7,K7),NA()),IF(I7="easterOffsetDays",IF(AND(ISNUMBER(L7),L7=INT(L7),ABS(L7)<=366),$AB$23+L7,NA()),IF(I7="nthWeekdayOfMonth",IF(AND(ISNUMBER(J7),ISNUMBER(M7),ISNUMBER(N7),J7=INT(J7),M7=INT(M7),N7=INT(N7),J7>=1,J7<=12,M7>=1,M7<=7,N7>=1,N7<=5,MONTH(DATE('Übersicht'!$B$4,J7,1)+MOD(M7-WEEKDAY(DATE('Übersicht'!$B$4,J7,1),2),7)+7*(N7-1))=J7),DATE('Übersicht'!$B$4,J7,1)+MOD(M7-WEEKDAY(DATE('Übersicht'!$B$4,J7,1),2),7)+7*(N7-1),NA()),NA()))),NA()) -> 46600 | X7: =IF(AND(W7>=O7,OR(P7="",W7<=P7)),W7,"Ausserhalb Geltung") -> 46600 | Y7: SRC-BUNDESFEIERTAG-19940701 | Z7: Art. 1 | AA7: Jahr | AB7: ='Übersicht'!$B$4 -> 2027
A8: BE-CAL-HOL-NEW-YEAR | B8: CH-BE | C8: BE-ALL | D8: Neujahr | E8: Nouvel An | H8: publicHoliday | I8: fixedMonthDay | J8: 1 | K8: 1 | O8: 46023 | Q8: 100 | R8: approved | S8: 2026-08-31-mvp-03-approved.1 | T8: add | V8: referenceOnly | W8: =IF(AND(ISNUMBER('Übersicht'!$B$4),'Übersicht'!$B$4=INT('Übersicht'!$B$4),'Übersicht'!$B$4>=2026,'Übersicht'!$B$4<=2028),IF(I8="fixedMonthDay",IF(AND(ISNUMBER(J8),ISNUMBER(K8),J8=INT(J8),K8=INT(K8),MONTH(DATE('Übersicht'!$B$4,J8,K8))=J8,DAY(DATE('Übersicht'!$B$4,J8,K8))=K8),DATE('Übersicht'!$B$4,J8,K8),NA()),IF(I8="easterOffsetDays",IF(AND(ISNUMBER(L8),L8=INT(L8),ABS(L8)<=366),$AB$23+L8,NA()),IF(I8="nthWeekdayOfMonth",IF(AND(ISNUMBER(J8),ISNUMBER(M8),ISNUMBER(N8),J8=INT(J8),M8=INT(M8),N8=INT(N8),J8>=1,J8<=12,M8>=1,M8<=7,N8>=1,N8<=5,MONTH(DATE('Übersicht'!$B$4,J8,1)+MOD(M8-WEEKDAY(DATE('Übersicht'!$B$4,J8,1),2),7)+7*(N8-1))=J8),DATE('Übersicht'!$B$4,J8,1)+MOD(M8-WEEKDAY(DATE('Übersicht'!$B$4,J8,1),2),7)+7*(N8-1),NA()),NA()))),NA()) -> 46388 | X8: =IF(AND(W8>=O8,OR(P8="",W8<=P8)),W8,"Ausserhalb Geltung") -> 46388 | Y8: SRC-FRG-BE-20210401 | Z8: Art. 2 Abs. 1 Bst. c | AA8: a | AB8: =MOD(AB7,19) -> 13
A9: BE-CAL-HOL-BERCHTOLD-DAY | B9: CH-BE | C9: BE-ALL | D9: Berchtoldstag | E9: Saint-Berchtold | H9: publicHoliday | I9: fixedMonthDay | J9: 1 | K9: 2 | O9: 46023 | Q9: 100 | R9: approved | S9: 2026-08-31-mvp-03-approved.1 | T9: add | V9: referenceOnly | W9: =IF(AND(ISNUMBER('Übersicht'!$B$4),'Übersicht'!$B$4=INT('Übersicht'!$B$4),'Übersicht'!$B$4>=2026,'Übersicht'!$B$4<=2028),IF(I9="fixedMonthDay",IF(AND(ISNUMBER(J9),ISNUMBER(K9),J9=INT(J9),K9=INT(K9),MONTH(DATE('Übersicht'!$B$4,J9,K9))=J9,DAY(DATE('Übersicht'!$B$4,J9,K9))=K9),DATE('Übersicht'!$B$4,J9,K9),NA()),IF(I9="easterOffsetDays",IF(AND(ISNUMBER(L9),L9=INT(L9),ABS(L9)<=366),$AB$23+L9,NA()),IF(I9="nthWeekdayOfMonth",IF(AND(ISNUMBER(J9),ISNUMBER(M9),ISNUMBER(N9),J9=INT(J9),M9=INT(M9),N9=INT(N9),J9>=1,J9<=12,M9>=1,M9<=7,N9>=1,N9<=5,MONTH(DATE('Übersicht'!$B$4,J9,1)+MOD(M9-WEEKDAY(DATE('Übersicht'!$B$4,J9,1),2),7)+7*(N9-1))=J9),DATE('Übersicht'!$B$4,J9,1)+MOD(M9-WEEKDAY(DATE('Übersicht'!$B$4,J9,1),2),7)+7*(N9-1),NA()),NA()))),NA()) -> 46389 | X9: =IF(AND(W9>=O9,OR(P9="",W9<=P9)),W9,"Ausserhalb Geltung") -> 46389 | Y9: SRC-FRG-BE-20210401 | Z9: Art. 2 Abs. 1 Bst. c | AA9: b | AB9: =INT(AB7/100) -> 20
A10: BE-CAL-HOL-GOOD-FRIDAY | B10: CH-BE | C10: BE-ALL | D10: Karfreitag | E10: Vendredi saint | H10: publicHoliday | I10: easterOffsetDays | L10: -2 | O10: 46023 | Q10: 100 | R10: approved | S10: 2026-08-31-mvp-03-approved.1 | T10: add | V10: referenceOnly | W10: =IF(AND(ISNUMBER('Übersicht'!$B$4),'Übersicht'!$B$4=INT('Übersicht'!$B$4),'Übersicht'!$B$4>=2026,'Übersicht'!$B$4<=2028),IF(I10="fixedMonthDay",IF(AND(ISNUMBER(J10),ISNUMBER(K10),J10=INT(J10),K10=INT(K10),MONTH(DATE('Übersicht'!$B$4,J10,K10))=J10,DAY(DATE('Übersicht'!$B$4,J10,K10))=K10),DATE('Übersicht'!$B$4,J10,K10),NA()),IF(I10="easterOffsetDays",IF(AND(ISNUMBER(L10),L10=INT(L10),ABS(L10)<=366),$AB$23+L10,NA()),IF(I10="nthWeekdayOfMonth",IF(AND(ISNUMBER(J10),ISNUMBER(M10),ISNUMBER(N10),J10=INT(J10),M10=INT(M10),N10=INT(N10),J10>=1,J10<=12,M10>=1,M10<=7,N10>=1,N10<=5,MONTH(DATE('Übersicht'!$B$4,J10,1)+MOD(M10-WEEKDAY(DATE('Übersicht'!$B$4,J10,1),2),7)+7*(N10-1))=J10),DATE('Übersicht'!$B$4,J10,1)+MOD(M10-WEEKDAY(DATE('Übersicht'!$B$4,J10,1),2),7)+7*(N10-1),NA()),NA()))),NA()) -> 46472 | X10: =IF(AND(W10>=O10,OR(P10="",W10<=P10)),W10,"Ausserhalb Geltung") -> 46472 | Y10: SRC-FRG-BE-20210401 | Z10: Art. 2 Abs. 1 Bst. b | AA10: c | AB10: =MOD(AB7,100) -> 27
A11: BE-CAL-HOL-EASTER | B11: CH-BE | C11: BE-ALL | D11: Ostern | E11: Pâques | H11: publicHoliday | I11: easterOffsetDays | L11: 0 | O11: 46023 | Q11: 100 | R11: approved | S11: 2026-08-31-mvp-03-approved.1 | T11: add | V11: referenceOnly | W11: =IF(AND(ISNUMBER('Übersicht'!$B$4),'Übersicht'!$B$4=INT('Übersicht'!$B$4),'Übersicht'!$B$4>=2026,'Übersicht'!$B$4<=2028),IF(I11="fixedMonthDay",IF(AND(ISNUMBER(J11),ISNUMBER(K11),J11=INT(J11),K11=INT(K11),MONTH(DATE('Übersicht'!$B$4,J11,K11))=J11,DAY(DATE('Übersicht'!$B$4,J11,K11))=K11),DATE('Übersicht'!$B$4,J11,K11),NA()),IF(I11="easterOffsetDays",IF(AND(ISNUMBER(L11),L11=INT(L11),ABS(L11)<=366),$AB$23+L11,NA()),IF(I11="nthWeekdayOfMonth",IF(AND(ISNUMBER(J11),ISNUMBER(M11),ISNUMBER(N11),J11=INT(J11),M11=INT(M11),N11=INT(N11),J11>=1,J11<=12,M11>=1,M11<=7,N11>=1,N11<=5,MONTH(DATE('Übersicht'!$B$4,J11,1)+MOD(M11-WEEKDAY(DATE('Übersicht'!$B$4,J11,1),2),7)+7*(N11-1))=J11),DATE('Übersicht'!$B$4,J11,1)+MOD(M11-WEEKDAY(DATE('Übersicht'!$B$4,J11,1),2),7)+7*(N11-1),NA()),NA()))),NA()) -> 46474 | X11: =IF(AND(W11>=O11,OR(P11="",W11<=P11)),W11,"Ausserhalb Geltung") -> 46474 | Y11: SRC-FRG-BE-20210401 | Z11: Art. 2 Abs. 1 Bst. b | AA11: d | AB11: =INT(AB9/4) -> 5
A12: BE-CAL-HOL-EASTER-MONDAY | B12: CH-BE | C12: BE-ALL | D12: Ostermontag | E12: Lundi de Pâques | H12: publicHoliday | I12: easterOffsetDays | L12: 1 | O12: 46023 | Q12: 100 | R12: approved | S12: 2026-08-31-mvp-03-approved.1 | T12: add | V12: referenceOnly | W12: =IF(AND(ISNUMBER('Übersicht'!$B$4),'Übersicht'!$B$4=INT('Übersicht'!$B$4),'Übersicht'!$B$4>=2026,'Übersicht'!$B$4<=2028),IF(I12="fixedMonthDay",IF(AND(ISNUMBER(J12),ISNUMBER(K12),J12=INT(J12),K12=INT(K12),MONTH(DATE('Übersicht'!$B$4,J12,K12))=J12,DAY(DATE('Übersicht'!$B$4,J12,K12))=K12),DATE('Übersicht'!$B$4,J12,K12),NA()),IF(I12="easterOffsetDays",IF(AND(ISNUMBER(L12),L12=INT(L12),ABS(L12)<=366),$AB$23+L12,NA()),IF(I12="nthWeekdayOfMonth",IF(AND(ISNUMBER(J12),ISNUMBER(M12),ISNUMBER(N12),J12=INT(J12),M12=INT(M12),N12=INT(N12),J12>=1,J12<=12,M12>=1,M12<=7,N12>=1,N12<=5,MONTH(DATE('Übersicht'!$B$4,J12,1)+MOD(M12-WEEKDAY(DATE('Übersicht'!$B$4,J12,1),2),7)+7*(N12-1))=J12),DATE('Übersicht'!$B$4,J12,1)+MOD(M12-WEEKDAY(DATE('Übersicht'!$B$4,J12,1),2),7)+7*(N12-1),NA()),NA()))),NA()) -> 46475 | X12: =IF(AND(W12>=O12,OR(P12="",W12<=P12)),W12,"Ausserhalb Geltung") -> 46475 | Y12: SRC-FRG-BE-20210401 | Z12: Art. 2 Abs. 1 Bst. c | AA12: e | AB12: =MOD(AB9,4) -> 0
A13: BE-CAL-HOL-ASCENSION | B13: CH-BE | C13: BE-ALL | D13: Auffahrt | E13: Ascension | H13: publicHoliday | I13: easterOffsetDays | L13: 39 | O13: 46023 | Q13: 100 | R13: approved | S13: 2026-08-31-mvp-03-approved.1 | T13: add | V13: referenceOnly | W13: =IF(AND(ISNUMBER('Übersicht'!$B$4),'Übersicht'!$B$4=INT('Übersicht'!$B$4),'Übersicht'!$B$4>=2026,'Übersicht'!$B$4<=2028),IF(I13="fixedMonthDay",IF(AND(ISNUMBER(J13),ISNUMBER(K13),J13=INT(J13),K13=INT(K13),MONTH(DATE('Übersicht'!$B$4,J13,K13))=J13,DAY(DATE('Übersicht'!$B$4,J13,K13))=K13),DATE('Übersicht'!$B$4,J13,K13),NA()),IF(I13="easterOffsetDays",IF(AND(ISNUMBER(L13),L13=INT(L13),ABS(L13)<=366),$AB$23+L13,NA()),IF(I13="nthWeekdayOfMonth",IF(AND(ISNUMBER(J13),ISNUMBER(M13),ISNUMBER(N13),J13=INT(J13),M13=INT(M13),N13=INT(N13),J13>=1,J13<=12,M13>=1,M13<=7,N13>=1,N13<=5,MONTH(DATE('Übersicht'!$B$4,J13,1)+MOD(M13-WEEKDAY(DATE('Übersicht'!$B$4,J13,1),2),7)+7*(N13-1))=J13),DATE('Übersicht'!$B$4,J13,1)+MOD(M13-WEEKDAY(DATE('Übersicht'!$B$4,J13,1),2),7)+7*(N13-1),NA()),NA()))),NA()) -> 46513 | X13: =IF(AND(W13>=O13,OR(P13="",W13<=P13)),W13,"Ausserhalb Geltung") -> 46513 | Y13: SRC-FRG-BE-20210401 | Z13: Art. 2 Abs. 1 Bst. b | AA13: f | AB13: =INT((AB9+8)/25) -> 1
A14: BE-CAL-HOL-PENTECOST | B14: CH-BE | C14: BE-ALL | D14: Pfingsten | E14: Pentecôte | H14: publicHoliday | I14: easterOffsetDays | L14: 49 | O14: 46023 | Q14: 100 | R14: approved | S14: 2026-08-31-mvp-03-approved.1 | T14: add | V14: referenceOnly | W14: =IF(AND(ISNUMBER('Übersicht'!$B$4),'Übersicht'!$B$4=INT('Übersicht'!$B$4),'Übersicht'!$B$4>=2026,'Übersicht'!$B$4<=2028),IF(I14="fixedMonthDay",IF(AND(ISNUMBER(J14),ISNUMBER(K14),J14=INT(J14),K14=INT(K14),MONTH(DATE('Übersicht'!$B$4,J14,K14))=J14,DAY(DATE('Übersicht'!$B$4,J14,K14))=K14),DATE('Übersicht'!$B$4,J14,K14),NA()),IF(I14="easterOffsetDays",IF(AND(ISNUMBER(L14),L14=INT(L14),ABS(L14)<=366),$AB$23+L14,NA()),IF(I14="nthWeekdayOfMonth",IF(AND(ISNUMBER(J14),ISNUMBER(M14),ISNUMBER(N14),J14=INT(J14),M14=INT(M14),N14=INT(N14),J14>=1,J14<=12,M14>=1,M14<=7,N14>=1,N14<=5,MONTH(DATE('Übersicht'!$B$4,J14,1)+MOD(M14-WEEKDAY(DATE('Übersicht'!$B$4,J14,1),2),7)+7*(N14-1))=J14),DATE('Übersicht'!$B$4,J14,1)+MOD(M14-WEEKDAY(DATE('Übersicht'!$B$4,J14,1),2),7)+7*(N14-1),NA()),NA()))),NA()) -> 46523 | X14: =IF(AND(W14>=O14,OR(P14="",W14<=P14)),W14,"Ausserhalb Geltung") -> 46523 | Y14: SRC-FRG-BE-20210401 | Z14: Art. 2 Abs. 1 Bst. b | AA14: g | AB14: =INT((AB9-AB13+1)/3) -> 6
A15: BE-CAL-HOL-WHIT-MONDAY | B15: CH-BE | C15: BE-ALL | D15: Pfingstmontag | E15: Lundi de Pentecôte | H15: publicHoliday | I15: easterOffsetDays | L15: 50 | O15: 46023 | Q15: 100 | R15: approved | S15: 2026-08-31-mvp-03-approved.1 | T15: add | V15: referenceOnly | W15: =IF(AND(ISNUMBER('Übersicht'!$B$4),'Übersicht'!$B$4=INT('Übersicht'!$B$4),'Übersicht'!$B$4>=2026,'Übersicht'!$B$4<=2028),IF(I15="fixedMonthDay",IF(AND(ISNUMBER(J15),ISNUMBER(K15),J15=INT(J15),K15=INT(K15),MONTH(DATE('Übersicht'!$B$4,J15,K15))=J15,DAY(DATE('Übersicht'!$B$4,J15,K15))=K15),DATE('Übersicht'!$B$4,J15,K15),NA()),IF(I15="easterOffsetDays",IF(AND(ISNUMBER(L15),L15=INT(L15),ABS(L15)<=366),$AB$23+L15,NA()),IF(I15="nthWeekdayOfMonth",IF(AND(ISNUMBER(J15),ISNUMBER(M15),ISNUMBER(N15),J15=INT(J15),M15=INT(M15),N15=INT(N15),J15>=1,J15<=12,M15>=1,M15<=7,N15>=1,N15<=5,MONTH(DATE('Übersicht'!$B$4,J15,1)+MOD(M15-WEEKDAY(DATE('Übersicht'!$B$4,J15,1),2),7)+7*(N15-1))=J15),DATE('Übersicht'!$B$4,J15,1)+MOD(M15-WEEKDAY(DATE('Übersicht'!$B$4,J15,1),2),7)+7*(N15-1),NA()),NA()))),NA()) -> 46524 | X15: =IF(AND(W15>=O15,OR(P15="",W15<=P15)),W15,"Ausserhalb Geltung") -> 46524 | Y15: SRC-FRG-BE-20210401 | Z15: Art. 2 Abs. 1 Bst. c | AA15: h | AB15: =MOD(19*AB8+AB9-AB11-AB14+15,30) -> 1
A16: BE-CAL-HOL-FEDERAL-FAST | B16: CH-BE | C16: BE-ALL | D16: Eidgenössischer Dank-, Buss- und Bettag | E16: Jeûne fédéral | H16: publicHoliday | I16: nthWeekdayOfMonth | J16: 9 | M16: 7 | N16: 3 | O16: 46023 | Q16: 100 | R16: approved | S16: 2026-08-31-mvp-03-approved.1 | T16: add | V16: referenceOnly | W16: =IF(AND(ISNUMBER('Übersicht'!$B$4),'Übersicht'!$B$4=INT('Übersicht'!$B$4),'Übersicht'!$B$4>=2026,'Übersicht'!$B$4<=2028),IF(I16="fixedMonthDay",IF(AND(ISNUMBER(J16),ISNUMBER(K16),J16=INT(J16),K16=INT(K16),MONTH(DATE('Übersicht'!$B$4,J16,K16))=J16,DAY(DATE('Übersicht'!$B$4,J16,K16))=K16),DATE('Übersicht'!$B$4,J16,K16),NA()),IF(I16="easterOffsetDays",IF(AND(ISNUMBER(L16),L16=INT(L16),ABS(L16)<=366),$AB$23+L16,NA()),IF(I16="nthWeekdayOfMonth",IF(AND(ISNUMBER(J16),ISNUMBER(M16),ISNUMBER(N16),J16=INT(J16),M16=INT(M16),N16=INT(N16),J16>=1,J16<=12,M16>=1,M16<=7,N16>=1,N16<=5,MONTH(DATE('Übersicht'!$B$4,J16,1)+MOD(M16-WEEKDAY(DATE('Übersicht'!$B$4,J16,1),2),7)+7*(N16-1))=J16),DATE('Übersicht'!$B$4,J16,1)+MOD(M16-WEEKDAY(DATE('Übersicht'!$B$4,J16,1),2),7)+7*(N16-1),NA()),NA()))),NA()) -> 46649 | X16: =IF(AND(W16>=O16,OR(P16="",W16<=P16)),W16,"Ausserhalb Geltung") -> 46649 | Y16: SRC-FRG-BE-20210401 | Z16: Art. 2 Abs. 1 Bst. b | AA16: i | AB16: =INT(AB10/4) -> 6
A17: BE-CAL-HOL-CHRISTMAS | B17: CH-BE | C17: BE-ALL | D17: Weihnachten | E17: Noël | H17: publicHoliday | I17: fixedMonthDay | J17: 12 | K17: 25 | O17: 46023 | Q17: 100 | R17: approved | S17: 2026-08-31-mvp-03-approved.1 | T17: add | V17: referenceOnly | W17: =IF(AND(ISNUMBER('Übersicht'!$B$4),'Übersicht'!$B$4=INT('Übersicht'!$B$4),'Übersicht'!$B$4>=2026,'Übersicht'!$B$4<=2028),IF(I17="fixedMonthDay",IF(AND(ISNUMBER(J17),ISNUMBER(K17),J17=INT(J17),K17=INT(K17),MONTH(DATE('Übersicht'!$B$4,J17,K17))=J17,DAY(DATE('Übersicht'!$B$4,J17,K17))=K17),DATE('Übersicht'!$B$4,J17,K17),NA()),IF(I17="easterOffsetDays",IF(AND(ISNUMBER(L17),L17=INT(L17),ABS(L17)<=366),$AB$23+L17,NA()),IF(I17="nthWeekdayOfMonth",IF(AND(ISNUMBER(J17),ISNUMBER(M17),ISNUMBER(N17),J17=INT(J17),M17=INT(M17),N17=INT(N17),J17>=1,J17<=12,M17>=1,M17<=7,N17>=1,N17<=5,MONTH(DATE('Übersicht'!$B$4,J17,1)+MOD(M17-WEEKDAY(DATE('Übersicht'!$B$4,J17,1),2),7)+7*(N17-1))=J17),DATE('Übersicht'!$B$4,J17,1)+MOD(M17-WEEKDAY(DATE('Übersicht'!$B$4,J17,1),2),7)+7*(N17-1),NA()),NA()))),NA()) -> 46746 | X17: =IF(AND(W17>=O17,OR(P17="",W17<=P17)),W17,"Ausserhalb Geltung") -> 46746 | Y17: SRC-FRG-BE-20210401 | Z17: Art. 2 Abs. 1 Bst. b | AA17: k | AB17: =MOD(AB10,4) -> 3
A18: BE-CAL-HOL-ST-STEPHEN | B18: CH-BE | C18: BE-ALL | D18: Stephanstag | E18: Saint-Étienne | H18: publicHoliday | I18: fixedMonthDay | J18: 12 | K18: 26 | O18: 46023 | Q18: 100 | R18: approved | S18: 2026-08-31-mvp-03-approved.1 | T18: add | V18: referenceOnly | W18: =IF(AND(ISNUMBER('Übersicht'!$B$4),'Übersicht'!$B$4=INT('Übersicht'!$B$4),'Übersicht'!$B$4>=2026,'Übersicht'!$B$4<=2028),IF(I18="fixedMonthDay",IF(AND(ISNUMBER(J18),ISNUMBER(K18),J18=INT(J18),K18=INT(K18),MONTH(DATE('Übersicht'!$B$4,J18,K18))=J18,DAY(DATE('Übersicht'!$B$4,J18,K18))=K18),DATE('Übersicht'!$B$4,J18,K18),NA()),IF(I18="easterOffsetDays",IF(AND(ISNUMBER(L18),L18=INT(L18),ABS(L18)<=366),$AB$23+L18,NA()),IF(I18="nthWeekdayOfMonth",IF(AND(ISNUMBER(J18),ISNUMBER(M18),ISNUMBER(N18),J18=INT(J18),M18=INT(M18),N18=INT(N18),J18>=1,J18<=12,M18>=1,M18<=7,N18>=1,N18<=5,MONTH(DATE('Übersicht'!$B$4,J18,1)+MOD(M18-WEEKDAY(DATE('Übersicht'!$B$4,J18,1),2),7)+7*(N18-1))=J18),DATE('Übersicht'!$B$4,J18,1)+MOD(M18-WEEKDAY(DATE('Übersicht'!$B$4,J18,1),2),7)+7*(N18-1),NA()),NA()))),NA()) -> 46747 | X18: =IF(AND(W18>=O18,OR(P18="",W18<=P18)),W18,"Ausserhalb Geltung") -> 46747 | Y18: SRC-FRG-BE-20210401 | Z18: Art. 2 Abs. 1 Bst. c | AA18: l | AB18: =MOD(32+2*AB12+2*AB16-AB15-AB17,7) -> 5
A19: AG-WORK-HOL-CORPUS-CHRISTI | B19: CH-AG | C19: AG-ARG-BADEN | D19: Fronleichnam | E19: Fête-Dieu | H19: labourLawHoliday | I19: easterOffsetDays | L19: 60 | O19: 46023 | Q19: 100 | R19: open | T19: add | V19: blockedScope | W19: =IF(AND(ISNUMBER('Übersicht'!$B$4),'Übersicht'!$B$4=INT('Übersicht'!$B$4),'Übersicht'!$B$4>=2026,'Übersicht'!$B$4<=2028),IF(I19="fixedMonthDay",IF(AND(ISNUMBER(J19),ISNUMBER(K19),J19=INT(J19),K19=INT(K19),MONTH(DATE('Übersicht'!$B$4,J19,K19))=J19,DAY(DATE('Übersicht'!$B$4,J19,K19))=K19),DATE('Übersicht'!$B$4,J19,K19),NA()),IF(I19="easterOffsetDays",IF(AND(ISNUMBER(L19),L19=INT(L19),ABS(L19)<=366),$AB$23+L19,NA()),IF(I19="nthWeekdayOfMonth",IF(AND(ISNUMBER(J19),ISNUMBER(M19),ISNUMBER(N19),J19=INT(J19),M19=INT(M19),N19=INT(N19),J19>=1,J19<=12,M19>=1,M19<=7,N19>=1,N19<=5,MONTH(DATE('Übersicht'!$B$4,J19,1)+MOD(M19-WEEKDAY(DATE('Übersicht'!$B$4,J19,1),2),7)+7*(N19-1))=J19),DATE('Übersicht'!$B$4,J19,1)+MOD(M19-WEEKDAY(DATE('Übersicht'!$B$4,J19,1),2),7)+7*(N19-1),NA()),NA()))),NA()) -> 46534 | X19: =IF(AND(W19>=O19,OR(P19="",W19<=P19)),W19,"Ausserhalb Geltung") -> 46534 | Y19: SRC-AG-EGARR-20250901 | Z19: § 6 Abs. 1 Bst. b Ziff. 2 | AA19: m | AB19: =INT((AB8+11*AB15+22*AB18)/451) -> 0
A20: AG-WORK-HOL-BERCHTOLD | B20: CH-AG | C20: AG-ARG-BERGDIETIKON | D20: Berchtoldstag | E20: Saint-Berchtold | H20: labourLawHoliday | I20: fixedMonthDay | J20: 1 | K20: 2 | O20: 46023 | Q20: 100 | R20: open | T20: add | V20: blockedScope | W20: =IF(AND(ISNUMBER('Übersicht'!$B$4),'Übersicht'!$B$4=INT('Übersicht'!$B$4),'Übersicht'!$B$4>=2026,'Übersicht'!$B$4<=2028),IF(I20="fixedMonthDay",IF(AND(ISNUMBER(J20),ISNUMBER(K20),J20=INT(J20),K20=INT(K20),MONTH(DATE('Übersicht'!$B$4,J20,K20))=J20,DAY(DATE('Übersicht'!$B$4,J20,K20))=K20),DATE('Übersicht'!$B$4,J20,K20),NA()),IF(I20="easterOffsetDays",IF(AND(ISNUMBER(L20),L20=INT(L20),ABS(L20)<=366),$AB$23+L20,NA()),IF(I20="nthWeekdayOfMonth",IF(AND(ISNUMBER(J20),ISNUMBER(M20),ISNUMBER(N20),J20=INT(J20),M20=INT(M20),N20=INT(N20),J20>=1,J20<=12,M20>=1,M20<=7,N20>=1,N20<=5,MONTH(DATE('Übersicht'!$B$4,J20,1)+MOD(M20-WEEKDAY(DATE('Übersicht'!$B$4,J20,1),2),7)+7*(N20-1))=J20),DATE('Übersicht'!$B$4,J20,1)+MOD(M20-WEEKDAY(DATE('Übersicht'!$B$4,J20,1),2),7)+7*(N20-1),NA()),NA()))),NA()) -> 46389 | X20: =IF(AND(W20>=O20,OR(P20="",W20<=P20)),W20,"Ausserhalb Geltung") -> 46389 | Y20: SRC-AG-EGARR-20250901 | Z20: § 6 Abs. 1 Bst. b Ziff. 1 | AA20: n | AB20: =AB15+AB18-7*AB19+114 -> 120
A21: AG-PROC-DAY-ALL-SAINTS | B21: CH-AG | C21: AG-ZPO-ALL | D21: Allerheiligen | E21: Toussaint | H21: proceduralEquivalentDay | I21: fixedMonthDay | J21: 11 | K21: 1 | O21: 46023 | Q21: 100 | R21: open | T21: add | V21: blockedEffect | W21: =IF(AND(ISNUMBER('Übersicht'!$B$4),'Übersicht'!$B$4=INT('Übersicht'!$B$4),'Übersicht'!$B$4>=2026,'Übersicht'!$B$4<=2028),IF(I21="fixedMonthDay",IF(AND(ISNUMBER(J21),ISNUMBER(K21),J21=INT(J21),K21=INT(K21),MONTH(DATE('Übersicht'!$B$4,J21,K21))=J21,DAY(DATE('Übersicht'!$B$4,J21,K21))=K21),DATE('Übersicht'!$B$4,J21,K21),NA()),IF(I21="easterOffsetDays",IF(AND(ISNUMBER(L21),L21=INT(L21),ABS(L21)<=366),$AB$23+L21,NA()),IF(I21="nthWeekdayOfMonth",IF(AND(ISNUMBER(J21),ISNUMBER(M21),ISNUMBER(N21),J21=INT(J21),M21=INT(M21),N21=INT(N21),J21>=1,J21<=12,M21>=1,M21<=7,N21>=1,N21<=5,MONTH(DATE('Übersicht'!$B$4,J21,1)+MOD(M21-WEEKDAY(DATE('Übersicht'!$B$4,J21,1),2),7)+7*(N21-1))=J21),DATE('Übersicht'!$B$4,J21,1)+MOD(M21-WEEKDAY(DATE('Übersicht'!$B$4,J21,1),2),7)+7*(N21-1),NA()),NA()))),NA()) -> 46692 | X21: =IF(AND(W21>=O21,OR(P21="",W21<=P21)),W21,"Ausserhalb Geltung") -> 46692 | Y21: SRC-AG-EGZPO | Z21: § 21 | AA21: Ostermonat | AB21: =INT(AB20/31) -> 3
A22: AG-WORK-HOL-A-NEW-YEAR | B22: CH-AG | C22: AG-ARG-AARAU-BRUGG-KULM-LENZBURG-ZOFINGEN | D22: Neujahr | E22: Nouvel An | H22: labourLawHoliday | I22: fixedMonthDay | J22: 1 | K22: 1 | O22: 46023 | Q22: 100 | R22: open | T22: add | V22: blockedScope | W22: =IF(AND(ISNUMBER('Übersicht'!$B$4),'Übersicht'!$B$4=INT('Übersicht'!$B$4),'Übersicht'!$B$4>=2026,'Übersicht'!$B$4<=2028),IF(I22="fixedMonthDay",IF(AND(ISNUMBER(J22),ISNUMBER(K22),J22=INT(J22),K22=INT(K22),MONTH(DATE('Übersicht'!$B$4,J22,K22))=J22,DAY(DATE('Übersicht'!$B$4,J22,K22))=K22),DATE('Übersicht'!$B$4,J22,K22),NA()),IF(I22="easterOffsetDays",IF(AND(ISNUMBER(L22),L22=INT(L22),ABS(L22)<=366),$AB$23+L22,NA()),IF(I22="nthWeekdayOfMonth",IF(AND(ISNUMBER(J22),ISNUMBER(M22),ISNUMBER(N22),J22=INT(J22),M22=INT(M22),N22=INT(N22),J22>=1,J22<=12,M22>=1,M22<=7,N22>=1,N22<=5,MONTH(DATE('Übersicht'!$B$4,J22,1)+MOD(M22-WEEKDAY(DATE('Übersicht'!$B$4,J22,1),2),7)+7*(N22-1))=J22),DATE('Übersicht'!$B$4,J22,1)+MOD(M22-WEEKDAY(DATE('Übersicht'!$B$4,J22,1),2),7)+7*(N22-1),NA()),NA()))),NA()) -> 46388 | X22: =IF(AND(W22>=O22,OR(P22="",W22<=P22)),W22,"Ausserhalb Geltung") -> 46388 | Y22: SRC-AG-EGARR-20250901 | Z22: § 6 Abs. 1 Bst. a | AA22: Ostertag | AB22: =MOD(AB20,31)+1 -> 28
A23: AG-WORK-HOL-A-BERCHTOLD | B23: CH-AG | C23: AG-ARG-AARAU-BRUGG-KULM-LENZBURG-ZOFINGEN | D23: Berchtoldstag | E23: Saint-Berchtold | H23: labourLawHoliday | I23: fixedMonthDay | J23: 1 | K23: 2 | O23: 46023 | Q23: 100 | R23: open | T23: add | V23: blockedScope | W23: =IF(AND(ISNUMBER('Übersicht'!$B$4),'Übersicht'!$B$4=INT('Übersicht'!$B$4),'Übersicht'!$B$4>=2026,'Übersicht'!$B$4<=2028),IF(I23="fixedMonthDay",IF(AND(ISNUMBER(J23),ISNUMBER(K23),J23=INT(J23),K23=INT(K23),MONTH(DATE('Übersicht'!$B$4,J23,K23))=J23,DAY(DATE('Übersicht'!$B$4,J23,K23))=K23),DATE('Übersicht'!$B$4,J23,K23),NA()),IF(I23="easterOffsetDays",IF(AND(ISNUMBER(L23),L23=INT(L23),ABS(L23)<=366),$AB$23+L23,NA()),IF(I23="nthWeekdayOfMonth",IF(AND(ISNUMBER(J23),ISNUMBER(M23),ISNUMBER(N23),J23=INT(J23),M23=INT(M23),N23=INT(N23),J23>=1,J23<=12,M23>=1,M23<=7,N23>=1,N23<=5,MONTH(DATE('Übersicht'!$B$4,J23,1)+MOD(M23-WEEKDAY(DATE('Übersicht'!$B$4,J23,1),2),7)+7*(N23-1))=J23),DATE('Übersicht'!$B$4,J23,1)+MOD(M23-WEEKDAY(DATE('Übersicht'!$B$4,J23,1),2),7)+7*(N23-1),NA()),NA()))),NA()) -> 46389 | X23: =IF(AND(W23>=O23,OR(P23="",W23<=P23)),W23,"Ausserhalb Geltung") -> 46389 | Y23: SRC-AG-EGARR-20250901 | Z23: § 6 Abs. 1 Bst. a | AA23: Ostersonntag | AB23: =DATE(AB7,AB21,AB22) -> 46474
A24: AG-WORK-HOL-A-GOOD-FRIDAY | B24: CH-AG | C24: AG-ARG-AARAU-BRUGG-KULM-LENZBURG-ZOFINGEN | D24: Karfreitag | E24: Vendredi saint | H24: labourLawHoliday | I24: easterOffsetDays | L24: -2 | O24: 46023 | Q24: 100 | R24: open | T24: add | V24: blockedScope | W24: =IF(AND(ISNUMBER('Übersicht'!$B$4),'Übersicht'!$B$4=INT('Übersicht'!$B$4),'Übersicht'!$B$4>=2026,'Übersicht'!$B$4<=2028),IF(I24="fixedMonthDay",IF(AND(ISNUMBER(J24),ISNUMBER(K24),J24=INT(J24),K24=INT(K24),MONTH(DATE('Übersicht'!$B$4,J24,K24))=J24,DAY(DATE('Übersicht'!$B$4,J24,K24))=K24),DATE('Übersicht'!$B$4,J24,K24),NA()),IF(I24="easterOffsetDays",IF(AND(ISNUMBER(L24),L24=INT(L24),ABS(L24)<=366),$AB$23+L24,NA()),IF(I24="nthWeekdayOfMonth",IF(AND(ISNUMBER(J24),ISNUMBER(M24),ISNUMBER(N24),J24=INT(J24),M24=INT(M24),N24=INT(N24),J24>=1,J24<=12,M24>=1,M24<=7,N24>=1,N24<=5,MONTH(DATE('Übersicht'!$B$4,J24,1)+MOD(M24-WEEKDAY(DATE('Übersicht'!$B$4,J24,1),2),7)+7*(N24-1))=J24),DATE('Übersicht'!$B$4,J24,1)+MOD(M24-WEEKDAY(DATE('Übersicht'!$B$4,J24,1),2),7)+7*(N24-1),NA()),NA()))),NA()) -> 46472 | X24: =IF(AND(W24>=O24,OR(P24="",W24<=P24)),W24,"Ausserhalb Geltung") -> 46472 | Y24: SRC-AG-EGARR-20250901 | Z24: § 6 Abs. 1 Bst. a
A25: AG-WORK-HOL-A-EASTER-MONDAY | B25: CH-AG | C25: AG-ARG-AARAU-BRUGG-KULM-LENZBURG-ZOFINGEN | D25: Ostermontag | E25: Lundi de Pâques | H25: labourLawHoliday | I25: easterOffsetDays | L25: 1 | O25: 46023 | Q25: 100 | R25: open | T25: add | V25: blockedScope | W25: =IF(AND(ISNUMBER('Übersicht'!$B$4),'Übersicht'!$B$4=INT('Übersicht'!$B$4),'Übersicht'!$B$4>=2026,'Übersicht'!$B$4<=2028),IF(I25="fixedMonthDay",IF(AND(ISNUMBER(J25),ISNUMBER(K25),J25=INT(J25),K25=INT(K25),MONTH(DATE('Übersicht'!$B$4,J25,K25))=J25,DAY(DATE('Übersicht'!$B$4,J25,K25))=K25),DATE('Übersicht'!$B$4,J25,K25),NA()),IF(I25="easterOffsetDays",IF(AND(ISNUMBER(L25),L25=INT(L25),ABS(L25)<=366),$AB$23+L25,NA()),IF(I25="nthWeekdayOfMonth",IF(AND(ISNUMBER(J25),ISNUMBER(M25),ISNUMBER(N25),J25=INT(J25),M25=INT(M25),N25=INT(N25),J25>=1,J25<=12,M25>=1,M25<=7,N25>=1,N25<=5,MONTH(DATE('Übersicht'!$B$4,J25,1)+MOD(M25-WEEKDAY(DATE('Übersicht'!$B$4,J25,1),2),7)+7*(N25-1))=J25),DATE('Übersicht'!$B$4,J25,1)+MOD(M25-WEEKDAY(DATE('Übersicht'!$B$4,J25,1),2),7)+7*(N25-1),NA()),NA()))),NA()) -> 46475 | X25: =IF(AND(W25>=O25,OR(P25="",W25<=P25)),W25,"Ausserhalb Geltung") -> 46475 | Y25: SRC-AG-EGARR-20250901 | Z25: § 6 Abs. 1 Bst. a
A26: AG-WORK-HOL-A-ASCENSION | B26: CH-AG | C26: AG-ARG-AARAU-BRUGG-KULM-LENZBURG-ZOFINGEN | D26: Auffahrt | E26: Ascension | H26: labourLawHoliday | I26: easterOffsetDays | L26: 39 | O26: 46023 | Q26: 100 | R26: open | T26: add | V26: blockedScope | W26: =IF(AND(ISNUMBER('Übersicht'!$B$4),'Übersicht'!$B$4=INT('Übersicht'!$B$4),'Übersicht'!$B$4>=2026,'Übersicht'!$B$4<=2028),IF(I26="fixedMonthDay",IF(AND(ISNUMBER(J26),ISNUMBER(K26),J26=INT(J26),K26=INT(K26),MONTH(DATE('Übersicht'!$B$4,J26,K26))=J26,DAY(DATE('Übersicht'!$B$4,J26,K26))=K26),DATE('Übersicht'!$B$4,J26,K26),NA()),IF(I26="easterOffsetDays",IF(AND(ISNUMBER(L26),L26=INT(L26),ABS(L26)<=366),$AB$23+L26,NA()),IF(I26="nthWeekdayOfMonth",IF(AND(ISNUMBER(J26),ISNUMBER(M26),ISNUMBER(N26),J26=INT(J26),M26=INT(M26),N26=INT(N26),J26>=1,J26<=12,M26>=1,M26<=7,N26>=1,N26<=5,MONTH(DATE('Übersicht'!$B$4,J26,1)+MOD(M26-WEEKDAY(DATE('Übersicht'!$B$4,J26,1),2),7)+7*(N26-1))=J26),DATE('Übersicht'!$B$4,J26,1)+MOD(M26-WEEKDAY(DATE('Übersicht'!$B$4,J26,1),2),7)+7*(N26-1),NA()),NA()))),NA()) -> 46513 | X26: =IF(AND(W26>=O26,OR(P26="",W26<=P26)),W26,"Ausserhalb Geltung") -> 46513 | Y26: SRC-AG-EGARR-20250901 | Z26: § 6 Abs. 1 Bst. a
A27: AG-WORK-HOL-A-WHIT-MONDAY | B27: CH-AG | C27: AG-ARG-AARAU-BRUGG-KULM-LENZBURG-ZOFINGEN | D27: Pfingstmontag | E27: Lundi de Pentecôte | H27: labourLawHoliday | I27: easterOffsetDays | L27: 50 | O27: 46023 | Q27: 100 | R27: open | T27: add | V27: blockedScope | W27: =IF(AND(ISNUMBER('Übersicht'!$B$4),'Übersicht'!$B$4=INT('Übersicht'!$B$4),'Übersicht'!$B$4>=2026,'Übersicht'!$B$4<=2028),IF(I27="fixedMonthDay",IF(AND(ISNUMBER(J27),ISNUMBER(K27),J27=INT(J27),K27=INT(K27),MONTH(DATE('Übersicht'!$B$4,J27,K27))=J27,DAY(DATE('Übersicht'!$B$4,J27,K27))=K27),DATE('Übersicht'!$B$4,J27,K27),NA()),IF(I27="easterOffsetDays",IF(AND(ISNUMBER(L27),L27=INT(L27),ABS(L27)<=366),$AB$23+L27,NA()),IF(I27="nthWeekdayOfMonth",IF(AND(ISNUMBER(J27),ISNUMBER(M27),ISNUMBER(N27),J27=INT(J27),M27=INT(M27),N27=INT(N27),J27>=1,J27<=12,M27>=1,M27<=7,N27>=1,N27<=5,MONTH(DATE('Übersicht'!$B$4,J27,1)+MOD(M27-WEEKDAY(DATE('Übersicht'!$B$4,J27,1),2),7)+7*(N27-1))=J27),DATE('Übersicht'!$B$4,J27,1)+MOD(M27-WEEKDAY(DATE('Übersicht'!$B$4,J27,1),2),7)+7*(N27-1),NA()),NA()))),NA()) -> 46524 | X27: =IF(AND(W27>=O27,OR(P27="",W27<=P27)),W27,"Ausserhalb Geltung") -> 46524 | Y27: SRC-AG-EGARR-20250901 | Z27: § 6 Abs. 1 Bst. a
A28: AG-WORK-HOL-A-CHRISTMAS | B28: CH-AG | C28: AG-ARG-AARAU-BRUGG-KULM-LENZBURG-ZOFINGEN | D28: Weihnachten | E28: Noël | H28: labourLawHoliday | I28: fixedMonthDay | J28: 12 | K28: 25 | O28: 46023 | Q28: 100 | R28: open | T28: add | V28: blockedScope | W28: =IF(AND(ISNUMBER('Übersicht'!$B$4),'Übersicht'!$B$4=INT('Übersicht'!$B$4),'Übersicht'!$B$4>=2026,'Übersicht'!$B$4<=2028),IF(I28="fixedMonthDay",IF(AND(ISNUMBER(J28),ISNUMBER(K28),J28=INT(J28),K28=INT(K28),MONTH(DATE('Übersicht'!$B$4,J28,K28))=J28,DAY(DATE('Übersicht'!$B$4,J28,K28))=K28),DATE('Übersicht'!$B$4,J28,K28),NA()),IF(I28="easterOffsetDays",IF(AND(ISNUMBER(L28),L28=INT(L28),ABS(L28)<=366),$AB$23+L28,NA()),IF(I28="nthWeekdayOfMonth",IF(AND(ISNUMBER(J28),ISNUMBER(M28),ISNUMBER(N28),J28=INT(J28),M28=INT(M28),N28=INT(N28),J28>=1,J28<=12,M28>=1,M28<=7,N28>=1,N28<=5,MONTH(DATE('Übersicht'!$B$4,J28,1)+MOD(M28-WEEKDAY(DATE('Übersicht'!$B$4,J28,1),2),7)+7*(N28-1))=J28),DATE('Übersicht'!$B$4,J28,1)+MOD(M28-WEEKDAY(DATE('Übersicht'!$B$4,J28,1),2),7)+7*(N28-1),NA()),NA()))),NA()) -> 46746 | X28: =IF(AND(W28>=O28,OR(P28="",W28<=P28)),W28,"Ausserhalb Geltung") -> 46746 | Y28: SRC-AG-EGARR-20250901 | Z28: § 6 Abs. 1 Bst. a
A29: AG-WORK-HOL-A-ST-STEPHEN | B29: CH-AG | C29: AG-ARG-AARAU-BRUGG-KULM-LENZBURG-ZOFINGEN | D29: Stephanstag | E29: Saint-Étienne | H29: labourLawHoliday | I29: fixedMonthDay | J29: 12 | K29: 26 | O29: 46023 | Q29: 100 | R29: open | T29: add | V29: blockedScope | W29: =IF(AND(ISNUMBER('Übersicht'!$B$4),'Übersicht'!$B$4=INT('Übersicht'!$B$4),'Übersicht'!$B$4>=2026,'Übersicht'!$B$4<=2028),IF(I29="fixedMonthDay",IF(AND(ISNUMBER(J29),ISNUMBER(K29),J29=INT(J29),K29=INT(K29),MONTH(DATE('Übersicht'!$B$4,J29,K29))=J29,DAY(DATE('Übersicht'!$B$4,J29,K29))=K29),DATE('Übersicht'!$B$4,J29,K29),NA()),IF(I29="easterOffsetDays",IF(AND(ISNUMBER(L29),L29=INT(L29),ABS(L29)<=366),$AB$23+L29,NA()),IF(I29="nthWeekdayOfMonth",IF(AND(ISNUMBER(J29),ISNUMBER(M29),ISNUMBER(N29),J29=INT(J29),M29=INT(M29),N29=INT(N29),J29>=1,J29<=12,M29>=1,M29<=7,N29>=1,N29<=5,MONTH(DATE('Übersicht'!$B$4,J29,1)+MOD(M29-WEEKDAY(DATE('Übersicht'!$B$4,J29,1),2),7)+7*(N29-1))=J29),DATE('Übersicht'!$B$4,J29,1)+MOD(M29-WEEKDAY(DATE('Übersicht'!$B$4,J29,1),2),7)+7*(N29-1),NA()),NA()))),NA()) -> 46747 | X29: =IF(AND(W29>=O29,OR(P29="",W29<=P29)),W29,"Ausserhalb Geltung") -> 46747 | Y29: SRC-AG-EGARR-20250901 | Z29: § 6 Abs. 1 Bst. a
A30: AG-WORK-HOL-B1-NEW-YEAR | B30: CH-AG | C30: AG-ARG-BERGDIETIKON | D30: Neujahr | E30: Nouvel An | H30: labourLawHoliday | I30: fixedMonthDay | J30: 1 | K30: 1 | O30: 46023 | Q30: 100 | R30: open | T30: add | V30: blockedScope | W30: =IF(AND(ISNUMBER('Übersicht'!$B$4),'Übersicht'!$B$4=INT('Übersicht'!$B$4),'Übersicht'!$B$4>=2026,'Übersicht'!$B$4<=2028),IF(I30="fixedMonthDay",IF(AND(ISNUMBER(J30),ISNUMBER(K30),J30=INT(J30),K30=INT(K30),MONTH(DATE('Übersicht'!$B$4,J30,K30))=J30,DAY(DATE('Übersicht'!$B$4,J30,K30))=K30),DATE('Übersicht'!$B$4,J30,K30),NA()),IF(I30="easterOffsetDays",IF(AND(ISNUMBER(L30),L30=INT(L30),ABS(L30)<=366),$AB$23+L30,NA()),IF(I30="nthWeekdayOfMonth",IF(AND(ISNUMBER(J30),ISNUMBER(M30),ISNUMBER(N30),J30=INT(J30),M30=INT(M30),N30=INT(N30),J30>=1,J30<=12,M30>=1,M30<=7,N30>=1,N30<=5,MONTH(DATE('Übersicht'!$B$4,J30,1)+MOD(M30-WEEKDAY(DATE('Übersicht'!$B$4,J30,1),2),7)+7*(N30-1))=J30),DATE('Übersicht'!$B$4,J30,1)+MOD(M30-WEEKDAY(DATE('Übersicht'!$B$4,J30,1),2),7)+7*(N30-1),NA()),NA()))),NA()) -> 46388 | X30: =IF(AND(W30>=O30,OR(P30="",W30<=P30)),W30,"Ausserhalb Geltung") -> 46388 | Y30: SRC-AG-EGARR-20250901 | Z30: § 6 Abs. 1 Bst. b Ziff. 1
A31: AG-WORK-HOL-B1-GOOD-FRIDAY | B31: CH-AG | C31: AG-ARG-BERGDIETIKON | D31: Karfreitag | E31: Vendredi saint | H31: labourLawHoliday | I31: easterOffsetDays | L31: -2 | O31: 46023 | Q31: 100 | R31: open | T31: add | V31: blockedScope | W31: =IF(AND(ISNUMBER('Übersicht'!$B$4),'Übersicht'!$B$4=INT('Übersicht'!$B$4),'Übersicht'!$B$4>=2026,'Übersicht'!$B$4<=2028),IF(I31="fixedMonthDay",IF(AND(ISNUMBER(J31),ISNUMBER(K31),J31=INT(J31),K31=INT(K31),MONTH(DATE('Übersicht'!$B$4,J31,K31))=J31,DAY(DATE('Übersicht'!$B$4,J31,K31))=K31),DATE('Übersicht'!$B$4,J31,K31),NA()),IF(I31="easterOffsetDays",IF(AND(ISNUMBER(L31),L31=INT(L31),ABS(L31)<=366),$AB$23+L31,NA()),IF(I31="nthWeekdayOfMonth",IF(AND(ISNUMBER(J31),ISNUMBER(M31),ISNUMBER(N31),J31=INT(J31),M31=INT(M31),N31=INT(N31),J31>=1,J31<=12,M31>=1,M31<=7,N31>=1,N31<=5,MONTH(DATE('Übersicht'!$B$4,J31,1)+MOD(M31-WEEKDAY(DATE('Übersicht'!$B$4,J31,1),2),7)+7*(N31-1))=J31),DATE('Übersicht'!$B$4,J31,1)+MOD(M31-WEEKDAY(DATE('Übersicht'!$B$4,J31,1),2),7)+7*(N31-1),NA()),NA()))),NA()) -> 46472 | X31: =IF(AND(W31>=O31,OR(P31="",W31<=P31)),W31,"Ausserhalb Geltung") -> 46472 | Y31: SRC-AG-EGARR-20250901 | Z31: § 6 Abs. 1 Bst. b Ziff. 1
A32: AG-WORK-HOL-B1-EASTER-MONDAY | B32: CH-AG | C32: AG-ARG-BERGDIETIKON | D32: Ostermontag | E32: Lundi de Pâques | H32: labourLawHoliday | I32: easterOffsetDays | L32: 1 | O32: 46023 | Q32: 100 | R32: open | T32: add | V32: blockedScope | W32: =IF(AND(ISNUMBER('Übersicht'!$B$4),'Übersicht'!$B$4=INT('Übersicht'!$B$4),'Übersicht'!$B$4>=2026,'Übersicht'!$B$4<=2028),IF(I32="fixedMonthDay",IF(AND(ISNUMBER(J32),ISNUMBER(K32),J32=INT(J32),K32=INT(K32),MONTH(DATE('Übersicht'!$B$4,J32,K32))=J32,DAY(DATE('Übersicht'!$B$4,J32,K32))=K32),DATE('Übersicht'!$B$4,J32,K32),NA()),IF(I32="easterOffsetDays",IF(AND(ISNUMBER(L32),L32=INT(L32),ABS(L32)<=366),$AB$23+L32,NA()),IF(I32="nthWeekdayOfMonth",IF(AND(ISNUMBER(J32),ISNUMBER(M32),ISNUMBER(N32),J32=INT(J32),M32=INT(M32),N32=INT(N32),J32>=1,J32<=12,M32>=1,M32<=7,N32>=1,N32<=5,MONTH(DATE('Übersicht'!$B$4,J32,1)+MOD(M32-WEEKDAY(DATE('Übersicht'!$B$4,J32,1),2),7)+7*(N32-1))=J32),DATE('Übersicht'!$B$4,J32,1)+MOD(M32-WEEKDAY(DATE('Übersicht'!$B$4,J32,1),2),7)+7*(N32-1),NA()),NA()))),NA()) -> 46475 | X32: =IF(AND(W32>=O32,OR(P32="",W32<=P32)),W32,"Ausserhalb Geltung") -> 46475 | Y32: SRC-AG-EGARR-20250901 | Z32: § 6 Abs. 1 Bst. b Ziff. 1
A33: AG-WORK-HOL-B1-ASCENSION | B33: CH-AG | C33: AG-ARG-BERGDIETIKON | D33: Auffahrt | E33: Ascension | H33: labourLawHoliday | I33: easterOffsetDays | L33: 39 | O33: 46023 | Q33: 100 | R33: open | T33: add | V33: blockedScope | W33: =IF(AND(ISNUMBER('Übersicht'!$B$4),'Übersicht'!$B$4=INT('Übersicht'!$B$4),'Übersicht'!$B$4>=2026,'Übersicht'!$B$4<=2028),IF(I33="fixedMonthDay",IF(AND(ISNUMBER(J33),ISNUMBER(K33),J33=INT(J33),K33=INT(K33),MONTH(DATE('Übersicht'!$B$4,J33,K33))=J33,DAY(DATE('Übersicht'!$B$4,J33,K33))=K33),DATE('Übersicht'!$B$4,J33,K33),NA()),IF(I33="easterOffsetDays",IF(AND(ISNUMBER(L33),L33=INT(L33),ABS(L33)<=366),$AB$23+L33,NA()),IF(I33="nthWeekdayOfMonth",IF(AND(ISNUMBER(J33),ISNUMBER(M33),ISNUMBER(N33),J33=INT(J33),M33=INT(M33),N33=INT(N33),J33>=1,J33<=12,M33>=1,M33<=7,N33>=1,N33<=5,MONTH(DATE('Übersicht'!$B$4,J33,1)+MOD(M33-WEEKDAY(DATE('Übersicht'!$B$4,J33,1),2),7)+7*(N33-1))=J33),DATE('Übersicht'!$B$4,J33,1)+MOD(M33-WEEKDAY(DATE('Übersicht'!$B$4,J33,1),2),7)+7*(N33-1),NA()),NA()))),NA()) -> 46513 | X33: =IF(AND(W33>=O33,OR(P33="",W33<=P33)),W33,"Ausserhalb Geltung") -> 46513 | Y33: SRC-AG-EGARR-20250901 | Z33: § 6 Abs. 1 Bst. b Ziff. 1
A34: AG-WORK-HOL-B1-WHIT-MONDAY | B34: CH-AG | C34: AG-ARG-BERGDIETIKON | D34: Pfingstmontag | E34: Lundi de Pentecôte | H34: labourLawHoliday | I34: easterOffsetDays | L34: 50 | O34: 46023 | Q34: 100 | R34: open | T34: add | V34: blockedScope | W34: =IF(AND(ISNUMBER('Übersicht'!$B$4),'Übersicht'!$B$4=INT('Übersicht'!$B$4),'Übersicht'!$B$4>=2026,'Übersicht'!$B$4<=2028),IF(I34="fixedMonthDay",IF(AND(ISNUMBER(J34),ISNUMBER(K34),J34=INT(J34),K34=INT(K34),MONTH(DATE('Übersicht'!$B$4,J34,K34))=J34,DAY(DATE('Übersicht'!$B$4,J34,K34))=K34),DATE('Übersicht'!$B$4,J34,K34),NA()),IF(I34="easterOffsetDays",IF(AND(ISNUMBER(L34),L34=INT(L34),ABS(L34)<=366),$AB$23+L34,NA()),IF(I34="nthWeekdayOfMonth",IF(AND(ISNUMBER(J34),ISNUMBER(M34),ISNUMBER(N34),J34=INT(J34),M34=INT(M34),N34=INT(N34),J34>=1,J34<=12,M34>=1,M34<=7,N34>=1,N34<=5,MONTH(DATE('Übersicht'!$B$4,J34,1)+MOD(M34-WEEKDAY(DATE('Übersicht'!$B$4,J34,1),2),7)+7*(N34-1))=J34),DATE('Übersicht'!$B$4,J34,1)+MOD(M34-WEEKDAY(DATE('Übersicht'!$B$4,J34,1),2),7)+7*(N34-1),NA()),NA()))),NA()) -> 46524 | X34: =IF(AND(W34>=O34,OR(P34="",W34<=P34)),W34,"Ausserhalb Geltung") -> 46524 | Y34: SRC-AG-EGARR-20250901 | Z34: § 6 Abs. 1 Bst. b Ziff. 1
A35: AG-WORK-HOL-B1-CHRISTMAS | B35: CH-AG | C35: AG-ARG-BERGDIETIKON | D35: Weihnachten | E35: Noël | H35: labourLawHoliday | I35: fixedMonthDay | J35: 12 | K35: 25 | O35: 46023 | Q35: 100 | R35: open | T35: add | V35: blockedScope | W35: =IF(AND(ISNUMBER('Übersicht'!$B$4),'Übersicht'!$B$4=INT('Übersicht'!$B$4),'Übersicht'!$B$4>=2026,'Übersicht'!$B$4<=2028),IF(I35="fixedMonthDay",IF(AND(ISNUMBER(J35),ISNUMBER(K35),J35=INT(J35),K35=INT(K35),MONTH(DATE('Übersicht'!$B$4,J35,K35))=J35,DAY(DATE('Übersicht'!$B$4,J35,K35))=K35),DATE('Übersicht'!$B$4,J35,K35),NA()),IF(I35="easterOffsetDays",IF(AND(ISNUMBER(L35),L35=INT(L35),ABS(L35)<=366),$AB$23+L35,NA()),IF(I35="nthWeekdayOfMonth",IF(AND(ISNUMBER(J35),ISNUMBER(M35),ISNUMBER(N35),J35=INT(J35),M35=INT(M35),N35=INT(N35),J35>=1,J35<=12,M35>=1,M35<=7,N35>=1,N35<=5,MONTH(DATE('Übersicht'!$B$4,J35,1)+MOD(M35-WEEKDAY(DATE('Übersicht'!$B$4,J35,1),2),7)+7*(N35-1))=J35),DATE('Übersicht'!$B$4,J35,1)+MOD(M35-WEEKDAY(DATE('Übersicht'!$B$4,J35,1),2),7)+7*(N35-1),NA()),NA()))),NA()) -> 46746 | X35: =IF(AND(W35>=O35,OR(P35="",W35<=P35)),W35,"Ausserhalb Geltung") -> 46746 | Y35: SRC-AG-EGARR-20250901 | Z35: § 6 Abs. 1 Bst. b Ziff. 1
A36: AG-WORK-HOL-B1-ST-STEPHEN | B36: CH-AG | C36: AG-ARG-BERGDIETIKON | D36: Stephanstag | E36: Saint-Étienne | H36: labourLawHoliday | I36: fixedMonthDay | J36: 12 | K36: 26 | O36: 46023 | Q36: 100 | R36: open | T36: add | V36: blockedScope | W36: =IF(AND(ISNUMBER('Übersicht'!$B$4),'Übersicht'!$B$4=INT('Übersicht'!$B$4),'Übersicht'!$B$4>=2026,'Übersicht'!$B$4<=2028),IF(I36="fixedMonthDay",IF(AND(ISNUMBER(J36),ISNUMBER(K36),J36=INT(J36),K36=INT(K36),MONTH(DATE('Übersicht'!$B$4,J36,K36))=J36,DAY(DATE('Übersicht'!$B$4,J36,K36))=K36),DATE('Übersicht'!$B$4,J36,K36),NA()),IF(I36="easterOffsetDays",IF(AND(ISNUMBER(L36),L36=INT(L36),ABS(L36)<=366),$AB$23+L36,NA()),IF(I36="nthWeekdayOfMonth",IF(AND(ISNUMBER(J36),ISNUMBER(M36),ISNUMBER(N36),J36=INT(J36),M36=INT(M36),N36=INT(N36),J36>=1,J36<=12,M36>=1,M36<=7,N36>=1,N36<=5,MONTH(DATE('Übersicht'!$B$4,J36,1)+MOD(M36-WEEKDAY(DATE('Übersicht'!$B$4,J36,1),2),7)+7*(N36-1))=J36),DATE('Übersicht'!$B$4,J36,1)+MOD(M36-WEEKDAY(DATE('Übersicht'!$B$4,J36,1),2),7)+7*(N36-1),NA()),NA()))),NA()) -> 46747 | X36: =IF(AND(W36>=O36,OR(P36="",W36<=P36)),W36,"Ausserhalb Geltung") -> 46747 | Y36: SRC-AG-EGARR-20250901 | Z36: § 6 Abs. 1 Bst. b Ziff. 1
A37: AG-WORK-HOL-B2-NEW-YEAR | B37: CH-AG | C37: AG-ARG-BADEN | D37: Neujahr | E37: Nouvel An | H37: labourLawHoliday | I37: fixedMonthDay | J37: 1 | K37: 1 | O37: 46023 | Q37: 100 | R37: open | T37: add | V37: blockedScope | W37: =IF(AND(ISNUMBER('Übersicht'!$B$4),'Übersicht'!$B$4=INT('Übersicht'!$B$4),'Übersicht'!$B$4>=2026,'Übersicht'!$B$4<=2028),IF(I37="fixedMonthDay",IF(AND(ISNUMBER(J37),ISNUMBER(K37),J37=INT(J37),K37=INT(K37),MONTH(DATE('Übersicht'!$B$4,J37,K37))=J37,DAY(DATE('Übersicht'!$B$4,J37,K37))=K37),DATE('Übersicht'!$B$4,J37,K37),NA()),IF(I37="easterOffsetDays",IF(AND(ISNUMBER(L37),L37=INT(L37),ABS(L37)<=366),$AB$23+L37,NA()),IF(I37="nthWeekdayOfMonth",IF(AND(ISNUMBER(J37),ISNUMBER(M37),ISNUMBER(N37),J37=INT(J37),M37=INT(M37),N37=INT(N37),J37>=1,J37<=12,M37>=1,M37<=7,N37>=1,N37<=5,MONTH(DATE('Übersicht'!$B$4,J37,1)+MOD(M37-WEEKDAY(DATE('Übersicht'!$B$4,J37,1),2),7)+7*(N37-1))=J37),DATE('Übersicht'!$B$4,J37,1)+MOD(M37-WEEKDAY(DATE('Übersicht'!$B$4,J37,1),2),7)+7*(N37-1),NA()),NA()))),NA()) -> 46388 | X37: =IF(AND(W37>=O37,OR(P37="",W37<=P37)),W37,"Ausserhalb Geltung") -> 46388 | Y37: SRC-AG-EGARR-20250901 | Z37: § 6 Abs. 1 Bst. b Ziff. 2
A38: AG-WORK-HOL-B2-GOOD-FRIDAY | B38: CH-AG | C38: AG-ARG-BADEN | D38: Karfreitag | E38: Vendredi saint | H38: labourLawHoliday | I38: easterOffsetDays | L38: -2 | O38: 46023 | Q38: 100 | R38: open | T38: add | V38: blockedScope | W38: =IF(AND(ISNUMBER('Übersicht'!$B$4),'Übersicht'!$B$4=INT('Übersicht'!$B$4),'Übersicht'!$B$4>=2026,'Übersicht'!$B$4<=2028),IF(I38="fixedMonthDay",IF(AND(ISNUMBER(J38),ISNUMBER(K38),J38=INT(J38),K38=INT(K38),MONTH(DATE('Übersicht'!$B$4,J38,K38))=J38,DAY(DATE('Übersicht'!$B$4,J38,K38))=K38),DATE('Übersicht'!$B$4,J38,K38),NA()),IF(I38="easterOffsetDays",IF(AND(ISNUMBER(L38),L38=INT(L38),ABS(L38)<=366),$AB$23+L38,NA()),IF(I38="nthWeekdayOfMonth",IF(AND(ISNUMBER(J38),ISNUMBER(M38),ISNUMBER(N38),J38=INT(J38),M38=INT(M38),N38=INT(N38),J38>=1,J38<=12,M38>=1,M38<=7,N38>=1,N38<=5,MONTH(DATE('Übersicht'!$B$4,J38,1)+MOD(M38-WEEKDAY(DATE('Übersicht'!$B$4,J38,1),2),7)+7*(N38-1))=J38),DATE('Übersicht'!$B$4,J38,1)+MOD(M38-WEEKDAY(DATE('Übersicht'!$B$4,J38,1),2),7)+7*(N38-1),NA()),NA()))),NA()) -> 46472 | X38: =IF(AND(W38>=O38,OR(P38="",W38<=P38)),W38,"Ausserhalb Geltung") -> 46472 | Y38: SRC-AG-EGARR-20250901 | Z38: § 6 Abs. 1 Bst. b Ziff. 2
A39: AG-WORK-HOL-B2-EASTER-MONDAY | B39: CH-AG | C39: AG-ARG-BADEN | D39: Ostermontag | E39: Lundi de Pâques | H39: labourLawHoliday | I39: easterOffsetDays | L39: 1 | O39: 46023 | Q39: 100 | R39: open | T39: add | V39: blockedScope | W39: =IF(AND(ISNUMBER('Übersicht'!$B$4),'Übersicht'!$B$4=INT('Übersicht'!$B$4),'Übersicht'!$B$4>=2026,'Übersicht'!$B$4<=2028),IF(I39="fixedMonthDay",IF(AND(ISNUMBER(J39),ISNUMBER(K39),J39=INT(J39),K39=INT(K39),MONTH(DATE('Übersicht'!$B$4,J39,K39))=J39,DAY(DATE('Übersicht'!$B$4,J39,K39))=K39),DATE('Übersicht'!$B$4,J39,K39),NA()),IF(I39="easterOffsetDays",IF(AND(ISNUMBER(L39),L39=INT(L39),ABS(L39)<=366),$AB$23+L39,NA()),IF(I39="nthWeekdayOfMonth",IF(AND(ISNUMBER(J39),ISNUMBER(M39),ISNUMBER(N39),J39=INT(J39),M39=INT(M39),N39=INT(N39),J39>=1,J39<=12,M39>=1,M39<=7,N39>=1,N39<=5,MONTH(DATE('Übersicht'!$B$4,J39,1)+MOD(M39-WEEKDAY(DATE('Übersicht'!$B$4,J39,1),2),7)+7*(N39-1))=J39),DATE('Übersicht'!$B$4,J39,1)+MOD(M39-WEEKDAY(DATE('Übersicht'!$B$4,J39,1),2),7)+7*(N39-1),NA()),NA()))),NA()) -> 46475 | X39: =IF(AND(W39>=O39,OR(P39="",W39<=P39)),W39,"Ausserhalb Geltung") -> 46475 | Y39: SRC-AG-EGARR-20250901 | Z39: § 6 Abs. 1 Bst. b Ziff. 2
A40: AG-WORK-HOL-B2-ASCENSION | B40: CH-AG | C40: AG-ARG-BADEN | D40: Auffahrt | E40: Ascension | H40: labourLawHoliday | I40: easterOffsetDays | L40: 39 | O40: 46023 | Q40: 100 | R40: open | T40: add | V40: blockedScope | W40: =IF(AND(ISNUMBER('Übersicht'!$B$4),'Übersicht'!$B$4=INT('Übersicht'!$B$4),'Übersicht'!$B$4>=2026,'Übersicht'!$B$4<=2028),IF(I40="fixedMonthDay",IF(AND(ISNUMBER(J40),ISNUMBER(K40),J40=INT(J40),K40=INT(K40),MONTH(DATE('Übersicht'!$B$4,J40,K40))=J40,DAY(DATE('Übersicht'!$B$4,J40,K40))=K40),DATE('Übersicht'!$B$4,J40,K40),NA()),IF(I40="easterOffsetDays",IF(AND(ISNUMBER(L40),L40=INT(L40),ABS(L40)<=366),$AB$23+L40,NA()),IF(I40="nthWeekdayOfMonth",IF(AND(ISNUMBER(J40),ISNUMBER(M40),ISNUMBER(N40),J40=INT(J40),M40=INT(M40),N40=INT(N40),J40>=1,J40<=12,M40>=1,M40<=7,N40>=1,N40<=5,MONTH(DATE('Übersicht'!$B$4,J40,1)+MOD(M40-WEEKDAY(DATE('Übersicht'!$B$4,J40,1),2),7)+7*(N40-1))=J40),DATE('Übersicht'!$B$4,J40,1)+MOD(M40-WEEKDAY(DATE('Übersicht'!$B$4,J40,1),2),7)+7*(N40-1),NA()),NA()))),NA()) -> 46513 | X40: =IF(AND(W40>=O40,OR(P40="",W40<=P40)),W40,"Ausserhalb Geltung") -> 46513 | Y40: SRC-AG-EGARR-20250901 | Z40: § 6 Abs. 1 Bst. b Ziff. 2
A41: AG-WORK-HOL-B2-WHIT-MONDAY | B41: CH-AG | C41: AG-ARG-BADEN | D41: Pfingstmontag | E41: Lundi de Pentecôte | H41: labourLawHoliday | I41: easterOffsetDays | L41: 50 | O41: 46023 | Q41: 100 | R41: open | T41: add | V41: blockedScope | W41: =IF(AND(ISNUMBER('Übersicht'!$B$4),'Übersicht'!$B$4=INT('Übersicht'!$B$4),'Übersicht'!$B$4>=2026,'Übersicht'!$B$4<=2028),IF(I41="fixedMonthDay",IF(AND(ISNUMBER(J41),ISNUMBER(K41),J41=INT(J41),K41=INT(K41),MONTH(DATE('Übersicht'!$B$4,J41,K41))=J41,DAY(DATE('Übersicht'!$B$4,J41,K41))=K41),DATE('Übersicht'!$B$4,J41,K41),NA()),IF(I41="easterOffsetDays",IF(AND(ISNUMBER(L41),L41=INT(L41),ABS(L41)<=366),$AB$23+L41,NA()),IF(I41="nthWeekdayOfMonth",IF(AND(ISNUMBER(J41),ISNUMBER(M41),ISNUMBER(N41),J41=INT(J41),M41=INT(M41),N41=INT(N41),J41>=1,J41<=12,M41>=1,M41<=7,N41>=1,N41<=5,MONTH(DATE('Übersicht'!$B$4,J41,1)+MOD(M41-WEEKDAY(DATE('Übersicht'!$B$4,J41,1),2),7)+7*(N41-1))=J41),DATE('Übersicht'!$B$4,J41,1)+MOD(M41-WEEKDAY(DATE('Übersicht'!$B$4,J41,1),2),7)+7*(N41-1),NA()),NA()))),NA()) -> 46524 | X41: =IF(AND(W41>=O41,OR(P41="",W41<=P41)),W41,"Ausserhalb Geltung") -> 46524 | Y41: SRC-AG-EGARR-20250901 | Z41: § 6 Abs. 1 Bst. b Ziff. 2
A42: AG-WORK-HOL-B2-CHRISTMAS | B42: CH-AG | C42: AG-ARG-BADEN | D42: Weihnachten | E42: Noël | H42: labourLawHoliday | I42: fixedMonthDay | J42: 12 | K42: 25 | O42: 46023 | Q42: 100 | R42: open | T42: add | V42: blockedScope | W42: =IF(AND(ISNUMBER('Übersicht'!$B$4),'Übersicht'!$B$4=INT('Übersicht'!$B$4),'Übersicht'!$B$4>=2026,'Übersicht'!$B$4<=2028),IF(I42="fixedMonthDay",IF(AND(ISNUMBER(J42),ISNUMBER(K42),J42=INT(J42),K42=INT(K42),MONTH(DATE('Übersicht'!$B$4,J42,K42))=J42,DAY(DATE('Übersicht'!$B$4,J42,K42))=K42),DATE('Übersicht'!$B$4,J42,K42),NA()),IF(I42="easterOffsetDays",IF(AND(ISNUMBER(L42),L42=INT(L42),ABS(L42)<=366),$AB$23+L42,NA()),IF(I42="nthWeekdayOfMonth",IF(AND(ISNUMBER(J42),ISNUMBER(M42),ISNUMBER(N42),J42=INT(J42),M42=INT(M42),N42=INT(N42),J42>=1,J42<=12,M42>=1,M42<=7,N42>=1,N42<=5,MONTH(DATE('Übersicht'!$B$4,J42,1)+MOD(M42-WEEKDAY(DATE('Übersicht'!$B$4,J42,1),2),7)+7*(N42-1))=J42),DATE('Übersicht'!$B$4,J42,1)+MOD(M42-WEEKDAY(DATE('Übersicht'!$B$4,J42,1),2),7)+7*(N42-1),NA()),NA()))),NA()) -> 46746 | X42: =IF(AND(W42>=O42,OR(P42="",W42<=P42)),W42,"Ausserhalb Geltung") -> 46746 | Y42: SRC-AG-EGARR-20250901 | Z42: § 6 Abs. 1 Bst. b Ziff. 2
A43: AG-WORK-HOL-B2-ST-STEPHEN | B43: CH-AG | C43: AG-ARG-BADEN | D43: Stephanstag | E43: Saint-Étienne | H43: labourLawHoliday | I43: fixedMonthDay | J43: 12 | K43: 26 | O43: 46023 | Q43: 100 | R43: open | T43: add | V43: blockedScope | W43: =IF(AND(ISNUMBER('Übersicht'!$B$4),'Übersicht'!$B$4=INT('Übersicht'!$B$4),'Übersicht'!$B$4>=2026,'Übersicht'!$B$4<=2028),IF(I43="fixedMonthDay",IF(AND(ISNUMBER(J43),ISNUMBER(K43),J43=INT(J43),K43=INT(K43),MONTH(DATE('Übersicht'!$B$4,J43,K43))=J43,DAY(DATE('Übersicht'!$B$4,J43,K43))=K43),DATE('Übersicht'!$B$4,J43,K43),NA()),IF(I43="easterOffsetDays",IF(AND(ISNUMBER(L43),L43=INT(L43),ABS(L43)<=366),$AB$23+L43,NA()),IF(I43="nthWeekdayOfMonth",IF(AND(ISNUMBER(J43),ISNUMBER(M43),ISNUMBER(N43),J43=INT(J43),M43=INT(M43),N43=INT(N43),J43>=1,J43<=12,M43>=1,M43<=7,N43>=1,N43<=5,MONTH(DATE('Übersicht'!$B$4,J43,1)+MOD(M43-WEEKDAY(DATE('Übersicht'!$B$4,J43,1),2),7)+7*(N43-1))=J43),DATE('Übersicht'!$B$4,J43,1)+MOD(M43-WEEKDAY(DATE('Übersicht'!$B$4,J43,1),2),7)+7*(N43-1),NA()),NA()))),NA()) -> 46747 | X43: =IF(AND(W43>=O43,OR(P43="",W43<=P43)),W43,"Ausserhalb Geltung") -> 46747 | Y43: SRC-AG-EGARR-20250901 | Z43: § 6 Abs. 1 Bst. b Ziff. 2
A44: AG-WORK-HOL-C-NEW-YEAR | B44: CH-AG | C44: AG-ARG-BREMGARTEN | D44: Neujahr | E44: Nouvel An | H44: labourLawHoliday | I44: fixedMonthDay | J44: 1 | K44: 1 | O44: 46023 | Q44: 100 | R44: open | T44: add | V44: blockedScope | W44: =IF(AND(ISNUMBER('Übersicht'!$B$4),'Übersicht'!$B$4=INT('Übersicht'!$B$4),'Übersicht'!$B$4>=2026,'Übersicht'!$B$4<=2028),IF(I44="fixedMonthDay",IF(AND(ISNUMBER(J44),ISNUMBER(K44),J44=INT(J44),K44=INT(K44),MONTH(DATE('Übersicht'!$B$4,J44,K44))=J44,DAY(DATE('Übersicht'!$B$4,J44,K44))=K44),DATE('Übersicht'!$B$4,J44,K44),NA()),IF(I44="easterOffsetDays",IF(AND(ISNUMBER(L44),L44=INT(L44),ABS(L44)<=366),$AB$23+L44,NA()),IF(I44="nthWeekdayOfMonth",IF(AND(ISNUMBER(J44),ISNUMBER(M44),ISNUMBER(N44),J44=INT(J44),M44=INT(M44),N44=INT(N44),J44>=1,J44<=12,M44>=1,M44<=7,N44>=1,N44<=5,MONTH(DATE('Übersicht'!$B$4,J44,1)+MOD(M44-WEEKDAY(DATE('Übersicht'!$B$4,J44,1),2),7)+7*(N44-1))=J44),DATE('Übersicht'!$B$4,J44,1)+MOD(M44-WEEKDAY(DATE('Übersicht'!$B$4,J44,1),2),7)+7*(N44-1),NA()),NA()))),NA()) -> 46388 | X44: =IF(AND(W44>=O44,OR(P44="",W44<=P44)),W44,"Ausserhalb Geltung") -> 46388 | Y44: SRC-AG-EGARR-20250901 | Z44: § 6 Abs. 1 Bst. c
A45: AG-WORK-HOL-C-GOOD-FRIDAY | B45: CH-AG | C45: AG-ARG-BREMGARTEN | D45: Karfreitag | E45: Vendredi saint | H45: labourLawHoliday | I45: easterOffsetDays | L45: -2 | O45: 46023 | Q45: 100 | R45: open | T45: add | V45: blockedScope | W45: =IF(AND(ISNUMBER('Übersicht'!$B$4),'Übersicht'!$B$4=INT('Übersicht'!$B$4),'Übersicht'!$B$4>=2026,'Übersicht'!$B$4<=2028),IF(I45="fixedMonthDay",IF(AND(ISNUMBER(J45),ISNUMBER(K45),J45=INT(J45),K45=INT(K45),MONTH(DATE('Übersicht'!$B$4,J45,K45))=J45,DAY(DATE('Übersicht'!$B$4,J45,K45))=K45),DATE('Übersicht'!$B$4,J45,K45),NA()),IF(I45="easterOffsetDays",IF(AND(ISNUMBER(L45),L45=INT(L45),ABS(L45)<=366),$AB$23+L45,NA()),IF(I45="nthWeekdayOfMonth",IF(AND(ISNUMBER(J45),ISNUMBER(M45),ISNUMBER(N45),J45=INT(J45),M45=INT(M45),N45=INT(N45),J45>=1,J45<=12,M45>=1,M45<=7,N45>=1,N45<=5,MONTH(DATE('Übersicht'!$B$4,J45,1)+MOD(M45-WEEKDAY(DATE('Übersicht'!$B$4,J45,1),2),7)+7*(N45-1))=J45),DATE('Übersicht'!$B$4,J45,1)+MOD(M45-WEEKDAY(DATE('Übersicht'!$B$4,J45,1),2),7)+7*(N45-1),NA()),NA()))),NA()) -> 46472 | X45: =IF(AND(W45>=O45,OR(P45="",W45<=P45)),W45,"Ausserhalb Geltung") -> 46472 | Y45: SRC-AG-EGARR-20250901 | Z45: § 6 Abs. 1 Bst. c
A46: AG-WORK-HOL-C-ASCENSION | B46: CH-AG | C46: AG-ARG-BREMGARTEN | D46: Auffahrt | E46: Ascension | H46: labourLawHoliday | I46: easterOffsetDays | L46: 39 | O46: 46023 | Q46: 100 | R46: open | T46: add | V46: blockedScope | W46: =IF(AND(ISNUMBER('Übersicht'!$B$4),'Übersicht'!$B$4=INT('Übersicht'!$B$4),'Übersicht'!$B$4>=2026,'Übersicht'!$B$4<=2028),IF(I46="fixedMonthDay",IF(AND(ISNUMBER(J46),ISNUMBER(K46),J46=INT(J46),K46=INT(K46),MONTH(DATE('Übersicht'!$B$4,J46,K46))=J46,DAY(DATE('Übersicht'!$B$4,J46,K46))=K46),DATE('Übersicht'!$B$4,J46,K46),NA()),IF(I46="easterOffsetDays",IF(AND(ISNUMBER(L46),L46=INT(L46),ABS(L46)<=366),$AB$23+L46,NA()),IF(I46="nthWeekdayOfMonth",IF(AND(ISNUMBER(J46),ISNUMBER(M46),ISNUMBER(N46),J46=INT(J46),M46=INT(M46),N46=INT(N46),J46>=1,J46<=12,M46>=1,M46<=7,N46>=1,N46<=5,MONTH(DATE('Übersicht'!$B$4,J46,1)+MOD(M46-WEEKDAY(DATE('Übersicht'!$B$4,J46,1),2),7)+7*(N46-1))=J46),DATE('Übersicht'!$B$4,J46,1)+MOD(M46-WEEKDAY(DATE('Übersicht'!$B$4,J46,1),2),7)+7*(N46-1),NA()),NA()))),NA()) -> 46513 | X46: =IF(AND(W46>=O46,OR(P46="",W46<=P46)),W46,"Ausserhalb Geltung") -> 46513 | Y46: SRC-AG-EGARR-20250901 | Z46: § 6 Abs. 1 Bst. c
A47: AG-WORK-HOL-C-CORPUS-CHRISTI | B47: CH-AG | C47: AG-ARG-BREMGARTEN | D47: Fronleichnam | E47: Fête-Dieu | H47: labourLawHoliday | I47: easterOffsetDays | L47: 60 | O47: 46023 | Q47: 100 | R47: open | T47: add | V47: blockedScope | W47: =IF(AND(ISNUMBER('Übersicht'!$B$4),'Übersicht'!$B$4=INT('Übersicht'!$B$4),'Übersicht'!$B$4>=2026,'Übersicht'!$B$4<=2028),IF(I47="fixedMonthDay",IF(AND(ISNUMBER(J47),ISNUMBER(K47),J47=INT(J47),K47=INT(K47),MONTH(DATE('Übersicht'!$B$4,J47,K47))=J47,DAY(DATE('Übersicht'!$B$4,J47,K47))=K47),DATE('Übersicht'!$B$4,J47,K47),NA()),IF(I47="easterOffsetDays",IF(AND(ISNUMBER(L47),L47=INT(L47),ABS(L47)<=366),$AB$23+L47,NA()),IF(I47="nthWeekdayOfMonth",IF(AND(ISNUMBER(J47),ISNUMBER(M47),ISNUMBER(N47),J47=INT(J47),M47=INT(M47),N47=INT(N47),J47>=1,J47<=12,M47>=1,M47<=7,N47>=1,N47<=5,MONTH(DATE('Übersicht'!$B$4,J47,1)+MOD(M47-WEEKDAY(DATE('Übersicht'!$B$4,J47,1),2),7)+7*(N47-1))=J47),DATE('Übersicht'!$B$4,J47,1)+MOD(M47-WEEKDAY(DATE('Übersicht'!$B$4,J47,1),2),7)+7*(N47-1),NA()),NA()))),NA()) -> 46534 | X47: =IF(AND(W47>=O47,OR(P47="",W47<=P47)),W47,"Ausserhalb Geltung") -> 46534 | Y47: SRC-AG-EGARR-20250901 | Z47: § 6 Abs. 1 Bst. c
A48: AG-WORK-HOL-C-ASSUMPTION | B48: CH-AG | C48: AG-ARG-BREMGARTEN | D48: Mariä Himmelfahrt | E48: Assomption | H48: labourLawHoliday | I48: fixedMonthDay | J48: 8 | K48: 15 | O48: 46023 | Q48: 100 | R48: open | T48: add | V48: blockedScope | W48: =IF(AND(ISNUMBER('Übersicht'!$B$4),'Übersicht'!$B$4=INT('Übersicht'!$B$4),'Übersicht'!$B$4>=2026,'Übersicht'!$B$4<=2028),IF(I48="fixedMonthDay",IF(AND(ISNUMBER(J48),ISNUMBER(K48),J48=INT(J48),K48=INT(K48),MONTH(DATE('Übersicht'!$B$4,J48,K48))=J48,DAY(DATE('Übersicht'!$B$4,J48,K48))=K48),DATE('Übersicht'!$B$4,J48,K48),NA()),IF(I48="easterOffsetDays",IF(AND(ISNUMBER(L48),L48=INT(L48),ABS(L48)<=366),$AB$23+L48,NA()),IF(I48="nthWeekdayOfMonth",IF(AND(ISNUMBER(J48),ISNUMBER(M48),ISNUMBER(N48),J48=INT(J48),M48=INT(M48),N48=INT(N48),J48>=1,J48<=12,M48>=1,M48<=7,N48>=1,N48<=5,MONTH(DATE('Übersicht'!$B$4,J48,1)+MOD(M48-WEEKDAY(DATE('Übersicht'!$B$4,J48,1),2),7)+7*(N48-1))=J48),DATE('Übersicht'!$B$4,J48,1)+MOD(M48-WEEKDAY(DATE('Übersicht'!$B$4,J48,1),2),7)+7*(N48-1),NA()),NA()))),NA()) -> 46614 | X48: =IF(AND(W48>=O48,OR(P48="",W48<=P48)),W48,"Ausserhalb Geltung") -> 46614 | Y48: SRC-AG-EGARR-20250901 | Z48: § 6 Abs. 1 Bst. c
A49: AG-WORK-HOL-C-ALL-SAINTS | B49: CH-AG | C49: AG-ARG-BREMGARTEN | D49: Allerheiligen | E49: Toussaint | H49: labourLawHoliday | I49: fixedMonthDay | J49: 11 | K49: 1 | O49: 46023 | Q49: 100 | R49: open | T49: add | V49: blockedScope | W49: =IF(AND(ISNUMBER('Übersicht'!$B$4),'Übersicht'!$B$4=INT('Übersicht'!$B$4),'Übersicht'!$B$4>=2026,'Übersicht'!$B$4<=2028),IF(I49="fixedMonthDay",IF(AND(ISNUMBER(J49),ISNUMBER(K49),J49=INT(J49),K49=INT(K49),MONTH(DATE('Übersicht'!$B$4,J49,K49))=J49,DAY(DATE('Übersicht'!$B$4,J49,K49))=K49),DATE('Übersicht'!$B$4,J49,K49),NA()),IF(I49="easterOffsetDays",IF(AND(ISNUMBER(L49),L49=INT(L49),ABS(L49)<=366),$AB$23+L49,NA()),IF(I49="nthWeekdayOfMonth",IF(AND(ISNUMBER(J49),ISNUMBER(M49),ISNUMBER(N49),J49=INT(J49),M49=INT(M49),N49=INT(N49),J49>=1,J49<=12,M49>=1,M49<=7,N49>=1,N49<=5,MONTH(DATE('Übersicht'!$B$4,J49,1)+MOD(M49-WEEKDAY(DATE('Übersicht'!$B$4,J49,1),2),7)+7*(N49-1))=J49),DATE('Übersicht'!$B$4,J49,1)+MOD(M49-WEEKDAY(DATE('Übersicht'!$B$4,J49,1),2),7)+7*(N49-1),NA()),NA()))),NA()) -> 46692 | X49: =IF(AND(W49>=O49,OR(P49="",W49<=P49)),W49,"Ausserhalb Geltung") -> 46692 | Y49: SRC-AG-EGARR-20250901 | Z49: § 6 Abs. 1 Bst. c
A50: AG-WORK-HOL-C-CHRISTMAS | B50: CH-AG | C50: AG-ARG-BREMGARTEN | D50: Weihnachten | E50: Noël | H50: labourLawHoliday | I50: fixedMonthDay | J50: 12 | K50: 25 | O50: 46023 | Q50: 100 | R50: open | T50: add | V50: blockedScope | W50: =IF(AND(ISNUMBER('Übersicht'!$B$4),'Übersicht'!$B$4=INT('Übersicht'!$B$4),'Übersicht'!$B$4>=2026,'Übersicht'!$B$4<=2028),IF(I50="fixedMonthDay",IF(AND(ISNUMBER(J50),ISNUMBER(K50),J50=INT(J50),K50=INT(K50),MONTH(DATE('Übersicht'!$B$4,J50,K50))=J50,DAY(DATE('Übersicht'!$B$4,J50,K50))=K50),DATE('Übersicht'!$B$4,J50,K50),NA()),IF(I50="easterOffsetDays",IF(AND(ISNUMBER(L50),L50=INT(L50),ABS(L50)<=366),$AB$23+L50,NA()),IF(I50="nthWeekdayOfMonth",IF(AND(ISNUMBER(J50),ISNUMBER(M50),ISNUMBER(N50),J50=INT(J50),M50=INT(M50),N50=INT(N50),J50>=1,J50<=12,M50>=1,M50<=7,N50>=1,N50<=5,MONTH(DATE('Übersicht'!$B$4,J50,1)+MOD(M50-WEEKDAY(DATE('Übersicht'!$B$4,J50,1),2),7)+7*(N50-1))=J50),DATE('Übersicht'!$B$4,J50,1)+MOD(M50-WEEKDAY(DATE('Übersicht'!$B$4,J50,1),2),7)+7*(N50-1),NA()),NA()))),NA()) -> 46746 | X50: =IF(AND(W50>=O50,OR(P50="",W50<=P50)),W50,"Ausserhalb Geltung") -> 46746 | Y50: SRC-AG-EGARR-20250901 | Z50: § 6 Abs. 1 Bst. c
A51: AG-WORK-HOL-C-ST-STEPHEN | B51: CH-AG | C51: AG-ARG-BREMGARTEN | D51: Stephanstag | E51: Saint-Étienne | H51: labourLawHoliday | I51: fixedMonthDay | J51: 12 | K51: 26 | O51: 46023 | Q51: 100 | R51: open | T51: add | V51: blockedScope | W51: =IF(AND(ISNUMBER('Übersicht'!$B$4),'Übersicht'!$B$4=INT('Übersicht'!$B$4),'Übersicht'!$B$4>=2026,'Übersicht'!$B$4<=2028),IF(I51="fixedMonthDay",IF(AND(ISNUMBER(J51),ISNUMBER(K51),J51=INT(J51),K51=INT(K51),MONTH(DATE('Übersicht'!$B$4,J51,K51))=J51,DAY(DATE('Übersicht'!$B$4,J51,K51))=K51),DATE('Übersicht'!$B$4,J51,K51),NA()),IF(I51="easterOffsetDays",IF(AND(ISNUMBER(L51),L51=INT(L51),ABS(L51)<=366),$AB$23+L51,NA()),IF(I51="nthWeekdayOfMonth",IF(AND(ISNUMBER(J51),ISNUMBER(M51),ISNUMBER(N51),J51=INT(J51),M51=INT(M51),N51=INT(N51),J51>=1,J51<=12,M51>=1,M51<=7,N51>=1,N51<=5,MONTH(DATE('Übersicht'!$B$4,J51,1)+MOD(M51-WEEKDAY(DATE('Übersicht'!$B$4,J51,1),2),7)+7*(N51-1))=J51),DATE('Übersicht'!$B$4,J51,1)+MOD(M51-WEEKDAY(DATE('Übersicht'!$B$4,J51,1),2),7)+7*(N51-1),NA()),NA()))),NA()) -> 46747 | X51: =IF(AND(W51>=O51,OR(P51="",W51<=P51)),W51,"Ausserhalb Geltung") -> 46747 | Y51: SRC-AG-EGARR-20250901 | Z51: § 6 Abs. 1 Bst. c
A52: AG-WORK-HOL-D-NEW-YEAR | B52: CH-AG | C52: AG-ARG-LAUFENBURG-MURI | D52: Neujahr | E52: Nouvel An | H52: labourLawHoliday | I52: fixedMonthDay | J52: 1 | K52: 1 | O52: 46023 | Q52: 100 | R52: open | T52: add | V52: blockedScope | W52: =IF(AND(ISNUMBER('Übersicht'!$B$4),'Übersicht'!$B$4=INT('Übersicht'!$B$4),'Übersicht'!$B$4>=2026,'Übersicht'!$B$4<=2028),IF(I52="fixedMonthDay",IF(AND(ISNUMBER(J52),ISNUMBER(K52),J52=INT(J52),K52=INT(K52),MONTH(DATE('Übersicht'!$B$4,J52,K52))=J52,DAY(DATE('Übersicht'!$B$4,J52,K52))=K52),DATE('Übersicht'!$B$4,J52,K52),NA()),IF(I52="easterOffsetDays",IF(AND(ISNUMBER(L52),L52=INT(L52),ABS(L52)<=366),$AB$23+L52,NA()),IF(I52="nthWeekdayOfMonth",IF(AND(ISNUMBER(J52),ISNUMBER(M52),ISNUMBER(N52),J52=INT(J52),M52=INT(M52),N52=INT(N52),J52>=1,J52<=12,M52>=1,M52<=7,N52>=1,N52<=5,MONTH(DATE('Übersicht'!$B$4,J52,1)+MOD(M52-WEEKDAY(DATE('Übersicht'!$B$4,J52,1),2),7)+7*(N52-1))=J52),DATE('Übersicht'!$B$4,J52,1)+MOD(M52-WEEKDAY(DATE('Übersicht'!$B$4,J52,1),2),7)+7*(N52-1),NA()),NA()))),NA()) -> 46388 | X52: =IF(AND(W52>=O52,OR(P52="",W52<=P52)),W52,"Ausserhalb Geltung") -> 46388 | Y52: SRC-AG-EGARR-20250901 | Z52: § 6 Abs. 1 Bst. d
A53: AG-WORK-HOL-D-GOOD-FRIDAY | B53: CH-AG | C53: AG-ARG-LAUFENBURG-MURI | D53: Karfreitag | E53: Vendredi saint | H53: labourLawHoliday | I53: easterOffsetDays | L53: -2 | O53: 46023 | Q53: 100 | R53: open | T53: add | V53: blockedScope | W53: =IF(AND(ISNUMBER('Übersicht'!$B$4),'Übersicht'!$B$4=INT('Übersicht'!$B$4),'Übersicht'!$B$4>=2026,'Übersicht'!$B$4<=2028),IF(I53="fixedMonthDay",IF(AND(ISNUMBER(J53),ISNUMBER(K53),J53=INT(J53),K53=INT(K53),MONTH(DATE('Übersicht'!$B$4,J53,K53))=J53,DAY(DATE('Übersicht'!$B$4,J53,K53))=K53),DATE('Übersicht'!$B$4,J53,K53),NA()),IF(I53="easterOffsetDays",IF(AND(ISNUMBER(L53),L53=INT(L53),ABS(L53)<=366),$AB$23+L53,NA()),IF(I53="nthWeekdayOfMonth",IF(AND(ISNUMBER(J53),ISNUMBER(M53),ISNUMBER(N53),J53=INT(J53),M53=INT(M53),N53=INT(N53),J53>=1,J53<=12,M53>=1,M53<=7,N53>=1,N53<=5,MONTH(DATE('Übersicht'!$B$4,J53,1)+MOD(M53-WEEKDAY(DATE('Übersicht'!$B$4,J53,1),2),7)+7*(N53-1))=J53),DATE('Übersicht'!$B$4,J53,1)+MOD(M53-WEEKDAY(DATE('Übersicht'!$B$4,J53,1),2),7)+7*(N53-1),NA()),NA()))),NA()) -> 46472 | X53: =IF(AND(W53>=O53,OR(P53="",W53<=P53)),W53,"Ausserhalb Geltung") -> 46472 | Y53: SRC-AG-EGARR-20250901 | Z53: § 6 Abs. 1 Bst. d
A54: AG-WORK-HOL-D-ASCENSION | B54: CH-AG | C54: AG-ARG-LAUFENBURG-MURI | D54: Auffahrt | E54: Ascension | H54: labourLawHoliday | I54: easterOffsetDays | L54: 39 | O54: 46023 | Q54: 100 | R54: open | T54: add | V54: blockedScope | W54: =IF(AND(ISNUMBER('Übersicht'!$B$4),'Übersicht'!$B$4=INT('Übersicht'!$B$4),'Übersicht'!$B$4>=2026,'Übersicht'!$B$4<=2028),IF(I54="fixedMonthDay",IF(AND(ISNUMBER(J54),ISNUMBER(K54),J54=INT(J54),K54=INT(K54),MONTH(DATE('Übersicht'!$B$4,J54,K54))=J54,DAY(DATE('Übersicht'!$B$4,J54,K54))=K54),DATE('Übersicht'!$B$4,J54,K54),NA()),IF(I54="easterOffsetDays",IF(AND(ISNUMBER(L54),L54=INT(L54),ABS(L54)<=366),$AB$23+L54,NA()),IF(I54="nthWeekdayOfMonth",IF(AND(ISNUMBER(J54),ISNUMBER(M54),ISNUMBER(N54),J54=INT(J54),M54=INT(M54),N54=INT(N54),J54>=1,J54<=12,M54>=1,M54<=7,N54>=1,N54<=5,MONTH(DATE('Übersicht'!$B$4,J54,1)+MOD(M54-WEEKDAY(DATE('Übersicht'!$B$4,J54,1),2),7)+7*(N54-1))=J54),DATE('Übersicht'!$B$4,J54,1)+MOD(M54-WEEKDAY(DATE('Übersicht'!$B$4,J54,1),2),7)+7*(N54-1),NA()),NA()))),NA()) -> 46513 | X54: =IF(AND(W54>=O54,OR(P54="",W54<=P54)),W54,"Ausserhalb Geltung") -> 46513 | Y54: SRC-AG-EGARR-20250901 | Z54: § 6 Abs. 1 Bst. d
A55: AG-WORK-HOL-D-CORPUS-CHRISTI | B55: CH-AG | C55: AG-ARG-LAUFENBURG-MURI | D55: Fronleichnam | E55: Fête-Dieu | H55: labourLawHoliday | I55: easterOffsetDays | L55: 60 | O55: 46023 | Q55: 100 | R55: open | T55: add | V55: blockedScope | W55: =IF(AND(ISNUMBER('Übersicht'!$B$4),'Übersicht'!$B$4=INT('Übersicht'!$B$4),'Übersicht'!$B$4>=2026,'Übersicht'!$B$4<=2028),IF(I55="fixedMonthDay",IF(AND(ISNUMBER(J55),ISNUMBER(K55),J55=INT(J55),K55=INT(K55),MONTH(DATE('Übersicht'!$B$4,J55,K55))=J55,DAY(DATE('Übersicht'!$B$4,J55,K55))=K55),DATE('Übersicht'!$B$4,J55,K55),NA()),IF(I55="easterOffsetDays",IF(AND(ISNUMBER(L55),L55=INT(L55),ABS(L55)<=366),$AB$23+L55,NA()),IF(I55="nthWeekdayOfMonth",IF(AND(ISNUMBER(J55),ISNUMBER(M55),ISNUMBER(N55),J55=INT(J55),M55=INT(M55),N55=INT(N55),J55>=1,J55<=12,M55>=1,M55<=7,N55>=1,N55<=5,MONTH(DATE('Übersicht'!$B$4,J55,1)+MOD(M55-WEEKDAY(DATE('Übersicht'!$B$4,J55,1),2),7)+7*(N55-1))=J55),DATE('Übersicht'!$B$4,J55,1)+MOD(M55-WEEKDAY(DATE('Übersicht'!$B$4,J55,1),2),7)+7*(N55-1),NA()),NA()))),NA()) -> 46534 | X55: =IF(AND(W55>=O55,OR(P55="",W55<=P55)),W55,"Ausserhalb Geltung") -> 46534 | Y55: SRC-AG-EGARR-20250901 | Z55: § 6 Abs. 1 Bst. d
A56: AG-WORK-HOL-D-ASSUMPTION | B56: CH-AG | C56: AG-ARG-LAUFENBURG-MURI | D56: Mariä Himmelfahrt | E56: Assomption | H56: labourLawHoliday | I56: fixedMonthDay | J56: 8 | K56: 15 | O56: 46023 | Q56: 100 | R56: open | T56: add | V56: blockedScope | W56: =IF(AND(ISNUMBER('Übersicht'!$B$4),'Übersicht'!$B$4=INT('Übersicht'!$B$4),'Übersicht'!$B$4>=2026,'Übersicht'!$B$4<=2028),IF(I56="fixedMonthDay",IF(AND(ISNUMBER(J56),ISNUMBER(K56),J56=INT(J56),K56=INT(K56),MONTH(DATE('Übersicht'!$B$4,J56,K56))=J56,DAY(DATE('Übersicht'!$B$4,J56,K56))=K56),DATE('Übersicht'!$B$4,J56,K56),NA()),IF(I56="easterOffsetDays",IF(AND(ISNUMBER(L56),L56=INT(L56),ABS(L56)<=366),$AB$23+L56,NA()),IF(I56="nthWeekdayOfMonth",IF(AND(ISNUMBER(J56),ISNUMBER(M56),ISNUMBER(N56),J56=INT(J56),M56=INT(M56),N56=INT(N56),J56>=1,J56<=12,M56>=1,M56<=7,N56>=1,N56<=5,MONTH(DATE('Übersicht'!$B$4,J56,1)+MOD(M56-WEEKDAY(DATE('Übersicht'!$B$4,J56,1),2),7)+7*(N56-1))=J56),DATE('Übersicht'!$B$4,J56,1)+MOD(M56-WEEKDAY(DATE('Übersicht'!$B$4,J56,1),2),7)+7*(N56-1),NA()),NA()))),NA()) -> 46614 | X56: =IF(AND(W56>=O56,OR(P56="",W56<=P56)),W56,"Ausserhalb Geltung") -> 46614 | Y56: SRC-AG-EGARR-20250901 | Z56: § 6 Abs. 1 Bst. d
A57: AG-WORK-HOL-D-ALL-SAINTS | B57: CH-AG | C57: AG-ARG-LAUFENBURG-MURI | D57: Allerheiligen | E57: Toussaint | H57: labourLawHoliday | I57: fixedMonthDay | J57: 11 | K57: 1 | O57: 46023 | Q57: 100 | R57: open | T57: add | V57: blockedScope | W57: =IF(AND(ISNUMBER('Übersicht'!$B$4),'Übersicht'!$B$4=INT('Übersicht'!$B$4),'Übersicht'!$B$4>=2026,'Übersicht'!$B$4<=2028),IF(I57="fixedMonthDay",IF(AND(ISNUMBER(J57),ISNUMBER(K57),J57=INT(J57),K57=INT(K57),MONTH(DATE('Übersicht'!$B$4,J57,K57))=J57,DAY(DATE('Übersicht'!$B$4,J57,K57))=K57),DATE('Übersicht'!$B$4,J57,K57),NA()),IF(I57="easterOffsetDays",IF(AND(ISNUMBER(L57),L57=INT(L57),ABS(L57)<=366),$AB$23+L57,NA()),IF(I57="nthWeekdayOfMonth",IF(AND(ISNUMBER(J57),ISNUMBER(M57),ISNUMBER(N57),J57=INT(J57),M57=INT(M57),N57=INT(N57),J57>=1,J57<=12,M57>=1,M57<=7,N57>=1,N57<=5,MONTH(DATE('Übersicht'!$B$4,J57,1)+MOD(M57-WEEKDAY(DATE('Übersicht'!$B$4,J57,1),2),7)+7*(N57-1))=J57),DATE('Übersicht'!$B$4,J57,1)+MOD(M57-WEEKDAY(DATE('Übersicht'!$B$4,J57,1),2),7)+7*(N57-1),NA()),NA()))),NA()) -> 46692 | X57: =IF(AND(W57>=O57,OR(P57="",W57<=P57)),W57,"Ausserhalb Geltung") -> 46692 | Y57: SRC-AG-EGARR-20250901 | Z57: § 6 Abs. 1 Bst. d
A58: AG-WORK-HOL-D-CHRISTMAS | B58: CH-AG | C58: AG-ARG-LAUFENBURG-MURI | D58: Weihnachten | E58: Noël | H58: labourLawHoliday | I58: fixedMonthDay | J58: 12 | K58: 25 | O58: 46023 | Q58: 100 | R58: open | T58: add | V58: blockedScope | W58: =IF(AND(ISNUMBER('Übersicht'!$B$4),'Übersicht'!$B$4=INT('Übersicht'!$B$4),'Übersicht'!$B$4>=2026,'Übersicht'!$B$4<=2028),IF(I58="fixedMonthDay",IF(AND(ISNUMBER(J58),ISNUMBER(K58),J58=INT(J58),K58=INT(K58),MONTH(DATE('Übersicht'!$B$4,J58,K58))=J58,DAY(DATE('Übersicht'!$B$4,J58,K58))=K58),DATE('Übersicht'!$B$4,J58,K58),NA()),IF(I58="easterOffsetDays",IF(AND(ISNUMBER(L58),L58=INT(L58),ABS(L58)<=366),$AB$23+L58,NA()),IF(I58="nthWeekdayOfMonth",IF(AND(ISNUMBER(J58),ISNUMBER(M58),ISNUMBER(N58),J58=INT(J58),M58=INT(M58),N58=INT(N58),J58>=1,J58<=12,M58>=1,M58<=7,N58>=1,N58<=5,MONTH(DATE('Übersicht'!$B$4,J58,1)+MOD(M58-WEEKDAY(DATE('Übersicht'!$B$4,J58,1),2),7)+7*(N58-1))=J58),DATE('Übersicht'!$B$4,J58,1)+MOD(M58-WEEKDAY(DATE('Übersicht'!$B$4,J58,1),2),7)+7*(N58-1),NA()),NA()))),NA()) -> 46746 | X58: =IF(AND(W58>=O58,OR(P58="",W58<=P58)),W58,"Ausserhalb Geltung") -> 46746 | Y58: SRC-AG-EGARR-20250901 | Z58: § 6 Abs. 1 Bst. d
A59: AG-WORK-HOL-D-IMMACULATE-CONCEPTION | B59: CH-AG | C59: AG-ARG-LAUFENBURG-MURI | D59: Mariä Empfängnis | E59: Immaculée Conception | H59: labourLawHoliday | I59: fixedMonthDay | J59: 12 | K59: 8 | O59: 46023 | Q59: 100 | R59: open | T59: add | V59: blockedScope | W59: =IF(AND(ISNUMBER('Übersicht'!$B$4),'Übersicht'!$B$4=INT('Übersicht'!$B$4),'Übersicht'!$B$4>=2026,'Übersicht'!$B$4<=2028),IF(I59="fixedMonthDay",IF(AND(ISNUMBER(J59),ISNUMBER(K59),J59=INT(J59),K59=INT(K59),MONTH(DATE('Übersicht'!$B$4,J59,K59))=J59,DAY(DATE('Übersicht'!$B$4,J59,K59))=K59),DATE('Übersicht'!$B$4,J59,K59),NA()),IF(I59="easterOffsetDays",IF(AND(ISNUMBER(L59),L59=INT(L59),ABS(L59)<=366),$AB$23+L59,NA()),IF(I59="nthWeekdayOfMonth",IF(AND(ISNUMBER(J59),ISNUMBER(M59),ISNUMBER(N59),J59=INT(J59),M59=INT(M59),N59=INT(N59),J59>=1,J59<=12,M59>=1,M59<=7,N59>=1,N59<=5,MONTH(DATE('Übersicht'!$B$4,J59,1)+MOD(M59-WEEKDAY(DATE('Übersicht'!$B$4,J59,1),2),7)+7*(N59-1))=J59),DATE('Übersicht'!$B$4,J59,1)+MOD(M59-WEEKDAY(DATE('Übersicht'!$B$4,J59,1),2),7)+7*(N59-1),NA()),NA()))),NA()) -> 46729 | X59: =IF(AND(W59>=O59,OR(P59="",W59<=P59)),W59,"Ausserhalb Geltung") -> 46729 | Y59: SRC-AG-EGARR-20250901 | Z59: § 6 Abs. 1 Bst. d
A60: AG-WORK-HOL-E1-NEW-YEAR | B60: CH-AG | C60: AG-ARG-RHEINFELDEN-E1 | D60: Neujahr | E60: Nouvel An | H60: labourLawHoliday | I60: fixedMonthDay | J60: 1 | K60: 1 | O60: 46023 | Q60: 100 | R60: open | T60: add | V60: blockedScope | W60: =IF(AND(ISNUMBER('Übersicht'!$B$4),'Übersicht'!$B$4=INT('Übersicht'!$B$4),'Übersicht'!$B$4>=2026,'Übersicht'!$B$4<=2028),IF(I60="fixedMonthDay",IF(AND(ISNUMBER(J60),ISNUMBER(K60),J60=INT(J60),K60=INT(K60),MONTH(DATE('Übersicht'!$B$4,J60,K60))=J60,DAY(DATE('Übersicht'!$B$4,J60,K60))=K60),DATE('Übersicht'!$B$4,J60,K60),NA()),IF(I60="easterOffsetDays",IF(AND(ISNUMBER(L60),L60=INT(L60),ABS(L60)<=366),$AB$23+L60,NA()),IF(I60="nthWeekdayOfMonth",IF(AND(ISNUMBER(J60),ISNUMBER(M60),ISNUMBER(N60),J60=INT(J60),M60=INT(M60),N60=INT(N60),J60>=1,J60<=12,M60>=1,M60<=7,N60>=1,N60<=5,MONTH(DATE('Übersicht'!$B$4,J60,1)+MOD(M60-WEEKDAY(DATE('Übersicht'!$B$4,J60,1),2),7)+7*(N60-1))=J60),DATE('Übersicht'!$B$4,J60,1)+MOD(M60-WEEKDAY(DATE('Übersicht'!$B$4,J60,1),2),7)+7*(N60-1),NA()),NA()))),NA()) -> 46388 | X60: =IF(AND(W60>=O60,OR(P60="",W60<=P60)),W60,"Ausserhalb Geltung") -> 46388 | Y60: SRC-AG-EGARR-20250901 | Z60: § 6 Abs. 1 Bst. e Ziff. 1
A61: AG-WORK-HOL-E1-GOOD-FRIDAY | B61: CH-AG | C61: AG-ARG-RHEINFELDEN-E1 | D61: Karfreitag | E61: Vendredi saint | H61: labourLawHoliday | I61: easterOffsetDays | L61: -2 | O61: 46023 | Q61: 100 | R61: open | T61: add | V61: blockedScope | W61: =IF(AND(ISNUMBER('Übersicht'!$B$4),'Übersicht'!$B$4=INT('Übersicht'!$B$4),'Übersicht'!$B$4>=2026,'Übersicht'!$B$4<=2028),IF(I61="fixedMonthDay",IF(AND(ISNUMBER(J61),ISNUMBER(K61),J61=INT(J61),K61=INT(K61),MONTH(DATE('Übersicht'!$B$4,J61,K61))=J61,DAY(DATE('Übersicht'!$B$4,J61,K61))=K61),DATE('Übersicht'!$B$4,J61,K61),NA()),IF(I61="easterOffsetDays",IF(AND(ISNUMBER(L61),L61=INT(L61),ABS(L61)<=366),$AB$23+L61,NA()),IF(I61="nthWeekdayOfMonth",IF(AND(ISNUMBER(J61),ISNUMBER(M61),ISNUMBER(N61),J61=INT(J61),M61=INT(M61),N61=INT(N61),J61>=1,J61<=12,M61>=1,M61<=7,N61>=1,N61<=5,MONTH(DATE('Übersicht'!$B$4,J61,1)+MOD(M61-WEEKDAY(DATE('Übersicht'!$B$4,J61,1),2),7)+7*(N61-1))=J61),DATE('Übersicht'!$B$4,J61,1)+MOD(M61-WEEKDAY(DATE('Übersicht'!$B$4,J61,1),2),7)+7*(N61-1),NA()),NA()))),NA()) -> 46472 | X61: =IF(AND(W61>=O61,OR(P61="",W61<=P61)),W61,"Ausserhalb Geltung") -> 46472 | Y61: SRC-AG-EGARR-20250901 | Z61: § 6 Abs. 1 Bst. e Ziff. 1
A62: AG-WORK-HOL-E1-ASCENSION | B62: CH-AG | C62: AG-ARG-RHEINFELDEN-E1 | D62: Auffahrt | E62: Ascension | H62: labourLawHoliday | I62: easterOffsetDays | L62: 39 | O62: 46023 | Q62: 100 | R62: open | T62: add | V62: blockedScope | W62: =IF(AND(ISNUMBER('Übersicht'!$B$4),'Übersicht'!$B$4=INT('Übersicht'!$B$4),'Übersicht'!$B$4>=2026,'Übersicht'!$B$4<=2028),IF(I62="fixedMonthDay",IF(AND(ISNUMBER(J62),ISNUMBER(K62),J62=INT(J62),K62=INT(K62),MONTH(DATE('Übersicht'!$B$4,J62,K62))=J62,DAY(DATE('Übersicht'!$B$4,J62,K62))=K62),DATE('Übersicht'!$B$4,J62,K62),NA()),IF(I62="easterOffsetDays",IF(AND(ISNUMBER(L62),L62=INT(L62),ABS(L62)<=366),$AB$23+L62,NA()),IF(I62="nthWeekdayOfMonth",IF(AND(ISNUMBER(J62),ISNUMBER(M62),ISNUMBER(N62),J62=INT(J62),M62=INT(M62),N62=INT(N62),J62>=1,J62<=12,M62>=1,M62<=7,N62>=1,N62<=5,MONTH(DATE('Übersicht'!$B$4,J62,1)+MOD(M62-WEEKDAY(DATE('Übersicht'!$B$4,J62,1),2),7)+7*(N62-1))=J62),DATE('Übersicht'!$B$4,J62,1)+MOD(M62-WEEKDAY(DATE('Übersicht'!$B$4,J62,1),2),7)+7*(N62-1),NA()),NA()))),NA()) -> 46513 | X62: =IF(AND(W62>=O62,OR(P62="",W62<=P62)),W62,"Ausserhalb Geltung") -> 46513 | Y62: SRC-AG-EGARR-20250901 | Z62: § 6 Abs. 1 Bst. e Ziff. 1
A63: AG-WORK-HOL-E1-CORPUS-CHRISTI | B63: CH-AG | C63: AG-ARG-RHEINFELDEN-E1 | D63: Fronleichnam | E63: Fête-Dieu | H63: labourLawHoliday | I63: easterOffsetDays | L63: 60 | O63: 46023 | Q63: 100 | R63: open | T63: add | V63: blockedScope | W63: =IF(AND(ISNUMBER('Übersicht'!$B$4),'Übersicht'!$B$4=INT('Übersicht'!$B$4),'Übersicht'!$B$4>=2026,'Übersicht'!$B$4<=2028),IF(I63="fixedMonthDay",IF(AND(ISNUMBER(J63),ISNUMBER(K63),J63=INT(J63),K63=INT(K63),MONTH(DATE('Übersicht'!$B$4,J63,K63))=J63,DAY(DATE('Übersicht'!$B$4,J63,K63))=K63),DATE('Übersicht'!$B$4,J63,K63),NA()),IF(I63="easterOffsetDays",IF(AND(ISNUMBER(L63),L63=INT(L63),ABS(L63)<=366),$AB$23+L63,NA()),IF(I63="nthWeekdayOfMonth",IF(AND(ISNUMBER(J63),ISNUMBER(M63),ISNUMBER(N63),J63=INT(J63),M63=INT(M63),N63=INT(N63),J63>=1,J63<=12,M63>=1,M63<=7,N63>=1,N63<=5,MONTH(DATE('Übersicht'!$B$4,J63,1)+MOD(M63-WEEKDAY(DATE('Übersicht'!$B$4,J63,1),2),7)+7*(N63-1))=J63),DATE('Übersicht'!$B$4,J63,1)+MOD(M63-WEEKDAY(DATE('Übersicht'!$B$4,J63,1),2),7)+7*(N63-1),NA()),NA()))),NA()) -> 46534 | X63: =IF(AND(W63>=O63,OR(P63="",W63<=P63)),W63,"Ausserhalb Geltung") -> 46534 | Y63: SRC-AG-EGARR-20250901 | Z63: § 6 Abs. 1 Bst. e Ziff. 1
A64: AG-WORK-HOL-E1-ASSUMPTION | B64: CH-AG | C64: AG-ARG-RHEINFELDEN-E1 | D64: Mariä Himmelfahrt | E64: Assomption | H64: labourLawHoliday | I64: fixedMonthDay | J64: 8 | K64: 15 | O64: 46023 | Q64: 100 | R64: open | T64: add | V64: blockedScope | W64: =IF(AND(ISNUMBER('Übersicht'!$B$4),'Übersicht'!$B$4=INT('Übersicht'!$B$4),'Übersicht'!$B$4>=2026,'Übersicht'!$B$4<=2028),IF(I64="fixedMonthDay",IF(AND(ISNUMBER(J64),ISNUMBER(K64),J64=INT(J64),K64=INT(K64),MONTH(DATE('Übersicht'!$B$4,J64,K64))=J64,DAY(DATE('Übersicht'!$B$4,J64,K64))=K64),DATE('Übersicht'!$B$4,J64,K64),NA()),IF(I64="easterOffsetDays",IF(AND(ISNUMBER(L64),L64=INT(L64),ABS(L64)<=366),$AB$23+L64,NA()),IF(I64="nthWeekdayOfMonth",IF(AND(ISNUMBER(J64),ISNUMBER(M64),ISNUMBER(N64),J64=INT(J64),M64=INT(M64),N64=INT(N64),J64>=1,J64<=12,M64>=1,M64<=7,N64>=1,N64<=5,MONTH(DATE('Übersicht'!$B$4,J64,1)+MOD(M64-WEEKDAY(DATE('Übersicht'!$B$4,J64,1),2),7)+7*(N64-1))=J64),DATE('Übersicht'!$B$4,J64,1)+MOD(M64-WEEKDAY(DATE('Übersicht'!$B$4,J64,1),2),7)+7*(N64-1),NA()),NA()))),NA()) -> 46614 | X64: =IF(AND(W64>=O64,OR(P64="",W64<=P64)),W64,"Ausserhalb Geltung") -> 46614 | Y64: SRC-AG-EGARR-20250901 | Z64: § 6 Abs. 1 Bst. e Ziff. 1
A65: AG-WORK-HOL-E1-ALL-SAINTS | B65: CH-AG | C65: AG-ARG-RHEINFELDEN-E1 | D65: Allerheiligen | E65: Toussaint | H65: labourLawHoliday | I65: fixedMonthDay | J65: 11 | K65: 1 | O65: 46023 | Q65: 100 | R65: open | T65: add | V65: blockedScope | W65: =IF(AND(ISNUMBER('Übersicht'!$B$4),'Übersicht'!$B$4=INT('Übersicht'!$B$4),'Übersicht'!$B$4>=2026,'Übersicht'!$B$4<=2028),IF(I65="fixedMonthDay",IF(AND(ISNUMBER(J65),ISNUMBER(K65),J65=INT(J65),K65=INT(K65),MONTH(DATE('Übersicht'!$B$4,J65,K65))=J65,DAY(DATE('Übersicht'!$B$4,J65,K65))=K65),DATE('Übersicht'!$B$4,J65,K65),NA()),IF(I65="easterOffsetDays",IF(AND(ISNUMBER(L65),L65=INT(L65),ABS(L65)<=366),$AB$23+L65,NA()),IF(I65="nthWeekdayOfMonth",IF(AND(ISNUMBER(J65),ISNUMBER(M65),ISNUMBER(N65),J65=INT(J65),M65=INT(M65),N65=INT(N65),J65>=1,J65<=12,M65>=1,M65<=7,N65>=1,N65<=5,MONTH(DATE('Übersicht'!$B$4,J65,1)+MOD(M65-WEEKDAY(DATE('Übersicht'!$B$4,J65,1),2),7)+7*(N65-1))=J65),DATE('Übersicht'!$B$4,J65,1)+MOD(M65-WEEKDAY(DATE('Übersicht'!$B$4,J65,1),2),7)+7*(N65-1),NA()),NA()))),NA()) -> 46692 | X65: =IF(AND(W65>=O65,OR(P65="",W65<=P65)),W65,"Ausserhalb Geltung") -> 46692 | Y65: SRC-AG-EGARR-20250901 | Z65: § 6 Abs. 1 Bst. e Ziff. 1
A66: AG-WORK-HOL-E1-CHRISTMAS | B66: CH-AG | C66: AG-ARG-RHEINFELDEN-E1 | D66: Weihnachten | E66: Noël | H66: labourLawHoliday | I66: fixedMonthDay | J66: 12 | K66: 25 | O66: 46023 | Q66: 100 | R66: open | T66: add | V66: blockedScope | W66: =IF(AND(ISNUMBER('Übersicht'!$B$4),'Übersicht'!$B$4=INT('Übersicht'!$B$4),'Übersicht'!$B$4>=2026,'Übersicht'!$B$4<=2028),IF(I66="fixedMonthDay",IF(AND(ISNUMBER(J66),ISNUMBER(K66),J66=INT(J66),K66=INT(K66),MONTH(DATE('Übersicht'!$B$4,J66,K66))=J66,DAY(DATE('Übersicht'!$B$4,J66,K66))=K66),DATE('Übersicht'!$B$4,J66,K66),NA()),IF(I66="easterOffsetDays",IF(AND(ISNUMBER(L66),L66=INT(L66),ABS(L66)<=366),$AB$23+L66,NA()),IF(I66="nthWeekdayOfMonth",IF(AND(ISNUMBER(J66),ISNUMBER(M66),ISNUMBER(N66),J66=INT(J66),M66=INT(M66),N66=INT(N66),J66>=1,J66<=12,M66>=1,M66<=7,N66>=1,N66<=5,MONTH(DATE('Übersicht'!$B$4,J66,1)+MOD(M66-WEEKDAY(DATE('Übersicht'!$B$4,J66,1),2),7)+7*(N66-1))=J66),DATE('Übersicht'!$B$4,J66,1)+MOD(M66-WEEKDAY(DATE('Übersicht'!$B$4,J66,1),2),7)+7*(N66-1),NA()),NA()))),NA()) -> 46746 | X66: =IF(AND(W66>=O66,OR(P66="",W66<=P66)),W66,"Ausserhalb Geltung") -> 46746 | Y66: SRC-AG-EGARR-20250901 | Z66: § 6 Abs. 1 Bst. e Ziff. 1
A67: AG-WORK-HOL-E1-IMMACULATE-CONCEPTION | B67: CH-AG | C67: AG-ARG-RHEINFELDEN-E1 | D67: Mariä Empfängnis | E67: Immaculée Conception | H67: labourLawHoliday | I67: fixedMonthDay | J67: 12 | K67: 8 | O67: 46023 | Q67: 100 | R67: open | T67: add | V67: blockedScope | W67: =IF(AND(ISNUMBER('Übersicht'!$B$4),'Übersicht'!$B$4=INT('Übersicht'!$B$4),'Übersicht'!$B$4>=2026,'Übersicht'!$B$4<=2028),IF(I67="fixedMonthDay",IF(AND(ISNUMBER(J67),ISNUMBER(K67),J67=INT(J67),K67=INT(K67),MONTH(DATE('Übersicht'!$B$4,J67,K67))=J67,DAY(DATE('Übersicht'!$B$4,J67,K67))=K67),DATE('Übersicht'!$B$4,J67,K67),NA()),IF(I67="easterOffsetDays",IF(AND(ISNUMBER(L67),L67=INT(L67),ABS(L67)<=366),$AB$23+L67,NA()),IF(I67="nthWeekdayOfMonth",IF(AND(ISNUMBER(J67),ISNUMBER(M67),ISNUMBER(N67),J67=INT(J67),M67=INT(M67),N67=INT(N67),J67>=1,J67<=12,M67>=1,M67<=7,N67>=1,N67<=5,MONTH(DATE('Übersicht'!$B$4,J67,1)+MOD(M67-WEEKDAY(DATE('Übersicht'!$B$4,J67,1),2),7)+7*(N67-1))=J67),DATE('Übersicht'!$B$4,J67,1)+MOD(M67-WEEKDAY(DATE('Übersicht'!$B$4,J67,1),2),7)+7*(N67-1),NA()),NA()))),NA()) -> 46729 | X67: =IF(AND(W67>=O67,OR(P67="",W67<=P67)),W67,"Ausserhalb Geltung") -> 46729 | Y67: SRC-AG-EGARR-20250901 | Z67: § 6 Abs. 1 Bst. e Ziff. 1
A68: AG-WORK-HOL-E2-NEW-YEAR | B68: CH-AG | C68: AG-ARG-RHEINFELDEN-E2 | D68: Neujahr | E68: Nouvel An | H68: labourLawHoliday | I68: fixedMonthDay | J68: 1 | K68: 1 | O68: 46023 | Q68: 100 | R68: open | T68: add | V68: blockedScope | W68: =IF(AND(ISNUMBER('Übersicht'!$B$4),'Übersicht'!$B$4=INT('Übersicht'!$B$4),'Übersicht'!$B$4>=2026,'Übersicht'!$B$4<=2028),IF(I68="fixedMonthDay",IF(AND(ISNUMBER(J68),ISNUMBER(K68),J68=INT(J68),K68=INT(K68),MONTH(DATE('Übersicht'!$B$4,J68,K68))=J68,DAY(DATE('Übersicht'!$B$4,J68,K68))=K68),DATE('Übersicht'!$B$4,J68,K68),NA()),IF(I68="easterOffsetDays",IF(AND(ISNUMBER(L68),L68=INT(L68),ABS(L68)<=366),$AB$23+L68,NA()),IF(I68="nthWeekdayOfMonth",IF(AND(ISNUMBER(J68),ISNUMBER(M68),ISNUMBER(N68),J68=INT(J68),M68=INT(M68),N68=INT(N68),J68>=1,J68<=12,M68>=1,M68<=7,N68>=1,N68<=5,MONTH(DATE('Übersicht'!$B$4,J68,1)+MOD(M68-WEEKDAY(DATE('Übersicht'!$B$4,J68,1),2),7)+7*(N68-1))=J68),DATE('Übersicht'!$B$4,J68,1)+MOD(M68-WEEKDAY(DATE('Übersicht'!$B$4,J68,1),2),7)+7*(N68-1),NA()),NA()))),NA()) -> 46388 | X68: =IF(AND(W68>=O68,OR(P68="",W68<=P68)),W68,"Ausserhalb Geltung") -> 46388 | Y68: SRC-AG-EGARR-20250901 | Z68: § 6 Abs. 1 Bst. e Ziff. 2
A69: AG-WORK-HOL-E2-GOOD-FRIDAY | B69: CH-AG | C69: AG-ARG-RHEINFELDEN-E2 | D69: Karfreitag | E69: Vendredi saint | H69: labourLawHoliday | I69: easterOffsetDays | L69: -2 | O69: 46023 | Q69: 100 | R69: open | T69: add | V69: blockedScope | W69: =IF(AND(ISNUMBER('Übersicht'!$B$4),'Übersicht'!$B$4=INT('Übersicht'!$B$4),'Übersicht'!$B$4>=2026,'Übersicht'!$B$4<=2028),IF(I69="fixedMonthDay",IF(AND(ISNUMBER(J69),ISNUMBER(K69),J69=INT(J69),K69=INT(K69),MONTH(DATE('Übersicht'!$B$4,J69,K69))=J69,DAY(DATE('Übersicht'!$B$4,J69,K69))=K69),DATE('Übersicht'!$B$4,J69,K69),NA()),IF(I69="easterOffsetDays",IF(AND(ISNUMBER(L69),L69=INT(L69),ABS(L69)<=366),$AB$23+L69,NA()),IF(I69="nthWeekdayOfMonth",IF(AND(ISNUMBER(J69),ISNUMBER(M69),ISNUMBER(N69),J69=INT(J69),M69=INT(M69),N69=INT(N69),J69>=1,J69<=12,M69>=1,M69<=7,N69>=1,N69<=5,MONTH(DATE('Übersicht'!$B$4,J69,1)+MOD(M69-WEEKDAY(DATE('Übersicht'!$B$4,J69,1),2),7)+7*(N69-1))=J69),DATE('Übersicht'!$B$4,J69,1)+MOD(M69-WEEKDAY(DATE('Übersicht'!$B$4,J69,1),2),7)+7*(N69-1),NA()),NA()))),NA()) -> 46472 | X69: =IF(AND(W69>=O69,OR(P69="",W69<=P69)),W69,"Ausserhalb Geltung") -> 46472 | Y69: SRC-AG-EGARR-20250901 | Z69: § 6 Abs. 1 Bst. e Ziff. 2
A70: AG-WORK-HOL-E2-EASTER-MONDAY | B70: CH-AG | C70: AG-ARG-RHEINFELDEN-E2 | D70: Ostermontag | E70: Lundi de Pâques | H70: labourLawHoliday | I70: easterOffsetDays | L70: 1 | O70: 46023 | Q70: 100 | R70: open | T70: add | V70: blockedScope | W70: =IF(AND(ISNUMBER('Übersicht'!$B$4),'Übersicht'!$B$4=INT('Übersicht'!$B$4),'Übersicht'!$B$4>=2026,'Übersicht'!$B$4<=2028),IF(I70="fixedMonthDay",IF(AND(ISNUMBER(J70),ISNUMBER(K70),J70=INT(J70),K70=INT(K70),MONTH(DATE('Übersicht'!$B$4,J70,K70))=J70,DAY(DATE('Übersicht'!$B$4,J70,K70))=K70),DATE('Übersicht'!$B$4,J70,K70),NA()),IF(I70="easterOffsetDays",IF(AND(ISNUMBER(L70),L70=INT(L70),ABS(L70)<=366),$AB$23+L70,NA()),IF(I70="nthWeekdayOfMonth",IF(AND(ISNUMBER(J70),ISNUMBER(M70),ISNUMBER(N70),J70=INT(J70),M70=INT(M70),N70=INT(N70),J70>=1,J70<=12,M70>=1,M70<=7,N70>=1,N70<=5,MONTH(DATE('Übersicht'!$B$4,J70,1)+MOD(M70-WEEKDAY(DATE('Übersicht'!$B$4,J70,1),2),7)+7*(N70-1))=J70),DATE('Übersicht'!$B$4,J70,1)+MOD(M70-WEEKDAY(DATE('Übersicht'!$B$4,J70,1),2),7)+7*(N70-1),NA()),NA()))),NA()) -> 46475 | X70: =IF(AND(W70>=O70,OR(P70="",W70<=P70)),W70,"Ausserhalb Geltung") -> 46475 | Y70: SRC-AG-EGARR-20250901 | Z70: § 6 Abs. 1 Bst. e Ziff. 2
A71: AG-WORK-HOL-E2-ASCENSION | B71: CH-AG | C71: AG-ARG-RHEINFELDEN-E2 | D71: Auffahrt | E71: Ascension | H71: labourLawHoliday | I71: easterOffsetDays | L71: 39 | O71: 46023 | Q71: 100 | R71: open | T71: add | V71: blockedScope | W71: =IF(AND(ISNUMBER('Übersicht'!$B$4),'Übersicht'!$B$4=INT('Übersicht'!$B$4),'Übersicht'!$B$4>=2026,'Übersicht'!$B$4<=2028),IF(I71="fixedMonthDay",IF(AND(ISNUMBER(J71),ISNUMBER(K71),J71=INT(J71),K71=INT(K71),MONTH(DATE('Übersicht'!$B$4,J71,K71))=J71,DAY(DATE('Übersicht'!$B$4,J71,K71))=K71),DATE('Übersicht'!$B$4,J71,K71),NA()),IF(I71="easterOffsetDays",IF(AND(ISNUMBER(L71),L71=INT(L71),ABS(L71)<=366),$AB$23+L71,NA()),IF(I71="nthWeekdayOfMonth",IF(AND(ISNUMBER(J71),ISNUMBER(M71),ISNUMBER(N71),J71=INT(J71),M71=INT(M71),N71=INT(N71),J71>=1,J71<=12,M71>=1,M71<=7,N71>=1,N71<=5,MONTH(DATE('Übersicht'!$B$4,J71,1)+MOD(M71-WEEKDAY(DATE('Übersicht'!$B$4,J71,1),2),7)+7*(N71-1))=J71),DATE('Übersicht'!$B$4,J71,1)+MOD(M71-WEEKDAY(DATE('Übersicht'!$B$4,J71,1),2),7)+7*(N71-1),NA()),NA()))),NA()) -> 46513 | X71: =IF(AND(W71>=O71,OR(P71="",W71<=P71)),W71,"Ausserhalb Geltung") -> 46513 | Y71: SRC-AG-EGARR-20250901 | Z71: § 6 Abs. 1 Bst. e Ziff. 2
A72: AG-WORK-HOL-E2-WHIT-MONDAY | B72: CH-AG | C72: AG-ARG-RHEINFELDEN-E2 | D72: Pfingstmontag | E72: Lundi de Pentecôte | H72: labourLawHoliday | I72: easterOffsetDays | L72: 50 | O72: 46023 | Q72: 100 | R72: open | T72: add | V72: blockedScope | W72: =IF(AND(ISNUMBER('Übersicht'!$B$4),'Übersicht'!$B$4=INT('Übersicht'!$B$4),'Übersicht'!$B$4>=2026,'Übersicht'!$B$4<=2028),IF(I72="fixedMonthDay",IF(AND(ISNUMBER(J72),ISNUMBER(K72),J72=INT(J72),K72=INT(K72),MONTH(DATE('Übersicht'!$B$4,J72,K72))=J72,DAY(DATE('Übersicht'!$B$4,J72,K72))=K72),DATE('Übersicht'!$B$4,J72,K72),NA()),IF(I72="easterOffsetDays",IF(AND(ISNUMBER(L72),L72=INT(L72),ABS(L72)<=366),$AB$23+L72,NA()),IF(I72="nthWeekdayOfMonth",IF(AND(ISNUMBER(J72),ISNUMBER(M72),ISNUMBER(N72),J72=INT(J72),M72=INT(M72),N72=INT(N72),J72>=1,J72<=12,M72>=1,M72<=7,N72>=1,N72<=5,MONTH(DATE('Übersicht'!$B$4,J72,1)+MOD(M72-WEEKDAY(DATE('Übersicht'!$B$4,J72,1),2),7)+7*(N72-1))=J72),DATE('Übersicht'!$B$4,J72,1)+MOD(M72-WEEKDAY(DATE('Übersicht'!$B$4,J72,1),2),7)+7*(N72-1),NA()),NA()))),NA()) -> 46524 | X72: =IF(AND(W72>=O72,OR(P72="",W72<=P72)),W72,"Ausserhalb Geltung") -> 46524 | Y72: SRC-AG-EGARR-20250901 | Z72: § 6 Abs. 1 Bst. e Ziff. 2
A73: AG-WORK-HOL-E2-CHRISTMAS | B73: CH-AG | C73: AG-ARG-RHEINFELDEN-E2 | D73: Weihnachten | E73: Noël | H73: labourLawHoliday | I73: fixedMonthDay | J73: 12 | K73: 25 | O73: 46023 | Q73: 100 | R73: open | T73: add | V73: blockedScope | W73: =IF(AND(ISNUMBER('Übersicht'!$B$4),'Übersicht'!$B$4=INT('Übersicht'!$B$4),'Übersicht'!$B$4>=2026,'Übersicht'!$B$4<=2028),IF(I73="fixedMonthDay",IF(AND(ISNUMBER(J73),ISNUMBER(K73),J73=INT(J73),K73=INT(K73),MONTH(DATE('Übersicht'!$B$4,J73,K73))=J73,DAY(DATE('Übersicht'!$B$4,J73,K73))=K73),DATE('Übersicht'!$B$4,J73,K73),NA()),IF(I73="easterOffsetDays",IF(AND(ISNUMBER(L73),L73=INT(L73),ABS(L73)<=366),$AB$23+L73,NA()),IF(I73="nthWeekdayOfMonth",IF(AND(ISNUMBER(J73),ISNUMBER(M73),ISNUMBER(N73),J73=INT(J73),M73=INT(M73),N73=INT(N73),J73>=1,J73<=12,M73>=1,M73<=7,N73>=1,N73<=5,MONTH(DATE('Übersicht'!$B$4,J73,1)+MOD(M73-WEEKDAY(DATE('Übersicht'!$B$4,J73,1),2),7)+7*(N73-1))=J73),DATE('Übersicht'!$B$4,J73,1)+MOD(M73-WEEKDAY(DATE('Übersicht'!$B$4,J73,1),2),7)+7*(N73-1),NA()),NA()))),NA()) -> 46746 | X73: =IF(AND(W73>=O73,OR(P73="",W73<=P73)),W73,"Ausserhalb Geltung") -> 46746 | Y73: SRC-AG-EGARR-20250901 | Z73: § 6 Abs. 1 Bst. e Ziff. 2
A74: AG-WORK-HOL-E2-ST-STEPHEN | B74: CH-AG | C74: AG-ARG-RHEINFELDEN-E2 | D74: Stephanstag | E74: Saint-Étienne | H74: labourLawHoliday | I74: fixedMonthDay | J74: 12 | K74: 26 | O74: 46023 | Q74: 100 | R74: open | T74: add | V74: blockedScope | W74: =IF(AND(ISNUMBER('Übersicht'!$B$4),'Übersicht'!$B$4=INT('Übersicht'!$B$4),'Übersicht'!$B$4>=2026,'Übersicht'!$B$4<=2028),IF(I74="fixedMonthDay",IF(AND(ISNUMBER(J74),ISNUMBER(K74),J74=INT(J74),K74=INT(K74),MONTH(DATE('Übersicht'!$B$4,J74,K74))=J74,DAY(DATE('Übersicht'!$B$4,J74,K74))=K74),DATE('Übersicht'!$B$4,J74,K74),NA()),IF(I74="easterOffsetDays",IF(AND(ISNUMBER(L74),L74=INT(L74),ABS(L74)<=366),$AB$23+L74,NA()),IF(I74="nthWeekdayOfMonth",IF(AND(ISNUMBER(J74),ISNUMBER(M74),ISNUMBER(N74),J74=INT(J74),M74=INT(M74),N74=INT(N74),J74>=1,J74<=12,M74>=1,M74<=7,N74>=1,N74<=5,MONTH(DATE('Übersicht'!$B$4,J74,1)+MOD(M74-WEEKDAY(DATE('Übersicht'!$B$4,J74,1),2),7)+7*(N74-1))=J74),DATE('Übersicht'!$B$4,J74,1)+MOD(M74-WEEKDAY(DATE('Übersicht'!$B$4,J74,1),2),7)+7*(N74-1),NA()),NA()))),NA()) -> 46747 | X74: =IF(AND(W74>=O74,OR(P74="",W74<=P74)),W74,"Ausserhalb Geltung") -> 46747 | Y74: SRC-AG-EGARR-20250901 | Z74: § 6 Abs. 1 Bst. e Ziff. 2
A75: AG-WORK-HOL-E2-ALL-SAINTS | B75: CH-AG | C75: AG-ARG-RHEINFELDEN-E2 | D75: Allerheiligen | E75: Toussaint | H75: labourLawHoliday | I75: fixedMonthDay | J75: 11 | K75: 1 | O75: 46023 | Q75: 100 | R75: open | T75: add | V75: blockedScope | W75: =IF(AND(ISNUMBER('Übersicht'!$B$4),'Übersicht'!$B$4=INT('Übersicht'!$B$4),'Übersicht'!$B$4>=2026,'Übersicht'!$B$4<=2028),IF(I75="fixedMonthDay",IF(AND(ISNUMBER(J75),ISNUMBER(K75),J75=INT(J75),K75=INT(K75),MONTH(DATE('Übersicht'!$B$4,J75,K75))=J75,DAY(DATE('Übersicht'!$B$4,J75,K75))=K75),DATE('Übersicht'!$B$4,J75,K75),NA()),IF(I75="easterOffsetDays",IF(AND(ISNUMBER(L75),L75=INT(L75),ABS(L75)<=366),$AB$23+L75,NA()),IF(I75="nthWeekdayOfMonth",IF(AND(ISNUMBER(J75),ISNUMBER(M75),ISNUMBER(N75),J75=INT(J75),M75=INT(M75),N75=INT(N75),J75>=1,J75<=12,M75>=1,M75<=7,N75>=1,N75<=5,MONTH(DATE('Übersicht'!$B$4,J75,1)+MOD(M75-WEEKDAY(DATE('Übersicht'!$B$4,J75,1),2),7)+7*(N75-1))=J75),DATE('Übersicht'!$B$4,J75,1)+MOD(M75-WEEKDAY(DATE('Übersicht'!$B$4,J75,1),2),7)+7*(N75-1),NA()),NA()))),NA()) -> 46692 | X75: =IF(AND(W75>=O75,OR(P75="",W75<=P75)),W75,"Ausserhalb Geltung") -> 46692 | Y75: SRC-AG-EGARR-20250901 | Z75: § 6 Abs. 1 Bst. e Ziff. 2
A76: AG-WORK-HOL-F-NEW-YEAR | B76: CH-AG | C76: AG-ARG-ZURZACH | D76: Neujahr | E76: Nouvel An | H76: labourLawHoliday | I76: fixedMonthDay | J76: 1 | K76: 1 | O76: 46023 | Q76: 100 | R76: open | T76: add | V76: blockedScope | W76: =IF(AND(ISNUMBER('Übersicht'!$B$4),'Übersicht'!$B$4=INT('Übersicht'!$B$4),'Übersicht'!$B$4>=2026,'Übersicht'!$B$4<=2028),IF(I76="fixedMonthDay",IF(AND(ISNUMBER(J76),ISNUMBER(K76),J76=INT(J76),K76=INT(K76),MONTH(DATE('Übersicht'!$B$4,J76,K76))=J76,DAY(DATE('Übersicht'!$B$4,J76,K76))=K76),DATE('Übersicht'!$B$4,J76,K76),NA()),IF(I76="easterOffsetDays",IF(AND(ISNUMBER(L76),L76=INT(L76),ABS(L76)<=366),$AB$23+L76,NA()),IF(I76="nthWeekdayOfMonth",IF(AND(ISNUMBER(J76),ISNUMBER(M76),ISNUMBER(N76),J76=INT(J76),M76=INT(M76),N76=INT(N76),J76>=1,J76<=12,M76>=1,M76<=7,N76>=1,N76<=5,MONTH(DATE('Übersicht'!$B$4,J76,1)+MOD(M76-WEEKDAY(DATE('Übersicht'!$B$4,J76,1),2),7)+7*(N76-1))=J76),DATE('Übersicht'!$B$4,J76,1)+MOD(M76-WEEKDAY(DATE('Übersicht'!$B$4,J76,1),2),7)+7*(N76-1),NA()),NA()))),NA()) -> 46388 | X76: =IF(AND(W76>=O76,OR(P76="",W76<=P76)),W76,"Ausserhalb Geltung") -> 46388 | Y76: SRC-AG-EGARR-20250901 | Z76: § 6 Abs. 1 Bst. f
A77: AG-WORK-HOL-F-BERCHTOLD | B77: CH-AG | C77: AG-ARG-ZURZACH | D77: Berchtoldstag | E77: Saint-Berchtold | H77: labourLawHoliday | I77: fixedMonthDay | J77: 1 | K77: 2 | O77: 46023 | Q77: 100 | R77: open | T77: add | V77: blockedScope | W77: =IF(AND(ISNUMBER('Übersicht'!$B$4),'Übersicht'!$B$4=INT('Übersicht'!$B$4),'Übersicht'!$B$4>=2026,'Übersicht'!$B$4<=2028),IF(I77="fixedMonthDay",IF(AND(ISNUMBER(J77),ISNUMBER(K77),J77=INT(J77),K77=INT(K77),MONTH(DATE('Übersicht'!$B$4,J77,K77))=J77,DAY(DATE('Übersicht'!$B$4,J77,K77))=K77),DATE('Übersicht'!$B$4,J77,K77),NA()),IF(I77="easterOffsetDays",IF(AND(ISNUMBER(L77),L77=INT(L77),ABS(L77)<=366),$AB$23+L77,NA()),IF(I77="nthWeekdayOfMonth",IF(AND(ISNUMBER(J77),ISNUMBER(M77),ISNUMBER(N77),J77=INT(J77),M77=INT(M77),N77=INT(N77),J77>=1,J77<=12,M77>=1,M77<=7,N77>=1,N77<=5,MONTH(DATE('Übersicht'!$B$4,J77,1)+MOD(M77-WEEKDAY(DATE('Übersicht'!$B$4,J77,1),2),7)+7*(N77-1))=J77),DATE('Übersicht'!$B$4,J77,1)+MOD(M77-WEEKDAY(DATE('Übersicht'!$B$4,J77,1),2),7)+7*(N77-1),NA()),NA()))),NA()) -> 46389 | X77: =IF(AND(W77>=O77,OR(P77="",W77<=P77)),W77,"Ausserhalb Geltung") -> 46389 | Y77: SRC-AG-EGARR-20250901 | Z77: § 6 Abs. 1 Bst. f
A78: AG-WORK-HOL-F-GOOD-FRIDAY | B78: CH-AG | C78: AG-ARG-ZURZACH | D78: Karfreitag | E78: Vendredi saint | H78: labourLawHoliday | I78: easterOffsetDays | L78: -2 | O78: 46023 | Q78: 100 | R78: open | T78: add | V78: blockedScope | W78: =IF(AND(ISNUMBER('Übersicht'!$B$4),'Übersicht'!$B$4=INT('Übersicht'!$B$4),'Übersicht'!$B$4>=2026,'Übersicht'!$B$4<=2028),IF(I78="fixedMonthDay",IF(AND(ISNUMBER(J78),ISNUMBER(K78),J78=INT(J78),K78=INT(K78),MONTH(DATE('Übersicht'!$B$4,J78,K78))=J78,DAY(DATE('Übersicht'!$B$4,J78,K78))=K78),DATE('Übersicht'!$B$4,J78,K78),NA()),IF(I78="easterOffsetDays",IF(AND(ISNUMBER(L78),L78=INT(L78),ABS(L78)<=366),$AB$23+L78,NA()),IF(I78="nthWeekdayOfMonth",IF(AND(ISNUMBER(J78),ISNUMBER(M78),ISNUMBER(N78),J78=INT(J78),M78=INT(M78),N78=INT(N78),J78>=1,J78<=12,M78>=1,M78<=7,N78>=1,N78<=5,MONTH(DATE('Übersicht'!$B$4,J78,1)+MOD(M78-WEEKDAY(DATE('Übersicht'!$B$4,J78,1),2),7)+7*(N78-1))=J78),DATE('Übersicht'!$B$4,J78,1)+MOD(M78-WEEKDAY(DATE('Übersicht'!$B$4,J78,1),2),7)+7*(N78-1),NA()),NA()))),NA()) -> 46472 | X78: =IF(AND(W78>=O78,OR(P78="",W78<=P78)),W78,"Ausserhalb Geltung") -> 46472 | Y78: SRC-AG-EGARR-20250901 | Z78: § 6 Abs. 1 Bst. f
A79: AG-WORK-HOL-F-ASCENSION | B79: CH-AG | C79: AG-ARG-ZURZACH | D79: Auffahrt | E79: Ascension | H79: labourLawHoliday | I79: easterOffsetDays | L79: 39 | O79: 46023 | Q79: 100 | R79: open | T79: add | V79: blockedScope | W79: =IF(AND(ISNUMBER('Übersicht'!$B$4),'Übersicht'!$B$4=INT('Übersicht'!$B$4),'Übersicht'!$B$4>=2026,'Übersicht'!$B$4<=2028),IF(I79="fixedMonthDay",IF(AND(ISNUMBER(J79),ISNUMBER(K79),J79=INT(J79),K79=INT(K79),MONTH(DATE('Übersicht'!$B$4,J79,K79))=J79,DAY(DATE('Übersicht'!$B$4,J79,K79))=K79),DATE('Übersicht'!$B$4,J79,K79),NA()),IF(I79="easterOffsetDays",IF(AND(ISNUMBER(L79),L79=INT(L79),ABS(L79)<=366),$AB$23+L79,NA()),IF(I79="nthWeekdayOfMonth",IF(AND(ISNUMBER(J79),ISNUMBER(M79),ISNUMBER(N79),J79=INT(J79),M79=INT(M79),N79=INT(N79),J79>=1,J79<=12,M79>=1,M79<=7,N79>=1,N79<=5,MONTH(DATE('Übersicht'!$B$4,J79,1)+MOD(M79-WEEKDAY(DATE('Übersicht'!$B$4,J79,1),2),7)+7*(N79-1))=J79),DATE('Übersicht'!$B$4,J79,1)+MOD(M79-WEEKDAY(DATE('Übersicht'!$B$4,J79,1),2),7)+7*(N79-1),NA()),NA()))),NA()) -> 46513 | X79: =IF(AND(W79>=O79,OR(P79="",W79<=P79)),W79,"Ausserhalb Geltung") -> 46513 | Y79: SRC-AG-EGARR-20250901 | Z79: § 6 Abs. 1 Bst. f
A80: AG-WORK-HOL-F-CORPUS-CHRISTI | B80: CH-AG | C80: AG-ARG-ZURZACH | D80: Fronleichnam | E80: Fête-Dieu | H80: labourLawHoliday | I80: easterOffsetDays | L80: 60 | O80: 46023 | Q80: 100 | R80: open | T80: add | V80: blockedScope | W80: =IF(AND(ISNUMBER('Übersicht'!$B$4),'Übersicht'!$B$4=INT('Übersicht'!$B$4),'Übersicht'!$B$4>=2026,'Übersicht'!$B$4<=2028),IF(I80="fixedMonthDay",IF(AND(ISNUMBER(J80),ISNUMBER(K80),J80=INT(J80),K80=INT(K80),MONTH(DATE('Übersicht'!$B$4,J80,K80))=J80,DAY(DATE('Übersicht'!$B$4,J80,K80))=K80),DATE('Übersicht'!$B$4,J80,K80),NA()),IF(I80="easterOffsetDays",IF(AND(ISNUMBER(L80),L80=INT(L80),ABS(L80)<=366),$AB$23+L80,NA()),IF(I80="nthWeekdayOfMonth",IF(AND(ISNUMBER(J80),ISNUMBER(M80),ISNUMBER(N80),J80=INT(J80),M80=INT(M80),N80=INT(N80),J80>=1,J80<=12,M80>=1,M80<=7,N80>=1,N80<=5,MONTH(DATE('Übersicht'!$B$4,J80,1)+MOD(M80-WEEKDAY(DATE('Übersicht'!$B$4,J80,1),2),7)+7*(N80-1))=J80),DATE('Übersicht'!$B$4,J80,1)+MOD(M80-WEEKDAY(DATE('Übersicht'!$B$4,J80,1),2),7)+7*(N80-1),NA()),NA()))),NA()) -> 46534 | X80: =IF(AND(W80>=O80,OR(P80="",W80<=P80)),W80,"Ausserhalb Geltung") -> 46534 | Y80: SRC-AG-EGARR-20250901 | Z80: § 6 Abs. 1 Bst. f
A81: AG-WORK-HOL-F-ALL-SAINTS | B81: CH-AG | C81: AG-ARG-ZURZACH | D81: Allerheiligen | E81: Toussaint | H81: labourLawHoliday | I81: fixedMonthDay | J81: 11 | K81: 1 | O81: 46023 | Q81: 100 | R81: open | T81: add | V81: blockedScope | W81: =IF(AND(ISNUMBER('Übersicht'!$B$4),'Übersicht'!$B$4=INT('Übersicht'!$B$4),'Übersicht'!$B$4>=2026,'Übersicht'!$B$4<=2028),IF(I81="fixedMonthDay",IF(AND(ISNUMBER(J81),ISNUMBER(K81),J81=INT(J81),K81=INT(K81),MONTH(DATE('Übersicht'!$B$4,J81,K81))=J81,DAY(DATE('Übersicht'!$B$4,J81,K81))=K81),DATE('Übersicht'!$B$4,J81,K81),NA()),IF(I81="easterOffsetDays",IF(AND(ISNUMBER(L81),L81=INT(L81),ABS(L81)<=366),$AB$23+L81,NA()),IF(I81="nthWeekdayOfMonth",IF(AND(ISNUMBER(J81),ISNUMBER(M81),ISNUMBER(N81),J81=INT(J81),M81=INT(M81),N81=INT(N81),J81>=1,J81<=12,M81>=1,M81<=7,N81>=1,N81<=5,MONTH(DATE('Übersicht'!$B$4,J81,1)+MOD(M81-WEEKDAY(DATE('Übersicht'!$B$4,J81,1),2),7)+7*(N81-1))=J81),DATE('Übersicht'!$B$4,J81,1)+MOD(M81-WEEKDAY(DATE('Übersicht'!$B$4,J81,1),2),7)+7*(N81-1),NA()),NA()))),NA()) -> 46692 | X81: =IF(AND(W81>=O81,OR(P81="",W81<=P81)),W81,"Ausserhalb Geltung") -> 46692 | Y81: SRC-AG-EGARR-20250901 | Z81: § 6 Abs. 1 Bst. f
A82: AG-WORK-HOL-F-CHRISTMAS | B82: CH-AG | C82: AG-ARG-ZURZACH | D82: Weihnachten | E82: Noël | H82: labourLawHoliday | I82: fixedMonthDay | J82: 12 | K82: 25 | O82: 46023 | Q82: 100 | R82: open | T82: add | V82: blockedScope | W82: =IF(AND(ISNUMBER('Übersicht'!$B$4),'Übersicht'!$B$4=INT('Übersicht'!$B$4),'Übersicht'!$B$4>=2026,'Übersicht'!$B$4<=2028),IF(I82="fixedMonthDay",IF(AND(ISNUMBER(J82),ISNUMBER(K82),J82=INT(J82),K82=INT(K82),MONTH(DATE('Übersicht'!$B$4,J82,K82))=J82,DAY(DATE('Übersicht'!$B$4,J82,K82))=K82),DATE('Übersicht'!$B$4,J82,K82),NA()),IF(I82="easterOffsetDays",IF(AND(ISNUMBER(L82),L82=INT(L82),ABS(L82)<=366),$AB$23+L82,NA()),IF(I82="nthWeekdayOfMonth",IF(AND(ISNUMBER(J82),ISNUMBER(M82),ISNUMBER(N82),J82=INT(J82),M82=INT(M82),N82=INT(N82),J82>=1,J82<=12,M82>=1,M82<=7,N82>=1,N82<=5,MONTH(DATE('Übersicht'!$B$4,J82,1)+MOD(M82-WEEKDAY(DATE('Übersicht'!$B$4,J82,1),2),7)+7*(N82-1))=J82),DATE('Übersicht'!$B$4,J82,1)+MOD(M82-WEEKDAY(DATE('Übersicht'!$B$4,J82,1),2),7)+7*(N82-1),NA()),NA()))),NA()) -> 46746 | X82: =IF(AND(W82>=O82,OR(P82="",W82<=P82)),W82,"Ausserhalb Geltung") -> 46746 | Y82: SRC-AG-EGARR-20250901 | Z82: § 6 Abs. 1 Bst. f
A83: AG-WORK-HOL-F-ST-STEPHEN | B83: CH-AG | C83: AG-ARG-ZURZACH | D83: Stephanstag | E83: Saint-Étienne | H83: labourLawHoliday | I83: fixedMonthDay | J83: 12 | K83: 26 | O83: 46023 | Q83: 100 | R83: open | T83: add | V83: blockedScope | W83: =IF(AND(ISNUMBER('Übersicht'!$B$4),'Übersicht'!$B$4=INT('Übersicht'!$B$4),'Übersicht'!$B$4>=2026,'Übersicht'!$B$4<=2028),IF(I83="fixedMonthDay",IF(AND(ISNUMBER(J83),ISNUMBER(K83),J83=INT(J83),K83=INT(K83),MONTH(DATE('Übersicht'!$B$4,J83,K83))=J83,DAY(DATE('Übersicht'!$B$4,J83,K83))=K83),DATE('Übersicht'!$B$4,J83,K83),NA()),IF(I83="easterOffsetDays",IF(AND(ISNUMBER(L83),L83=INT(L83),ABS(L83)<=366),$AB$23+L83,NA()),IF(I83="nthWeekdayOfMonth",IF(AND(ISNUMBER(J83),ISNUMBER(M83),ISNUMBER(N83),J83=INT(J83),M83=INT(M83),N83=INT(N83),J83>=1,J83<=12,M83>=1,M83<=7,N83>=1,N83<=5,MONTH(DATE('Übersicht'!$B$4,J83,1)+MOD(M83-WEEKDAY(DATE('Übersicht'!$B$4,J83,1),2),7)+7*(N83-1))=J83),DATE('Übersicht'!$B$4,J83,1)+MOD(M83-WEEKDAY(DATE('Übersicht'!$B$4,J83,1),2),7)+7*(N83-1),NA()),NA()))),NA()) -> 46747 | X83: =IF(AND(W83>=O83,OR(P83="",W83<=P83)),W83,"Ausserhalb Geltung") -> 46747 | Y83: SRC-AG-EGARR-20250901 | Z83: § 6 Abs. 1 Bst. f
A84: AG-PROC-DAY-NEW-YEAR | B84: CH-AG | C84: AG-ZPO-ALL | D84: Neujahr | E84: Nouvel An | H84: proceduralEquivalentDay | I84: fixedMonthDay | J84: 1 | K84: 1 | O84: 46023 | Q84: 100 | R84: open | T84: add | V84: blockedEffect | W84: =IF(AND(ISNUMBER('Übersicht'!$B$4),'Übersicht'!$B$4=INT('Übersicht'!$B$4),'Übersicht'!$B$4>=2026,'Übersicht'!$B$4<=2028),IF(I84="fixedMonthDay",IF(AND(ISNUMBER(J84),ISNUMBER(K84),J84=INT(J84),K84=INT(K84),MONTH(DATE('Übersicht'!$B$4,J84,K84))=J84,DAY(DATE('Übersicht'!$B$4,J84,K84))=K84),DATE('Übersicht'!$B$4,J84,K84),NA()),IF(I84="easterOffsetDays",IF(AND(ISNUMBER(L84),L84=INT(L84),ABS(L84)<=366),$AB$23+L84,NA()),IF(I84="nthWeekdayOfMonth",IF(AND(ISNUMBER(J84),ISNUMBER(M84),ISNUMBER(N84),J84=INT(J84),M84=INT(M84),N84=INT(N84),J84>=1,J84<=12,M84>=1,M84<=7,N84>=1,N84<=5,MONTH(DATE('Übersicht'!$B$4,J84,1)+MOD(M84-WEEKDAY(DATE('Übersicht'!$B$4,J84,1),2),7)+7*(N84-1))=J84),DATE('Übersicht'!$B$4,J84,1)+MOD(M84-WEEKDAY(DATE('Übersicht'!$B$4,J84,1),2),7)+7*(N84-1),NA()),NA()))),NA()) -> 46388 | X84: =IF(AND(W84>=O84,OR(P84="",W84<=P84)),W84,"Ausserhalb Geltung") -> 46388 | Y84: SRC-AG-EGZPO | Z84: § 21
A85: AG-PROC-DAY-BERCHTOLD | B85: CH-AG | C85: AG-ZPO-ALL | D85: Berchtoldstag | E85: Saint-Berchtold | H85: proceduralEquivalentDay | I85: fixedMonthDay | J85: 1 | K85: 2 | O85: 46023 | Q85: 100 | R85: open | T85: add | V85: blockedEffect | W85: =IF(AND(ISNUMBER('Übersicht'!$B$4),'Übersicht'!$B$4=INT('Übersicht'!$B$4),'Übersicht'!$B$4>=2026,'Übersicht'!$B$4<=2028),IF(I85="fixedMonthDay",IF(AND(ISNUMBER(J85),ISNUMBER(K85),J85=INT(J85),K85=INT(K85),MONTH(DATE('Übersicht'!$B$4,J85,K85))=J85,DAY(DATE('Übersicht'!$B$4,J85,K85))=K85),DATE('Übersicht'!$B$4,J85,K85),NA()),IF(I85="easterOffsetDays",IF(AND(ISNUMBER(L85),L85=INT(L85),ABS(L85)<=366),$AB$23+L85,NA()),IF(I85="nthWeekdayOfMonth",IF(AND(ISNUMBER(J85),ISNUMBER(M85),ISNUMBER(N85),J85=INT(J85),M85=INT(M85),N85=INT(N85),J85>=1,J85<=12,M85>=1,M85<=7,N85>=1,N85<=5,MONTH(DATE('Übersicht'!$B$4,J85,1)+MOD(M85-WEEKDAY(DATE('Übersicht'!$B$4,J85,1),2),7)+7*(N85-1))=J85),DATE('Übersicht'!$B$4,J85,1)+MOD(M85-WEEKDAY(DATE('Übersicht'!$B$4,J85,1),2),7)+7*(N85-1),NA()),NA()))),NA()) -> 46389 | X85: =IF(AND(W85>=O85,OR(P85="",W85<=P85)),W85,"Ausserhalb Geltung") -> 46389 | Y85: SRC-AG-EGZPO | Z85: § 21
A86: AG-PROC-DAY-GOOD-FRIDAY | B86: CH-AG | C86: AG-ZPO-ALL | D86: Karfreitag | E86: Vendredi saint | H86: proceduralEquivalentDay | I86: easterOffsetDays | L86: -2 | O86: 46023 | Q86: 100 | R86: open | T86: add | V86: blockedEffect | W86: =IF(AND(ISNUMBER('Übersicht'!$B$4),'Übersicht'!$B$4=INT('Übersicht'!$B$4),'Übersicht'!$B$4>=2026,'Übersicht'!$B$4<=2028),IF(I86="fixedMonthDay",IF(AND(ISNUMBER(J86),ISNUMBER(K86),J86=INT(J86),K86=INT(K86),MONTH(DATE('Übersicht'!$B$4,J86,K86))=J86,DAY(DATE('Übersicht'!$B$4,J86,K86))=K86),DATE('Übersicht'!$B$4,J86,K86),NA()),IF(I86="easterOffsetDays",IF(AND(ISNUMBER(L86),L86=INT(L86),ABS(L86)<=366),$AB$23+L86,NA()),IF(I86="nthWeekdayOfMonth",IF(AND(ISNUMBER(J86),ISNUMBER(M86),ISNUMBER(N86),J86=INT(J86),M86=INT(M86),N86=INT(N86),J86>=1,J86<=12,M86>=1,M86<=7,N86>=1,N86<=5,MONTH(DATE('Übersicht'!$B$4,J86,1)+MOD(M86-WEEKDAY(DATE('Übersicht'!$B$4,J86,1),2),7)+7*(N86-1))=J86),DATE('Übersicht'!$B$4,J86,1)+MOD(M86-WEEKDAY(DATE('Übersicht'!$B$4,J86,1),2),7)+7*(N86-1),NA()),NA()))),NA()) -> 46472 | X86: =IF(AND(W86>=O86,OR(P86="",W86<=P86)),W86,"Ausserhalb Geltung") -> 46472 | Y86: SRC-AG-EGZPO | Z86: § 21
A87: AG-PROC-DAY-EASTER-MONDAY | B87: CH-AG | C87: AG-ZPO-ALL | D87: Ostermontag | E87: Lundi de Pâques | H87: proceduralEquivalentDay | I87: easterOffsetDays | L87: 1 | O87: 46023 | Q87: 100 | R87: open | T87: add | V87: blockedEffect | W87: =IF(AND(ISNUMBER('Übersicht'!$B$4),'Übersicht'!$B$4=INT('Übersicht'!$B$4),'Übersicht'!$B$4>=2026,'Übersicht'!$B$4<=2028),IF(I87="fixedMonthDay",IF(AND(ISNUMBER(J87),ISNUMBER(K87),J87=INT(J87),K87=INT(K87),MONTH(DATE('Übersicht'!$B$4,J87,K87))=J87,DAY(DATE('Übersicht'!$B$4,J87,K87))=K87),DATE('Übersicht'!$B$4,J87,K87),NA()),IF(I87="easterOffsetDays",IF(AND(ISNUMBER(L87),L87=INT(L87),ABS(L87)<=366),$AB$23+L87,NA()),IF(I87="nthWeekdayOfMonth",IF(AND(ISNUMBER(J87),ISNUMBER(M87),ISNUMBER(N87),J87=INT(J87),M87=INT(M87),N87=INT(N87),J87>=1,J87<=12,M87>=1,M87<=7,N87>=1,N87<=5,MONTH(DATE('Übersicht'!$B$4,J87,1)+MOD(M87-WEEKDAY(DATE('Übersicht'!$B$4,J87,1),2),7)+7*(N87-1))=J87),DATE('Übersicht'!$B$4,J87,1)+MOD(M87-WEEKDAY(DATE('Übersicht'!$B$4,J87,1),2),7)+7*(N87-1),NA()),NA()))),NA()) -> 46475 | X87: =IF(AND(W87>=O87,OR(P87="",W87<=P87)),W87,"Ausserhalb Geltung") -> 46475 | Y87: SRC-AG-EGZPO | Z87: § 21
A88: AG-PROC-DAY-MAY1 | B88: CH-AG | C88: AG-ZPO-ALL | D88: Tag der Arbeit (1. Mai) | E88: Fête du travail (1er mai) | H88: proceduralEquivalentDay | I88: fixedMonthDay | J88: 5 | K88: 1 | O88: 46023 | Q88: 100 | R88: open | T88: add | V88: blockedEffect | W88: =IF(AND(ISNUMBER('Übersicht'!$B$4),'Übersicht'!$B$4=INT('Übersicht'!$B$4),'Übersicht'!$B$4>=2026,'Übersicht'!$B$4<=2028),IF(I88="fixedMonthDay",IF(AND(ISNUMBER(J88),ISNUMBER(K88),J88=INT(J88),K88=INT(K88),MONTH(DATE('Übersicht'!$B$4,J88,K88))=J88,DAY(DATE('Übersicht'!$B$4,J88,K88))=K88),DATE('Übersicht'!$B$4,J88,K88),NA()),IF(I88="easterOffsetDays",IF(AND(ISNUMBER(L88),L88=INT(L88),ABS(L88)<=366),$AB$23+L88,NA()),IF(I88="nthWeekdayOfMonth",IF(AND(ISNUMBER(J88),ISNUMBER(M88),ISNUMBER(N88),J88=INT(J88),M88=INT(M88),N88=INT(N88),J88>=1,J88<=12,M88>=1,M88<=7,N88>=1,N88<=5,MONTH(DATE('Übersicht'!$B$4,J88,1)+MOD(M88-WEEKDAY(DATE('Übersicht'!$B$4,J88,1),2),7)+7*(N88-1))=J88),DATE('Übersicht'!$B$4,J88,1)+MOD(M88-WEEKDAY(DATE('Übersicht'!$B$4,J88,1),2),7)+7*(N88-1),NA()),NA()))),NA()) -> 46508 | X88: =IF(AND(W88>=O88,OR(P88="",W88<=P88)),W88,"Ausserhalb Geltung") -> 46508 | Y88: SRC-AG-EGZPO | Z88: § 21
A89: AG-PROC-DAY-ASCENSION | B89: CH-AG | C89: AG-ZPO-ALL | D89: Auffahrt | E89: Ascension | H89: proceduralEquivalentDay | I89: easterOffsetDays | L89: 39 | O89: 46023 | Q89: 100 | R89: open | T89: add | V89: blockedEffect | W89: =IF(AND(ISNUMBER('Übersicht'!$B$4),'Übersicht'!$B$4=INT('Übersicht'!$B$4),'Übersicht'!$B$4>=2026,'Übersicht'!$B$4<=2028),IF(I89="fixedMonthDay",IF(AND(ISNUMBER(J89),ISNUMBER(K89),J89=INT(J89),K89=INT(K89),MONTH(DATE('Übersicht'!$B$4,J89,K89))=J89,DAY(DATE('Übersicht'!$B$4,J89,K89))=K89),DATE('Übersicht'!$B$4,J89,K89),NA()),IF(I89="easterOffsetDays",IF(AND(ISNUMBER(L89),L89=INT(L89),ABS(L89)<=366),$AB$23+L89,NA()),IF(I89="nthWeekdayOfMonth",IF(AND(ISNUMBER(J89),ISNUMBER(M89),ISNUMBER(N89),J89=INT(J89),M89=INT(M89),N89=INT(N89),J89>=1,J89<=12,M89>=1,M89<=7,N89>=1,N89<=5,MONTH(DATE('Übersicht'!$B$4,J89,1)+MOD(M89-WEEKDAY(DATE('Übersicht'!$B$4,J89,1),2),7)+7*(N89-1))=J89),DATE('Übersicht'!$B$4,J89,1)+MOD(M89-WEEKDAY(DATE('Übersicht'!$B$4,J89,1),2),7)+7*(N89-1),NA()),NA()))),NA()) -> 46513 | X89: =IF(AND(W89>=O89,OR(P89="",W89<=P89)),W89,"Ausserhalb Geltung") -> 46513 | Y89: SRC-AG-EGZPO | Z89: § 21
A90: AG-PROC-DAY-WHIT-MONDAY | B90: CH-AG | C90: AG-ZPO-ALL | D90: Pfingstmontag | E90: Lundi de Pentecôte | H90: proceduralEquivalentDay | I90: easterOffsetDays | L90: 50 | O90: 46023 | Q90: 100 | R90: open | T90: add | V90: blockedEffect | W90: =IF(AND(ISNUMBER('Übersicht'!$B$4),'Übersicht'!$B$4=INT('Übersicht'!$B$4),'Übersicht'!$B$4>=2026,'Übersicht'!$B$4<=2028),IF(I90="fixedMonthDay",IF(AND(ISNUMBER(J90),ISNUMBER(K90),J90=INT(J90),K90=INT(K90),MONTH(DATE('Übersicht'!$B$4,J90,K90))=J90,DAY(DATE('Übersicht'!$B$4,J90,K90))=K90),DATE('Übersicht'!$B$4,J90,K90),NA()),IF(I90="easterOffsetDays",IF(AND(ISNUMBER(L90),L90=INT(L90),ABS(L90)<=366),$AB$23+L90,NA()),IF(I90="nthWeekdayOfMonth",IF(AND(ISNUMBER(J90),ISNUMBER(M90),ISNUMBER(N90),J90=INT(J90),M90=INT(M90),N90=INT(N90),J90>=1,J90<=12,M90>=1,M90<=7,N90>=1,N90<=5,MONTH(DATE('Übersicht'!$B$4,J90,1)+MOD(M90-WEEKDAY(DATE('Übersicht'!$B$4,J90,1),2),7)+7*(N90-1))=J90),DATE('Übersicht'!$B$4,J90,1)+MOD(M90-WEEKDAY(DATE('Übersicht'!$B$4,J90,1),2),7)+7*(N90-1),NA()),NA()))),NA()) -> 46524 | X90: =IF(AND(W90>=O90,OR(P90="",W90<=P90)),W90,"Ausserhalb Geltung") -> 46524 | Y90: SRC-AG-EGZPO | Z90: § 21
A91: AG-PROC-DAY-CORPUS-CHRISTI | B91: CH-AG | C91: AG-ZPO-ALL | D91: Fronleichnam | E91: Fête-Dieu | H91: proceduralEquivalentDay | I91: easterOffsetDays | L91: 60 | O91: 46023 | Q91: 100 | R91: open | T91: add | V91: blockedEffect | W91: =IF(AND(ISNUMBER('Übersicht'!$B$4),'Übersicht'!$B$4=INT('Übersicht'!$B$4),'Übersicht'!$B$4>=2026,'Übersicht'!$B$4<=2028),IF(I91="fixedMonthDay",IF(AND(ISNUMBER(J91),ISNUMBER(K91),J91=INT(J91),K91=INT(K91),MONTH(DATE('Übersicht'!$B$4,J91,K91))=J91,DAY(DATE('Übersicht'!$B$4,J91,K91))=K91),DATE('Übersicht'!$B$4,J91,K91),NA()),IF(I91="easterOffsetDays",IF(AND(ISNUMBER(L91),L91=INT(L91),ABS(L91)<=366),$AB$23+L91,NA()),IF(I91="nthWeekdayOfMonth",IF(AND(ISNUMBER(J91),ISNUMBER(M91),ISNUMBER(N91),J91=INT(J91),M91=INT(M91),N91=INT(N91),J91>=1,J91<=12,M91>=1,M91<=7,N91>=1,N91<=5,MONTH(DATE('Übersicht'!$B$4,J91,1)+MOD(M91-WEEKDAY(DATE('Übersicht'!$B$4,J91,1),2),7)+7*(N91-1))=J91),DATE('Übersicht'!$B$4,J91,1)+MOD(M91-WEEKDAY(DATE('Übersicht'!$B$4,J91,1),2),7)+7*(N91-1),NA()),NA()))),NA()) -> 46534 | X91: =IF(AND(W91>=O91,OR(P91="",W91<=P91)),W91,"Ausserhalb Geltung") -> 46534 | Y91: SRC-AG-EGZPO | Z91: § 21
A92: AG-PROC-DAY-NATIONAL-DAY | B92: CH-AG | C92: AG-ZPO-ALL | D92: Bundesfeiertag | E92: Fête nationale | H92: proceduralEquivalentDay | I92: fixedMonthDay | J92: 8 | K92: 1 | O92: 46023 | Q92: 100 | R92: open | T92: add | V92: blockedEffect | W92: =IF(AND(ISNUMBER('Übersicht'!$B$4),'Übersicht'!$B$4=INT('Übersicht'!$B$4),'Übersicht'!$B$4>=2026,'Übersicht'!$B$4<=2028),IF(I92="fixedMonthDay",IF(AND(ISNUMBER(J92),ISNUMBER(K92),J92=INT(J92),K92=INT(K92),MONTH(DATE('Übersicht'!$B$4,J92,K92))=J92,DAY(DATE('Übersicht'!$B$4,J92,K92))=K92),DATE('Übersicht'!$B$4,J92,K92),NA()),IF(I92="easterOffsetDays",IF(AND(ISNUMBER(L92),L92=INT(L92),ABS(L92)<=366),$AB$23+L92,NA()),IF(I92="nthWeekdayOfMonth",IF(AND(ISNUMBER(J92),ISNUMBER(M92),ISNUMBER(N92),J92=INT(J92),M92=INT(M92),N92=INT(N92),J92>=1,J92<=12,M92>=1,M92<=7,N92>=1,N92<=5,MONTH(DATE('Übersicht'!$B$4,J92,1)+MOD(M92-WEEKDAY(DATE('Übersicht'!$B$4,J92,1),2),7)+7*(N92-1))=J92),DATE('Übersicht'!$B$4,J92,1)+MOD(M92-WEEKDAY(DATE('Übersicht'!$B$4,J92,1),2),7)+7*(N92-1),NA()),NA()))),NA()) -> 46600 | X92: =IF(AND(W92>=O92,OR(P92="",W92<=P92)),W92,"Ausserhalb Geltung") -> 46600 | Y92: SRC-AG-EGZPO | Z92: § 21
A93: AG-PROC-DAY-ASSUMPTION | B93: CH-AG | C93: AG-ZPO-ALL | D93: Mariä Himmelfahrt | E93: Assomption | H93: proceduralEquivalentDay | I93: fixedMonthDay | J93: 8 | K93: 15 | O93: 46023 | Q93: 100 | R93: open | T93: add | V93: blockedEffect | W93: =IF(AND(ISNUMBER('Übersicht'!$B$4),'Übersicht'!$B$4=INT('Übersicht'!$B$4),'Übersicht'!$B$4>=2026,'Übersicht'!$B$4<=2028),IF(I93="fixedMonthDay",IF(AND(ISNUMBER(J93),ISNUMBER(K93),J93=INT(J93),K93=INT(K93),MONTH(DATE('Übersicht'!$B$4,J93,K93))=J93,DAY(DATE('Übersicht'!$B$4,J93,K93))=K93),DATE('Übersicht'!$B$4,J93,K93),NA()),IF(I93="easterOffsetDays",IF(AND(ISNUMBER(L93),L93=INT(L93),ABS(L93)<=366),$AB$23+L93,NA()),IF(I93="nthWeekdayOfMonth",IF(AND(ISNUMBER(J93),ISNUMBER(M93),ISNUMBER(N93),J93=INT(J93),M93=INT(M93),N93=INT(N93),J93>=1,J93<=12,M93>=1,M93<=7,N93>=1,N93<=5,MONTH(DATE('Übersicht'!$B$4,J93,1)+MOD(M93-WEEKDAY(DATE('Übersicht'!$B$4,J93,1),2),7)+7*(N93-1))=J93),DATE('Übersicht'!$B$4,J93,1)+MOD(M93-WEEKDAY(DATE('Übersicht'!$B$4,J93,1),2),7)+7*(N93-1),NA()),NA()))),NA()) -> 46614 | X93: =IF(AND(W93>=O93,OR(P93="",W93<=P93)),W93,"Ausserhalb Geltung") -> 46614 | Y93: SRC-AG-EGZPO | Z93: § 21
A94: AG-PROC-DAY-IMMACULATE-CONCEPTION | B94: CH-AG | C94: AG-ZPO-ALL | D94: Mariä Empfängnis | E94: Immaculée Conception | H94: proceduralEquivalentDay | I94: fixedMonthDay | J94: 12 | K94: 8 | O94: 46023 | Q94: 100 | R94: open | T94: add | V94: blockedEffect | W94: =IF(AND(ISNUMBER('Übersicht'!$B$4),'Übersicht'!$B$4=INT('Übersicht'!$B$4),'Übersicht'!$B$4>=2026,'Übersicht'!$B$4<=2028),IF(I94="fixedMonthDay",IF(AND(ISNUMBER(J94),ISNUMBER(K94),J94=INT(J94),K94=INT(K94),MONTH(DATE('Übersicht'!$B$4,J94,K94))=J94,DAY(DATE('Übersicht'!$B$4,J94,K94))=K94),DATE('Übersicht'!$B$4,J94,K94),NA()),IF(I94="easterOffsetDays",IF(AND(ISNUMBER(L94),L94=INT(L94),ABS(L94)<=366),$AB$23+L94,NA()),IF(I94="nthWeekdayOfMonth",IF(AND(ISNUMBER(J94),ISNUMBER(M94),ISNUMBER(N94),J94=INT(J94),M94=INT(M94),N94=INT(N94),J94>=1,J94<=12,M94>=1,M94<=7,N94>=1,N94<=5,MONTH(DATE('Übersicht'!$B$4,J94,1)+MOD(M94-WEEKDAY(DATE('Übersicht'!$B$4,J94,1),2),7)+7*(N94-1))=J94),DATE('Übersicht'!$B$4,J94,1)+MOD(M94-WEEKDAY(DATE('Übersicht'!$B$4,J94,1),2),7)+7*(N94-1),NA()),NA()))),NA()) -> 46729 | X94: =IF(AND(W94>=O94,OR(P94="",W94<=P94)),W94,"Ausserhalb Geltung") -> 46729 | Y94: SRC-AG-EGZPO | Z94: § 21
A95: AG-PROC-DAY-CHRISTMAS | B95: CH-AG | C95: AG-ZPO-ALL | D95: Weihnachten | E95: Noël | H95: proceduralEquivalentDay | I95: fixedMonthDay | J95: 12 | K95: 25 | O95: 46023 | Q95: 100 | R95: open | T95: add | V95: blockedEffect | W95: =IF(AND(ISNUMBER('Übersicht'!$B$4),'Übersicht'!$B$4=INT('Übersicht'!$B$4),'Übersicht'!$B$4>=2026,'Übersicht'!$B$4<=2028),IF(I95="fixedMonthDay",IF(AND(ISNUMBER(J95),ISNUMBER(K95),J95=INT(J95),K95=INT(K95),MONTH(DATE('Übersicht'!$B$4,J95,K95))=J95,DAY(DATE('Übersicht'!$B$4,J95,K95))=K95),DATE('Übersicht'!$B$4,J95,K95),NA()),IF(I95="easterOffsetDays",IF(AND(ISNUMBER(L95),L95=INT(L95),ABS(L95)<=366),$AB$23+L95,NA()),IF(I95="nthWeekdayOfMonth",IF(AND(ISNUMBER(J95),ISNUMBER(M95),ISNUMBER(N95),J95=INT(J95),M95=INT(M95),N95=INT(N95),J95>=1,J95<=12,M95>=1,M95<=7,N95>=1,N95<=5,MONTH(DATE('Übersicht'!$B$4,J95,1)+MOD(M95-WEEKDAY(DATE('Übersicht'!$B$4,J95,1),2),7)+7*(N95-1))=J95),DATE('Übersicht'!$B$4,J95,1)+MOD(M95-WEEKDAY(DATE('Übersicht'!$B$4,J95,1),2),7)+7*(N95-1),NA()),NA()))),NA()) -> 46746 | X95: =IF(AND(W95>=O95,OR(P95="",W95<=P95)),W95,"Ausserhalb Geltung") -> 46746 | Y95: SRC-AG-EGZPO | Z95: § 21
A96: AG-PROC-DAY-ST-STEPHEN | B96: CH-AG | C96: AG-ZPO-ALL | D96: Stephanstag | E96: Saint-Étienne | H96: proceduralEquivalentDay | I96: fixedMonthDay | J96: 12 | K96: 26 | O96: 46023 | Q96: 100 | R96: open | T96: add | V96: blockedEffect | W96: =IF(AND(ISNUMBER('Übersicht'!$B$4),'Übersicht'!$B$4=INT('Übersicht'!$B$4),'Übersicht'!$B$4>=2026,'Übersicht'!$B$4<=2028),IF(I96="fixedMonthDay",IF(AND(ISNUMBER(J96),ISNUMBER(K96),J96=INT(J96),K96=INT(K96),MONTH(DATE('Übersicht'!$B$4,J96,K96))=J96,DAY(DATE('Übersicht'!$B$4,J96,K96))=K96),DATE('Übersicht'!$B$4,J96,K96),NA()),IF(I96="easterOffsetDays",IF(AND(ISNUMBER(L96),L96=INT(L96),ABS(L96)<=366),$AB$23+L96,NA()),IF(I96="nthWeekdayOfMonth",IF(AND(ISNUMBER(J96),ISNUMBER(M96),ISNUMBER(N96),J96=INT(J96),M96=INT(M96),N96=INT(N96),J96>=1,J96<=12,M96>=1,M96<=7,N96>=1,N96<=5,MONTH(DATE('Übersicht'!$B$4,J96,1)+MOD(M96-WEEKDAY(DATE('Übersicht'!$B$4,J96,1),2),7)+7*(N96-1))=J96),DATE('Übersicht'!$B$4,J96,1)+MOD(M96-WEEKDAY(DATE('Übersicht'!$B$4,J96,1),2),7)+7*(N96-1),NA()),NA()))),NA()) -> 46747 | X96: =IF(AND(W96>=O96,OR(P96="",W96<=P96)),W96,"Ausserhalb Geltung") -> 46747 | Y96: SRC-AG-EGZPO | Z96: § 21
A97: TI-CAL-DAY-NEW-YEAR | B97: CH-TI | C97: TI-OFFICIAL-ALL | D97: Neujahr | E97: Nouvel An | F97: Capo d’anno | G97: Bumaun | H97: publicHoliday | I97: fixedMonthDay | J97: 1 | K97: 1 | O97: 46023 | Q97: 100 | R97: open | T97: add | V97: blockedEffect | W97: =IF(AND(ISNUMBER('Übersicht'!$B$4),'Übersicht'!$B$4=INT('Übersicht'!$B$4),'Übersicht'!$B$4>=2026,'Übersicht'!$B$4<=2028),IF(I97="fixedMonthDay",IF(AND(ISNUMBER(J97),ISNUMBER(K97),J97=INT(J97),K97=INT(K97),MONTH(DATE('Übersicht'!$B$4,J97,K97))=J97,DAY(DATE('Übersicht'!$B$4,J97,K97))=K97),DATE('Übersicht'!$B$4,J97,K97),NA()),IF(I97="easterOffsetDays",IF(AND(ISNUMBER(L97),L97=INT(L97),ABS(L97)<=366),$AB$23+L97,NA()),IF(I97="nthWeekdayOfMonth",IF(AND(ISNUMBER(J97),ISNUMBER(M97),ISNUMBER(N97),J97=INT(J97),M97=INT(M97),N97=INT(N97),J97>=1,J97<=12,M97>=1,M97<=7,N97>=1,N97<=5,MONTH(DATE('Übersicht'!$B$4,J97,1)+MOD(M97-WEEKDAY(DATE('Übersicht'!$B$4,J97,1),2),7)+7*(N97-1))=J97),DATE('Übersicht'!$B$4,J97,1)+MOD(M97-WEEKDAY(DATE('Übersicht'!$B$4,J97,1),2),7)+7*(N97-1),NA()),NA()))),NA()) -> 46388 | X97: =IF(AND(W97>=O97,OR(P97="",W97<=P97)),W97,"Ausserhalb Geltung") -> 46388 | Y97: SRC-TI-FEIERTAGE-843200 | Z97: Art. 1
A98: TI-CAL-DAY-EPIPHANY | B98: CH-TI | C98: TI-OFFICIAL-ALL | D98: Heilige Drei Könige | E98: Épiphanie | F98: Epifania | G98: Bavania | H98: publicHoliday | I98: fixedMonthDay | J98: 1 | K98: 6 | O98: 46023 | Q98: 100 | R98: open | T98: add | V98: blockedEffect | W98: =IF(AND(ISNUMBER('Übersicht'!$B$4),'Übersicht'!$B$4=INT('Übersicht'!$B$4),'Übersicht'!$B$4>=2026,'Übersicht'!$B$4<=2028),IF(I98="fixedMonthDay",IF(AND(ISNUMBER(J98),ISNUMBER(K98),J98=INT(J98),K98=INT(K98),MONTH(DATE('Übersicht'!$B$4,J98,K98))=J98,DAY(DATE('Übersicht'!$B$4,J98,K98))=K98),DATE('Übersicht'!$B$4,J98,K98),NA()),IF(I98="easterOffsetDays",IF(AND(ISNUMBER(L98),L98=INT(L98),ABS(L98)<=366),$AB$23+L98,NA()),IF(I98="nthWeekdayOfMonth",IF(AND(ISNUMBER(J98),ISNUMBER(M98),ISNUMBER(N98),J98=INT(J98),M98=INT(M98),N98=INT(N98),J98>=1,J98<=12,M98>=1,M98<=7,N98>=1,N98<=5,MONTH(DATE('Übersicht'!$B$4,J98,1)+MOD(M98-WEEKDAY(DATE('Übersicht'!$B$4,J98,1),2),7)+7*(N98-1))=J98),DATE('Übersicht'!$B$4,J98,1)+MOD(M98-WEEKDAY(DATE('Übersicht'!$B$4,J98,1),2),7)+7*(N98-1),NA()),NA()))),NA()) -> 46393 | X98: =IF(AND(W98>=O98,OR(P98="",W98<=P98)),W98,"Ausserhalb Geltung") -> 46393 | Y98: SRC-TI-FEIERTAGE-843200 | Z98: Art. 1
A99: TI-CAL-DAY-ST-JOSEPH | B99: CH-TI | C99: TI-OFFICIAL-ALL | D99: Josefstag | E99: Saint-Joseph | F99: San Giuseppe | G99: Son Giusep | H99: publicHoliday | I99: fixedMonthDay | J99: 3 | K99: 19 | O99: 46023 | Q99: 100 | R99: open | T99: add | V99: blockedEffect | W99: =IF(AND(ISNUMBER('Übersicht'!$B$4),'Übersicht'!$B$4=INT('Übersicht'!$B$4),'Übersicht'!$B$4>=2026,'Übersicht'!$B$4<=2028),IF(I99="fixedMonthDay",IF(AND(ISNUMBER(J99),ISNUMBER(K99),J99=INT(J99),K99=INT(K99),MONTH(DATE('Übersicht'!$B$4,J99,K99))=J99,DAY(DATE('Übersicht'!$B$4,J99,K99))=K99),DATE('Übersicht'!$B$4,J99,K99),NA()),IF(I99="easterOffsetDays",IF(AND(ISNUMBER(L99),L99=INT(L99),ABS(L99)<=366),$AB$23+L99,NA()),IF(I99="nthWeekdayOfMonth",IF(AND(ISNUMBER(J99),ISNUMBER(M99),ISNUMBER(N99),J99=INT(J99),M99=INT(M99),N99=INT(N99),J99>=1,J99<=12,M99>=1,M99<=7,N99>=1,N99<=5,MONTH(DATE('Übersicht'!$B$4,J99,1)+MOD(M99-WEEKDAY(DATE('Übersicht'!$B$4,J99,1),2),7)+7*(N99-1))=J99),DATE('Übersicht'!$B$4,J99,1)+MOD(M99-WEEKDAY(DATE('Übersicht'!$B$4,J99,1),2),7)+7*(N99-1),NA()),NA()))),NA()) -> 46465 | X99: =IF(AND(W99>=O99,OR(P99="",W99<=P99)),W99,"Ausserhalb Geltung") -> 46465 | Y99: SRC-TI-FEIERTAGE-843200 | Z99: Art. 1
A100: TI-CAL-DAY-EASTER-MONDAY | B100: CH-TI | C100: TI-OFFICIAL-ALL | D100: Ostermontag | E100: Lundi de Pâques | F100: Lunedì di Pasqua | G100: Glindesdi da Pasca | H100: publicHoliday | I100: easterOffsetDays | L100: 1 | O100: 46023 | Q100: 100 | R100: open | T100: add | V100: blockedEffect | W100: =IF(AND(ISNUMBER('Übersicht'!$B$4),'Übersicht'!$B$4=INT('Übersicht'!$B$4),'Übersicht'!$B$4>=2026,'Übersicht'!$B$4<=2028),IF(I100="fixedMonthDay",IF(AND(ISNUMBER(J100),ISNUMBER(K100),J100=INT(J100),K100=INT(K100),MONTH(DATE('Übersicht'!$B$4,J100,K100))=J100,DAY(DATE('Übersicht'!$B$4,J100,K100))=K100),DATE('Übersicht'!$B$4,J100,K100),NA()),IF(I100="easterOffsetDays",IF(AND(ISNUMBER(L100),L100=INT(L100),ABS(L100)<=366),$AB$23+L100,NA()),IF(I100="nthWeekdayOfMonth",IF(AND(ISNUMBER(J100),ISNUMBER(M100),ISNUMBER(N100),J100=INT(J100),M100=INT(M100),N100=INT(N100),J100>=1,J100<=12,M100>=1,M100<=7,N100>=1,N100<=5,MONTH(DATE('Übersicht'!$B$4,J100,1)+MOD(M100-WEEKDAY(DATE('Übersicht'!$B$4,J100,1),2),7)+7*(N100-1))=J100),DATE('Übersicht'!$B$4,J100,1)+MOD(M100-WEEKDAY(DATE('Übersicht'!$B$4,J100,1),2),7)+7*(N100-1),NA()),NA()))),NA()) -> 46475 | X100: =IF(AND(W100>=O100,OR(P100="",W100<=P100)),W100,"Ausserhalb Geltung") -> 46475 | Y100: SRC-TI-FEIERTAGE-843200 | Z100: Art. 1
A101: TI-CAL-DAY-MAY1 | B101: CH-TI | C101: TI-OFFICIAL-ALL | D101: Tag der Arbeit (1. Mai) | E101: Fête du travail (1er mai) | F101: Primo maggio | G101: Di da la lavur (1. da matg) | H101: publicHoliday | I101: fixedMonthDay | J101: 5 | K101: 1 | O101: 46023 | Q101: 100 | R101: open | T101: add | V101: blockedEffect | W101: =IF(AND(ISNUMBER('Übersicht'!$B$4),'Übersicht'!$B$4=INT('Übersicht'!$B$4),'Übersicht'!$B$4>=2026,'Übersicht'!$B$4<=2028),IF(I101="fixedMonthDay",IF(AND(ISNUMBER(J101),ISNUMBER(K101),J101=INT(J101),K101=INT(K101),MONTH(DATE('Übersicht'!$B$4,J101,K101))=J101,DAY(DATE('Übersicht'!$B$4,J101,K101))=K101),DATE('Übersicht'!$B$4,J101,K101),NA()),IF(I101="easterOffsetDays",IF(AND(ISNUMBER(L101),L101=INT(L101),ABS(L101)<=366),$AB$23+L101,NA()),IF(I101="nthWeekdayOfMonth",IF(AND(ISNUMBER(J101),ISNUMBER(M101),ISNUMBER(N101),J101=INT(J101),M101=INT(M101),N101=INT(N101),J101>=1,J101<=12,M101>=1,M101<=7,N101>=1,N101<=5,MONTH(DATE('Übersicht'!$B$4,J101,1)+MOD(M101-WEEKDAY(DATE('Übersicht'!$B$4,J101,1),2),7)+7*(N101-1))=J101),DATE('Übersicht'!$B$4,J101,1)+MOD(M101-WEEKDAY(DATE('Übersicht'!$B$4,J101,1),2),7)+7*(N101-1),NA()),NA()))),NA()) -> 46508 | X101: =IF(AND(W101>=O101,OR(P101="",W101<=P101)),W101,"Ausserhalb Geltung") -> 46508 | Y101: SRC-TI-FEIERTAGE-843200 | Z101: Art. 1
A102: TI-CAL-DAY-ASCENSION | B102: CH-TI | C102: TI-OFFICIAL-ALL | D102: Auffahrt | E102: Ascension | F102: Ascensione | G102: Ascensiun | H102: publicHoliday | I102: easterOffsetDays | L102: 39 | O102: 46023 | Q102: 100 | R102: open | T102: add | V102: blockedEffect | W102: =IF(AND(ISNUMBER('Übersicht'!$B$4),'Übersicht'!$B$4=INT('Übersicht'!$B$4),'Übersicht'!$B$4>=2026,'Übersicht'!$B$4<=2028),IF(I102="fixedMonthDay",IF(AND(ISNUMBER(J102),ISNUMBER(K102),J102=INT(J102),K102=INT(K102),MONTH(DATE('Übersicht'!$B$4,J102,K102))=J102,DAY(DATE('Übersicht'!$B$4,J102,K102))=K102),DATE('Übersicht'!$B$4,J102,K102),NA()),IF(I102="easterOffsetDays",IF(AND(ISNUMBER(L102),L102=INT(L102),ABS(L102)<=366),$AB$23+L102,NA()),IF(I102="nthWeekdayOfMonth",IF(AND(ISNUMBER(J102),ISNUMBER(M102),ISNUMBER(N102),J102=INT(J102),M102=INT(M102),N102=INT(N102),J102>=1,J102<=12,M102>=1,M102<=7,N102>=1,N102<=5,MONTH(DATE('Übersicht'!$B$4,J102,1)+MOD(M102-WEEKDAY(DATE('Übersicht'!$B$4,J102,1),2),7)+7*(N102-1))=J102),DATE('Übersicht'!$B$4,J102,1)+MOD(M102-WEEKDAY(DATE('Übersicht'!$B$4,J102,1),2),7)+7*(N102-1),NA()),NA()))),NA()) -> 46513 | X102: =IF(AND(W102>=O102,OR(P102="",W102<=P102)),W102,"Ausserhalb Geltung") -> 46513 | Y102: SRC-TI-FEIERTAGE-843200 | Z102: Art. 1
A103: TI-CAL-DAY-WHIT-MONDAY | B103: CH-TI | C103: TI-OFFICIAL-ALL | D103: Pfingstmontag | E103: Lundi de Pentecôte | F103: Lunedì di Pentecoste | G103: Glindesdi da Tschuncaisma | H103: publicHoliday | I103: easterOffsetDays | L103: 50 | O103: 46023 | Q103: 100 | R103: open | T103: add | V103: blockedEffect | W103: =IF(AND(ISNUMBER('Übersicht'!$B$4),'Übersicht'!$B$4=INT('Übersicht'!$B$4),'Übersicht'!$B$4>=2026,'Übersicht'!$B$4<=2028),IF(I103="fixedMonthDay",IF(AND(ISNUMBER(J103),ISNUMBER(K103),J103=INT(J103),K103=INT(K103),MONTH(DATE('Übersicht'!$B$4,J103,K103))=J103,DAY(DATE('Übersicht'!$B$4,J103,K103))=K103),DATE('Übersicht'!$B$4,J103,K103),NA()),IF(I103="easterOffsetDays",IF(AND(ISNUMBER(L103),L103=INT(L103),ABS(L103)<=366),$AB$23+L103,NA()),IF(I103="nthWeekdayOfMonth",IF(AND(ISNUMBER(J103),ISNUMBER(M103),ISNUMBER(N103),J103=INT(J103),M103=INT(M103),N103=INT(N103),J103>=1,J103<=12,M103>=1,M103<=7,N103>=1,N103<=5,MONTH(DATE('Übersicht'!$B$4,J103,1)+MOD(M103-WEEKDAY(DATE('Übersicht'!$B$4,J103,1),2),7)+7*(N103-1))=J103),DATE('Übersicht'!$B$4,J103,1)+MOD(M103-WEEKDAY(DATE('Übersicht'!$B$4,J103,1),2),7)+7*(N103-1),NA()),NA()))),NA()) -> 46524 | X103: =IF(AND(W103>=O103,OR(P103="",W103<=P103)),W103,"Ausserhalb Geltung") -> 46524 | Y103: SRC-TI-FEIERTAGE-843200 | Z103: Art. 1
...

Sheet Geltungsbereiche
A2: Räumliche Geltungsbereiche
A4: Gemeinden und Bezirke konkretisieren kantonales Recht. Keine Geodaten und kein eigenständiges kommunales Feiertagsrecht.
A6: Geltungs-ID | B6: Gemeinwesen | C6: Gebiet | D6: Französisch | E6: Italienisch | F6: Rumantsch Grischun | G6: Gebietstyp | H6: Umfang / Grenze | I6: Quellen-ID | J6: Fundstelle | K6: Fachstatus | L6: Daten ab | M6: Daten bis
A7: CH-ALL | B7: CH | C7: Bundesgebiet | G7: National | H7: Bundesgebiet | I7: SRC-BUNDESFEIERTAG-19940701 | J7: Art. 1 | K7: approved | L7: 34516
A8: BE-ALL | B8: CH-BE | C8: Kanton Bern | G8: Kanton | H8: Gesamtes Kantonsgebiet | I8: SRC-FRG-BE-20210401 | J8: Art. 2 Abs. 1 | K8: approved | L8: 46023
A9: AG-ARG-BADEN | B9: CH-AG | C9: Bezirk Baden ohne Bergdietikon | G9: Bezirksausnahme | H9: Nur § 6 Abs. 1 Bst. b Ziff. 2 EG ArR. Kein allgemeiner Fristenkalender. | I9: SRC-AG-EGARR-20250901 | J9: § 6 Abs. 1 Bst. b Ziff. 2 | K9: open | L9: 46023
A10: AG-ARG-BERGDIETIKON | B10: CH-AG | C10: Gemeinde Bergdietikon | G10: Gemeinde | H10: Nur § 6 Abs. 1 Bst. b Ziff. 1 EG ArR. Kantonale Rechtsgrundlage. | I10: SRC-AG-EGARR-20250901 | J10: § 6 Abs. 1 Bst. b Ziff. 1 | K10: open | L10: 46023
A11: AG-ZPO-ALL | B11: CH-AG | C11: Aargau, prozessuale Zuordnung | G11: Kanton | H11: § 21 EG ZPO getrennt vom Arbeitsrecht. Anwendungszuordnung offen. | I11: SRC-AG-EGZPO | J11: § 21 | K11: open | L11: 46023
A12: AG-ARG-AARAU-BRUGG-KULM-LENZBURG-ZOFINGEN | B12: CH-AG | C12: Bezirke Aarau, Brugg, Kulm, Lenzburg und Zofingen | G12: Gebietsgruppe | H12: § 6 Abs. 1 Bst. a EG ArR. Nur arbeitsrechtlicher Feiertagsgeltungsbereich, kein allgemeiner Fristenkalender. | I12: SRC-AG-EGARR-20250901 | J12: § 6 Abs. 1 Bst. a | K12: open | L12: 46023
A13: AG-ARG-BREMGARTEN | B13: CH-AG | C13: Bezirk Bremgarten | G13: Bezirk | H13: § 6 Abs. 1 Bst. c EG ArR. Nur arbeitsrechtlicher Feiertagsgeltungsbereich, kein allgemeiner Fristenkalender. | I13: SRC-AG-EGARR-20250901 | J13: § 6 Abs. 1 Bst. c | K13: open | L13: 46023
A14: AG-ARG-LAUFENBURG-MURI | B14: CH-AG | C14: Bezirke Laufenburg und Muri | G14: Gebietsgruppe | H14: § 6 Abs. 1 Bst. d EG ArR. Nur arbeitsrechtlicher Feiertagsgeltungsbereich, kein allgemeiner Fristenkalender. | I14: SRC-AG-EGARR-20250901 | J14: § 6 Abs. 1 Bst. d | K14: open | L14: 46023
A15: AG-ARG-RHEINFELDEN-E1 | B15: CH-AG | C15: Gemeinden Hellikon, Mumpf, Obermumpf, Schupfart, Stein und Wegenstetten | G15: Gebietsgruppe | H15: § 6 Abs. 1 Bst. e Ziff. 1 EG ArR. Nur arbeitsrechtlicher Feiertagsgeltungsbereich, kein allgemeiner Fristenkalender. | I15: SRC-AG-EGARR-20250901 | J15: § 6 Abs. 1 Bst. e Ziff. 1 | K15: open | L15: 46023
A16: AG-ARG-RHEINFELDEN-E2 | B16: CH-AG | C16: Gemeinden Kaiseraugst, Magden, Möhlin, Olsberg, Rheinfelden, Wallbach, Zeiningen und Zuzgen | G16: Gebietsgruppe | H16: § 6 Abs. 1 Bst. e Ziff. 2 EG ArR. Nur arbeitsrechtlicher Feiertagsgeltungsbereich, kein allgemeiner Fristenkalender. | I16: SRC-AG-EGARR-20250901 | J16: § 6 Abs. 1 Bst. e Ziff. 2 | K16: open | L16: 46023
A17: AG-ARG-ZURZACH | B17: CH-AG | C17: Bezirk Zurzach | G17: Bezirk | H17: § 6 Abs. 1 Bst. f EG ArR. Nur arbeitsrechtlicher Feiertagsgeltungsbereich, kein allgemeiner Fristenkalender. | I17: SRC-AG-EGARR-20250901 | J17: § 6 Abs. 1 Bst. f | K17: open | L17: 46023
A18: TI-OFFICIAL-ALL | B18: CH-TI | C18: Tessin, offizielle Feiertage | D18: Canton du Tessin | E18: Cantone Ticino | F18: Chantun Tessin | G18: Kanton | H18: Alle 15 Tage nach Art. 1 RL 843.200. Keine Einschränkung auf neun arbeitsrechtlich sonntagsgleiche Feiertage. | I18: SRC-TI-FEIERTAGE-843200 | J18: Art. 1 | K18: open | L18: 46023
A19: GR-PUBLIC-ALL | B19: CH-GR | C19: Graubünden, kantonale Grundliste | D19: Canton des Grisons | E19: Cantone dei Grigioni | F19: Chantun Grischun | G19: Kanton | H19: Art. 2 Ruhetagsgesetz plus separat angewendete Bundesregel. Keine kommunalen Beschlüsse. VRG-Annahme und örtliche Wirkung ausschliesslich im Verfahrensbezug. | I19: SRC-GR-RUHETAGE-520100-20160101 | J19: Art. 2 | K19: open | L19: 46023

Sheet Gebietszuordnungen
A2: Gebietszuordnungen und räumliche Ausnahmen
A4: Ein Geltungsbereich umfasst die eingeschlossenen Gebiete abzüglich der ausgeschlossenen Gebiete. Keine automatische Fristwirkung.
A6: Zuordnungs-ID | B6: Geltungs-ID | C6: Gebiet-ID | D6: Deutsch | E6: Französisch | F6: Italienisch | G6: Rumantsch Grischun | H6: Gebietstyp | I6: Übergeordnetes Gebiet | J6: Einbezug | K6: Kennungssystem | L6: Amtliche Kennung | M6: Gültig ab | N6: Gültig bis | O6: Quellen-ID | P6: Fundstelle | Q6: Fachstatus | R6: Prüfhinweis
A7: AREA-AP18A-01 | B7: CH-ALL | C7: GEO-CH | D7: Bund | E7: Confédération | H7: Bund | J7: include | M7: 34516 | O7: SRC-BUNDESFEIERTAG-19940701 | P7: Art. 1 | Q7: open | R7: Neue räumliche Zuordnung, fachlich zu prüfen. Interne Gebiet-ID, keine amtliche Kennung. Keine automatische Feiertagsvererbung oder Fristwirkung.
A8: AREA-AP18A-02 | B8: BE-ALL | C8: GEO-BE | D8: Bern | E8: Berne | H8: Kanton | I8: GEO-CH | J8: include | M8: 46023 | O8: SRC-FRG-BE-20210401 | P8: Art. 2 Abs. 1 | Q8: open | R8: Neue räumliche Zuordnung, fachlich zu prüfen. Interne Gebiet-ID, keine amtliche Kennung. Keine automatische Feiertagsvererbung oder Fristwirkung.
A9: AREA-AP18A-03 | B9: AG-ARG-BADEN | C9: GEO-AG-BADEN | D9: Bezirk Baden | H9: Bezirk | I9: GEO-AG | J9: include | M9: 46023 | O9: SRC-AG-EGARR-20250901 | P9: § 6 Abs. 1 Bst. b Ziff. 2 | Q9: open | R9: Neue räumliche Zuordnung, fachlich zu prüfen. Interne Gebiet-ID, keine amtliche Kennung. Keine automatische Feiertagsvererbung oder Fristwirkung.
A10: AREA-AP18A-04 | B10: AG-ARG-BADEN | C10: GEO-AG-BERGDIETIKON | D10: Gemeinde Bergdietikon | H10: Gemeinde | I10: GEO-AG-BADEN | J10: exclude | M10: 46023 | O10: SRC-AG-EGARR-20250901 | P10: § 6 Abs. 1 Bst. b Ziff. 2 | Q10: open | R10: Neue räumliche Zuordnung, fachlich zu prüfen. Interne Gebiet-ID, keine amtliche Kennung. Keine automatische Feiertagsvererbung oder Fristwirkung.
A11: AREA-AP18A-05 | B11: AG-ARG-BERGDIETIKON | C11: GEO-AG-BERGDIETIKON | D11: Gemeinde Bergdietikon | H11: Gemeinde | I11: GEO-AG-BADEN | J11: include | M11: 46023 | O11: SRC-AG-EGARR-20250901 | P11: § 6 Abs. 1 Bst. b Ziff. 1 | Q11: open | R11: Neue räumliche Zuordnung, fachlich zu prüfen. Interne Gebiet-ID, keine amtliche Kennung. Keine automatische Feiertagsvererbung oder Fristwirkung.
A12: AREA-AP18A-06 | B12: AG-ZPO-ALL | C12: GEO-AG | D12: Aargau | E12: Argovie | H12: Kanton | I12: GEO-CH | J12: include | M12: 46023 | O12: SRC-AG-EGZPO | P12: § 21 | Q12: open | R12: Neue räumliche Zuordnung, fachlich zu prüfen. Interne Gebiet-ID, keine amtliche Kennung. Keine automatische Feiertagsvererbung oder Fristwirkung.
A13: AREA-AP18B-AG-01 | B13: AG-ARG-AARAU-BRUGG-KULM-LENZBURG-ZOFINGEN | C13: GEO-AG-BEZIRK-AARAU | D13: Bezirk Aarau | H13: Bezirk | I13: GEO-AG | J13: include | M13: 46023 | O13: SRC-AG-EGARR-20250901 | P13: § 6 Abs. 1 Bst. a | Q13: open | R13: Normzweig aus § 6 EG ArR, fachliche Abnahme offen. Parent ist das nächste erfasste übergeordnete Gebiet, keine Feiertagsvererbung. Amtliche Kennung noch zu prüfen.
A14: AREA-AP18B-AG-02 | B14: AG-ARG-AARAU-BRUGG-KULM-LENZBURG-ZOFINGEN | C14: GEO-AG-BEZIRK-BRUGG | D14: Bezirk Brugg | H14: Bezirk | I14: GEO-AG | J14: include | M14: 46023 | O14: SRC-AG-EGARR-20250901 | P14: § 6 Abs. 1 Bst. a | Q14: open | R14: Normzweig aus § 6 EG ArR, fachliche Abnahme offen. Parent ist das nächste erfasste übergeordnete Gebiet, keine Feiertagsvererbung. Amtliche Kennung noch zu prüfen.
A15: AREA-AP18B-AG-03 | B15: AG-ARG-AARAU-BRUGG-KULM-LENZBURG-ZOFINGEN | C15: GEO-AG-BEZIRK-KULM | D15: Bezirk Kulm | H15: Bezirk | I15: GEO-AG | J15: include | M15: 46023 | O15: SRC-AG-EGARR-20250901 | P15: § 6 Abs. 1 Bst. a | Q15: open | R15: Normzweig aus § 6 EG ArR, fachliche Abnahme offen. Parent ist das nächste erfasste übergeordnete Gebiet, keine Feiertagsvererbung. Amtliche Kennung noch zu prüfen.
A16: AREA-AP18B-AG-04 | B16: AG-ARG-AARAU-BRUGG-KULM-LENZBURG-ZOFINGEN | C16: GEO-AG-BEZIRK-LENZBURG | D16: Bezirk Lenzburg | H16: Bezirk | I16: GEO-AG | J16: include | M16: 46023 | O16: SRC-AG-EGARR-20250901 | P16: § 6 Abs. 1 Bst. a | Q16: open | R16: Normzweig aus § 6 EG ArR, fachliche Abnahme offen. Parent ist das nächste erfasste übergeordnete Gebiet, keine Feiertagsvererbung. Amtliche Kennung noch zu prüfen.
A17: AREA-AP18B-AG-05 | B17: AG-ARG-AARAU-BRUGG-KULM-LENZBURG-ZOFINGEN | C17: GEO-AG-BEZIRK-ZOFINGEN | D17: Bezirk Zofingen | H17: Bezirk | I17: GEO-AG | J17: include | M17: 46023 | O17: SRC-AG-EGARR-20250901 | P17: § 6 Abs. 1 Bst. a | Q17: open | R17: Normzweig aus § 6 EG ArR, fachliche Abnahme offen. Parent ist das nächste erfasste übergeordnete Gebiet, keine Feiertagsvererbung. Amtliche Kennung noch zu prüfen.
A18: AREA-AP18B-AG-06 | B18: AG-ARG-BREMGARTEN | C18: GEO-AG-BEZIRK-BREMGARTEN | D18: Bezirk Bremgarten | H18: Bezirk | I18: GEO-AG | J18: include | M18: 46023 | O18: SRC-AG-EGARR-20250901 | P18: § 6 Abs. 1 Bst. c | Q18: open | R18: Normzweig aus § 6 EG ArR, fachliche Abnahme offen. Parent ist das nächste erfasste übergeordnete Gebiet, keine Feiertagsvererbung. Amtliche Kennung noch zu prüfen.
A19: AREA-AP18B-AG-07 | B19: AG-ARG-LAUFENBURG-MURI | C19: GEO-AG-BEZIRK-LAUFENBURG | D19: Bezirk Laufenburg | H19: Bezirk | I19: GEO-AG | J19: include | M19: 46023 | O19: SRC-AG-EGARR-20250901 | P19: § 6 Abs. 1 Bst. d | Q19: open | R19: Normzweig aus § 6 EG ArR, fachliche Abnahme offen. Parent ist das nächste erfasste übergeordnete Gebiet, keine Feiertagsvererbung. Amtliche Kennung noch zu prüfen.
A20: AREA-AP18B-AG-08 | B20: AG-ARG-LAUFENBURG-MURI | C20: GEO-AG-BEZIRK-MURI | D20: Bezirk Muri | H20: Bezirk | I20: GEO-AG | J20: include | M20: 46023 | O20: SRC-AG-EGARR-20250901 | P20: § 6 Abs. 1 Bst. d | Q20: open | R20: Normzweig aus § 6 EG ArR, fachliche Abnahme offen. Parent ist das nächste erfasste übergeordnete Gebiet, keine Feiertagsvererbung. Amtliche Kennung noch zu prüfen.
A21: AREA-AP18B-AG-09 | B21: AG-ARG-RHEINFELDEN-E1 | C21: GEO-AG-GEMEINDE-HELLIKON | D21: Gemeinde Hellikon | H21: Gemeinde | I21: GEO-AG | J21: include | M21: 46023 | O21: SRC-AG-EGARR-20250901 | P21: § 6 Abs. 1 Bst. e Ziff. 1 | Q21: open | R21: Normzweig aus § 6 EG ArR, fachliche Abnahme offen. Parent ist das nächste erfasste übergeordnete Gebiet, keine Feiertagsvererbung. Amtliche Kennung noch zu prüfen.
A22: AREA-AP18B-AG-10 | B22: AG-ARG-RHEINFELDEN-E1 | C22: GEO-AG-GEMEINDE-MUMPF | D22: Gemeinde Mumpf | H22: Gemeinde | I22: GEO-AG | J22: include | M22: 46023 | O22: SRC-AG-EGARR-20250901 | P22: § 6 Abs. 1 Bst. e Ziff. 1 | Q22: open | R22: Normzweig aus § 6 EG ArR, fachliche Abnahme offen. Parent ist das nächste erfasste übergeordnete Gebiet, keine Feiertagsvererbung. Amtliche Kennung noch zu prüfen.
A23: AREA-AP18B-AG-11 | B23: AG-ARG-RHEINFELDEN-E1 | C23: GEO-AG-GEMEINDE-OBERMUMPF | D23: Gemeinde Obermumpf | H23: Gemeinde | I23: GEO-AG | J23: include | M23: 46023 | O23: SRC-AG-EGARR-20250901 | P23: § 6 Abs. 1 Bst. e Ziff. 1 | Q23: open | R23: Normzweig aus § 6 EG ArR, fachliche Abnahme offen. Parent ist das nächste erfasste übergeordnete Gebiet, keine Feiertagsvererbung. Amtliche Kennung noch zu prüfen.
A24: AREA-AP18B-AG-12 | B24: AG-ARG-RHEINFELDEN-E1 | C24: GEO-AG-GEMEINDE-SCHUPFART | D24: Gemeinde Schupfart | H24: Gemeinde | I24: GEO-AG | J24: include | M24: 46023 | O24: SRC-AG-EGARR-20250901 | P24: § 6 Abs. 1 Bst. e Ziff. 1 | Q24: open | R24: Normzweig aus § 6 EG ArR, fachliche Abnahme offen. Parent ist das nächste erfasste übergeordnete Gebiet, keine Feiertagsvererbung. Amtliche Kennung noch zu prüfen.
... A35: AREA-AP18B-AG-23 | B35: AG-ARG-ZURZACH | C35: GEO-AG-BEZIRK-ZURZACH | D35: Bezirk Zurzach | H35: Bezirk | I35: GEO-AG | J35: include | M35: 46023 | O35: SRC-AG-EGARR-20250901 | P35: § 6 Abs. 1 Bst. f | Q35: open | R35: Normzweig aus § 6 EG ArR, fachliche Abnahme offen. Parent ist das nächste erfasste übergeordnete Gebiet, keine Feiertagsvererbung. Amtliche Kennung noch zu prüfen.
A36: AREA-AP18B-TI-GR-01 | B36: TI-OFFICIAL-ALL | C36: GEO-TI | D36: Tessin | E36: Tessin | F36: Ticino | G36: Tessin | H36: Kanton | I36: GEO-CH | J36: include | M36: 46023 | O36: SRC-TI-FEIERTAGE-843200 | P36: Art. 1 | Q36: open | R36: Kantonsgebiet für die offizielle Liste. IT/RM-Kantonsnamen amtlich belegt, keine automatische Verfahrensfreigabe.
A37: AREA-AP18B-TI-GR-02 | B37: GR-PUBLIC-ALL | C37: GEO-GR | D37: Graubünden | E37: Grisons | F37: Grigioni | G37: Grischun | H37: Kanton | I37: GEO-CH | J37: include | M37: 46023 | O37: SRC-GR-RUHETAGE-520100-20160101 | P37: Art. 2 | Q37: open | R37: Kantonsgebiet nur für die Grundliste. Lokale Ruhetage nicht vollständig erhoben. Begrenzte VRG-Annahme separat, OF-008 offen.
A40: include = einschliessen, exclude = ausschliessen. Neue Zuordnungen sind open, keine zusätzliche Fachfreigabe.
A41: GEO-IDs sind interne Kennungen. Amtliche Gebietskennungen sind noch zu erfassen und zu prüfen.
A42: Übergeordnetes Gebiet beschreibt nur Geografie. Daraus werden keine Feiertagsregeln vererbt.
A43: Erfasst sind nur die für das Quellenpaket benötigten Gebiete. Amtliche Kennungen bleiben noch offen.
A44: Änderungen an Gebietszuordnungen benötigen eine kontrollierte Neugenerierung des Kalenders. Keine automatische Ortsauflösung.

Sheet Rechtsquellen
A2: Rechtsgrundlagen und amtliche Quellen
A4: Quellen-IDs sind stabil. Originalstand, Abruf und Fachfreigabe sind verschiedene Angaben.
A6: Quellen-ID | B6: Gemeinwesen | C6: Erlass / Quelle | D6: Fundstelle | E6: Amtlicher Link | F6: Fassungsstand | G6: Abgerufen | H6: Prüfhinweis | I6: Fachstatus | J6: Frühere Freigabebasis | K6: URL (Original)
A7: SRC-BUNDESFEIERTAG-19940701 | B7: CH | C7: Verordnung über den Bundesfeiertag, SR 116 | D7: SR 116, Art. 1 | E7: Amtliche Quelle öffnen | F7: 34516 | G7: 46278 | H7: Originaltext geöffnet | I7: approved | J7: 2026-08-31-mvp-03-approved.1 | K7: https://www.fedlex.admin.ch/eli/cc/1994/1340_1340_1340/de
A8: SRC-FRG-BE-20210401 | B8: CH-BE | C8: Gesetz über die Ruhe an öffentlichen Feiertagen, BSG 555.1 | D8: BSG 555.1, Art. 2 | E8: Amtliche Quelle öffnen | F8: 44287 | G8: 46278 | H8: Originaltext geöffnet | I8: approved | J8: 2026-08-31-mvp-03-approved.1 | K8: https://www.belex.sites.be.ch/app/de/texts_of_law/555.1
A9: SRC-AG-EGARR-20250901 | B9: CH-AG | C9: Einführungsgesetz zum Arbeitsrecht | D9: SAR 961.200, § 6 | E9: Amtliche Quelle öffnen | F9: 45901 | G9: 46278 | H9: Alle acht Normzweige von § 6 Abs. 1 am 13.09.2026 vollständig abgeglichen, Fachabnahme offen | I9: open | K9: https://gesetzessammlungen.ag.ch/app/de/texts_of_law/961.200
A10: SRC-AG-EGZPO | B10: CH-AG | C10: Einführungsgesetz zur Schweizerischen Zivilprozessordnung | D10: SAR 221.200, § 21 Abs. 1 | E10: Amtliche Quelle öffnen | F10: 44562 | G10: 46278 | H10: Alle 14 Tage von § 21 Abs. 1 am 13.09.2026 vollständig abgeglichen, Orts-/Profilanknüpfung und Freigabe offen | I10: open | K10: https://gesetzessammlungen.ag.ch/app/de/texts_of_law/221.200
A11: SRC-BJ-FRISTENHINWEISE-20121217 | B11: CH | C11: Hinweise zum Verzeichnis gesetzlicher Feiertage und gleichgestellter Tage | D11: Ziff. 1–3, Stand 17.12.2012 | E11: Amtliche Quelle öffnen | F11: 41260 | G11: 46278 | H11: Methodische Abgrenzung, keine aktuelle Feiertagsvollerhebung | I11: open | K11: https://www.bj.admin.ch/dam/de/sd-web/4Ad6GMn8rA0i/hinweise-kant-feiertage.pdf
A12: SRC-AG-AWA-FEIERTAGE | B12: CH-AG | C12: Gesetzliche Feiertage im Kanton Aargau, AWA-Übersicht | D12: Amtliche Übersicht zu Art. 20a ArG und § 6 EG ArR | E12: Amtliche Quelle öffnen | G12: 46278 | H12: Undatiertes amtliches Merkblatt, am 13.09.2026 mit § 6 EG ArR abgeglichen | I12: open | K12: https://www.ag.ch/media/kanton-aargau/dvi/dokumente/awa/awa/arbeitnehmerschutz-im-betrieb/feiertage.pdf
A13: SRC-TI-FEIERTAGE-843200 | B13: CH-TI | C13: Legge concernente i giorni festivi ufficiali nel Cantone Ticino | D13: RL 843.200, Art. 1 | E13: Amtliche Quelle öffnen | G13: 46278 | H13: 15 offizielle Tage. IT amtlich, DE/FR Produktübersetzungen. Acht RG-Namen provisorisch ergänzt, keine amtliche TI-Sprachfassung. Kein gesonderter Fassungsstand, Inkrafttreten 09.02.2010. | I13: open | K13: https://www3.ti.ch/CAN/RLeggi/public/index.php/raccolta-leggi/legge/num/568
A14: SRC-TI-LALL-843100 | B14: CH-TI | C14: Legge di applicazione della legge federale sul lavoro, LALL | D14: RL 843.100, Art. 6 lit. a und b | E14: Amtliche Quelle öffnen | G14: 46278 | H14: Arbeitsrechtliche Gruppen 9/6 separat. Alle 15 bleiben offiziell. Kein Ausschluss der sechs Tage aus LPAmm. Kein gesonderter Fassungsstand ausgewiesen, Inkrafttreten 01.06.2011. | I14: open | K14: https://m3.ti.ch/CAN/RLeggi/public/index.php/raccolta-leggi/legge/num/569
A15: SRC-TI-LPAMM-165100-20250601 | B15: CH-TI | C15: Legge sulla procedura amministrativa, LPAmm | D15: RL 165.100, Art. 1 und Art. 13 Abs. 3 | E15: Amtliche Quelle öffnen | F15: 45809 | G15: 46278 | H15: Art. 13 Abs. 3 erfasst offiziell anerkannte Feiertage. Sonderrecht Art. 1 Abs. 2 und Ausschluss von Titel II nach Art. 1 Abs. 3 bleiben vorbehalten. | I15: open | K15: https://www3.ti.ch/CAN/RLeggi/public/index.php/raccolta-leggi/legge/num/151
A16: SRC-GR-RUHETAGE-520100-20160101 | B16: CH-GR | C16: Gesetz über die öffentlichen Ruhetage, Ruhetagsgesetz | D16: BR 520.100, Art. 2–4 | E16: Amtliche Quelle öffnen | F16: 42370 | G16: 46278 | H16: DE amtlich. IT/RM separat belegt, FR Produktübersetzung. Art. 2 Abs. 2: hohe Tage samt drei benannten Sonntagen. Bundesfeier aus Bundesregel, lokale Ruhetage nicht erfasst. | I16: open | K16: https://www.gr-lex.gr.ch/api/de/versions/2604/pdf_file
A17: SRC-GR-VRG-370100-V3521 | B17: CH-GR | C17: Gesetz über die Verwaltungsrechtspflege, VRG | D17: BR 370.100, Art. 1, 2 und 7 Abs. 2, Version 3521 | E17: Amtliche Quelle öffnen | F17: 45658 | G17: 46278 | H17: Bestätigte Projektannahme nur für Art.-1-VRG-Kontext vor kantonalen Behörden: zusätzliche lokale Ruhetage werden nicht erhoben. Art. 7 Abs. 2 schliesst sie nicht ausdrücklich aus. Örtliche Fristenwirkung bleibt OF-008, keine automatische Berechenbarkeit. | I17: open | K17: https://www.gr-lex.gr.ch/api/de/versions/3521/pdf_file
A18: SRC-GR-RUHETAGE-520100-IT-V2604 | B18: CH-GR | C18: Legge sui giorni di riposo pubblici, amtliche italienische Sprachfassung | D18: BR 520.100, Art. 2, Version 2604, IT | E18: Amtliche Quelle öffnen | F18: 42370 | G18: 46278 | H18: Sprachbeleg IT: unter anderem Domenica di Pasqua, Domenica di Pentecoste und Festa federale di preghiera. Keine zusätzliche Rechtswirkung durch Sprachübernahme. | I18: open | K18: https://www.gr-lex.gr.ch/app/it/texts_of_law/520.100/versions/2604
A19: SRC-GR-RUHETAGE-520100-RM-V2604 | B19: CH-GR | C19: Lescha davart ils dis da paus publics, amtliche rätoromanische Sprachfassung | D19: BR 520.100, Art. 2, Version 2604, RM | E19: Amtliche Quelle öffnen | F19: 42370 | G19: 46278 | H19: Amtliche RG-Namen. Anzeige teilweise ohne Satzartikel und mit grossem Anfangsbuchstaben. Gemeinsame TI-Namen übernehmen nur diesen Sprachbeleg, nicht GR-Recht. | I19: open | K19: https://www.gr-lex.gr.ch/api/rm/versions/2604/pdf_file
A20: SRC-GR-VRG-370100-RM-V3521 | B20: CH-GR | C20: Lescha davart la giurisdicziun administrativa, rätoromanischer Namensbeleg | D20: BR 370.100, Präambel, Version 3521, RM | E20: Amtliche Quelle öffnen | F20: 45658 | G20: 46278 | H20: Amtlicher Beleg des Kantonsnamens Grischun. Eigenständiger Sprachbeleg, keine zusätzliche Freigabe der Verfahrenszuordnung. | I20: open | K20: https://www.gr-lex.gr.ch/api/rm/versions/3521/pdf_file
A21: SRC-TI-UIL-FEIERTAGE-2026-2027 | B21: CH-TI | C21: Giorni festivi in Ticino, amtlicher UIL-Kalender 2026/2027 | D21: Amtliche Informationsseite und Jahreslisten 2026/2027 | E21: Amtliche Quelle öffnen | G21: 46278 | H21: Datumskontrolle 2026/2027. Die Ausprägung 2028 ist regelbasiert abgeleitet, keine behauptete amtliche Jahresliste 2028. | I21: open | K21: https://www4.ti.ch/dfe/de/uil/legge-lavoro/giorni-festivi-in-ticino-1
A22: SRC-CH-PARL-BUNDESFEIER-RM-2026 | B22: CH | C22: Parlamentsagenda, Bundesfeier 2026, rätoromanischer Sprachbeleg | D22: Agendaeintrag: festa naziunala svizra | E22: Amtliche Quelle öffnen | G22: 46278 | H22: Nur Sprachbeleg für Festa naziunala svizra. Der Veranstaltungsbezug 2026 ist kein Normstand. Rechtsgrundlage bleibt die bestehende Bundesquelle. | I22: open | K22: https://www.parlament.ch/agenda/Pages/agenda-1-august-2026.aspx?lang=1047
A23: SRC-TI-KANTONSNAME-RM | B23: CH-TI | C23: Kanton Tessin, Föderalismusdarstellung in Rumantsch Grischun | D23: Infurmaziuns generalas: chantun Tessin | E23: Amtliche Quelle öffnen | G23: 46278 | H23: Amtlicher Beleg des Kantonsnamens Tessin. Undatierte Webseite, nur Namensbeleg, keine Feiertagsnorm. | I23: open | K23: https://www4.ti.ch/generale/foederalismus11/rumantsch/foederalismus/preschentaziun

Sheet Verfahrensbezug
A2: Sachliche und verfahrensrechtliche Zuordnung
A4: Ein arbeitsrechtlicher Feiertag ist nicht automatisch ein prozessualer Fristenverlängerungstag.
A6: Zuordnungs-ID | B6: Geltungs-ID | C6: Rechtskategorie | D6: Anwendungsbereich | E6: Wirkung / Grenze | F6: Norm / Referenz | G6: Fachstatus | H6: Freigabebasis
A7: MAP-BE-PARITY | B7: BE-ALL | C7: publicHoliday | D7: MVP-0.3-Referenzprofile | E7: Bestehende Anknüpfung unverändert, keine neue Profilfreigabe | F7: Referenzrelease / jeweiliges Rechtsprofil | G7: approved | H7: 2026-08-31-mvp-03-approved.1
A8: MAP-CH-PARITY | B8: CH-ALL | C8: publicHoliday | D8: MVP-0.3-Referenzprofile | E8: Nur Bundesfeiertag vererben, keine kantonale Vollständigkeit ableiten | F8: SR 116 Art. 1 / Referenzrelease | G8: approved | H8: 2026-08-31-mvp-03-approved.1
A9: MAP-AG-LABOUR | B9: AG-ARG-BADEN | C9: labourLawHoliday | D9: Arbeitsrecht, nicht pauschal Fristenrecht | E9: Keine automatische Übernahme in Fristenrechner | F9: SAR 961.200 § 6 Abs. 1 Bst. b | G9: blocked
A10: MAP-AG-ZPO | B10: AG-ZPO-ALL | C10: proceduralEquivalentDay | D10: Art. 142 Abs. 3 ZPO / § 21 Abs. 1 EG ZPO | E10: Orts-/Profilanknüpfung und Freigabe offen | F10: SAR 221.200 § 21 Abs. 1 / Art. 142 Abs. 3 ZPO | G10: open
A11: MAP-AP18B-AG-A | B11: AG-ARG-AARAU-BRUGG-KULM-LENZBURG-ZOFINGEN | C11: labourLawHoliday | D11: Arbeitsrecht, nicht pauschal Fristenrecht | E11: Keine automatische Übernahme in Fristenrechner | F11: SAR 961.200 § 6 Abs. 1 Bst. a | G11: blocked
A12: MAP-AP18B-AG-B1 | B12: AG-ARG-BERGDIETIKON | C12: labourLawHoliday | D12: Arbeitsrecht, nicht pauschal Fristenrecht | E12: Keine automatische Übernahme in Fristenrechner | F12: SAR 961.200 § 6 Abs. 1 Bst. b Ziff. 1 | G12: blocked
A13: MAP-AP18B-AG-C | B13: AG-ARG-BREMGARTEN | C13: labourLawHoliday | D13: Arbeitsrecht, nicht pauschal Fristenrecht | E13: Keine automatische Übernahme in Fristenrechner | F13: SAR 961.200 § 6 Abs. 1 Bst. c | G13: blocked
A14: MAP-AP18B-AG-D | B14: AG-ARG-LAUFENBURG-MURI | C14: labourLawHoliday | D14: Arbeitsrecht, nicht pauschal Fristenrecht | E14: Keine automatische Übernahme in Fristenrechner | F14: SAR 961.200 § 6 Abs. 1 Bst. d | G14: blocked
A15: MAP-AP18B-AG-E1 | B15: AG-ARG-RHEINFELDEN-E1 | C15: labourLawHoliday | D15: Arbeitsrecht, nicht pauschal Fristenrecht | E15: Keine automatische Übernahme in Fristenrechner | F15: SAR 961.200 § 6 Abs. 1 Bst. e Ziff. 1 | G15: blocked
A16: MAP-AP18B-AG-E2 | B16: AG-ARG-RHEINFELDEN-E2 | C16: labourLawHoliday | D16: Arbeitsrecht, nicht pauschal Fristenrecht | E16: Keine automatische Übernahme in Fristenrechner | F16: SAR 961.200 § 6 Abs. 1 Bst. e Ziff. 2 | G16: blocked
A17: MAP-AP18B-AG-F | B17: AG-ARG-ZURZACH | C17: labourLawHoliday | D17: Arbeitsrecht, nicht pauschal Fristenrecht | E17: Keine automatische Übernahme in Fristenrechner | F17: SAR 961.200 § 6 Abs. 1 Bst. f | G17: blocked
A18: MAP-TI-LPAMM-ART13 | B18: TI-OFFICIAL-ALL | C18: publicHoliday | D18: LPAmm Art. 13 Abs. 3 im Anwendungsbereich von Art. 1 | E18: Alle 15 offiziellen Tage. Sonderrecht nach Art. 1 Abs. 2 und Ausschluss von Titel II nach Art. 1 Abs. 3 vorbehalten. Orts-/Profilanknüpfung und Freigabe offen. | F18: RL 165.100 Art. 1 und 13 Abs. 3 / RL 843.200 Art. 1 | G18: open
A19: MAP-TI-LALL-A | B19: TI-OFFICIAL-ALL | C19: labourLawHoliday | D19: LALL Art. 6 lit. a, neun sonntagsgleiche Tage | E19: Neujahr, Dreikönige, Ostermontag, Auffahrt, Bundesfeier, Mariä Himmelfahrt, Allerheiligen, Weihnachten, Stephanstag. Arbeitsrechtliche Einteilung, kein Filter für LPAmm. | F19: RL 843.100 Art. 6 lit. a | G19: blocked
A20: MAP-TI-LALL-B | B20: TI-OFFICIAL-ALL | C20: publicHoliday | D20: LALL Art. 6 lit. b, sechs weitere offizielle Tage | E20: Josefstag, 1. Mai, Pfingstmontag, Fronleichnam, Peter und Paul, Mariä Empfängnis. Weiterhin offiziell und im LPAmm-Anwendungsbereich zu berücksichtigen. | F20: RL 843.100 Art. 6 lit. b / RL 165.100 Art. 13 Abs. 3 | G20: blocked
