Workbook

Sheet Übersicht
A2: STEIMER Feiertagsgrundlage Schweiz
A4: Kalenderjahr | B4: 2028 | D4: Prüfzeitraum 2026–2028
A6: AP18B-04 · V0.10 · Bund und alle 26 Kantone als Arbeitsgrundlage
A8: Alle Kantone erhoben, keine Vollständigkeitsfreigabe. 5 begrenzte Fälle offen, siehe Quellenprüfung.
A9: Abgenommene V0.9 erhalten. SO-Halbtag am 1. Mai: gemäss Fachentscheid keine Fristwirkung.
A10: GR nur kantonale Grundliste. Lokale Ruhetage nicht erhoben, VRG-Annahme dokumentiert.
A11: Gelbes Feld: Jahr ändern. Die Datumswerte werden in Excel neu berechnet.
A12: Im Feiertagskalender nach Gemeinwesen, Geltungsbereich oder Status filtern.
A13: Jede Regeländerung verlangt Fachstatus open und neue Prüfung. Alte Freigabe gilt nicht weiter.
A14: approved bezeichnet nur die angegebene frühere Fachfreigabe, nicht diese Arbeitsmappe.
A15: Quellenprüfung und Datenrelease bleiben getrennt. Neue Prüfereignisse sind candidate.
A16: Keine Makros, externen Datenverbindungen oder automatische Datenaktivierung.
A17: Sonntage gelten separat. Die Ansicht enthält benannte Feiertage, nicht jeden Sonntag.
A18: Gerichtsferien bleiben unverändert in der bestehenden Kalenderkomponente.
... A20: Kalender-App und Feiertagskarte gehören nicht zu AP18.
A23: Kontrolle | B23: Anzahl
A24: Gemeinwesen | B24: =COUNTA(Gemeinwesen!$A$7:$A$33) -> 27 | D24: Stand: 13. September 2026
A25: Referenz-Feiertagsregeln | B25: =COUNTIFS(Feiertagsregeln!$R$7:$R$96,"approved") -> 12 | D25: Fachverantwortung: David Steimer
A26: Offene Kantonsregeln | B26: =COUNTIFS(Feiertagsregeln!$R$7:$R$480,"open") -> 462 | D26: Nächste Jahresprüfung: spätestens 15.11.2027
A29: Pflege: Regeln und Quellen über stabile IDs verknüpfen. Keine Zeilennummer als Identität.
A30: V0.9 ist fachlich abgenommen. Statuswerte früherer Kandidaten bleiben historisch, neue Regeln sind nicht freigegeben.
A31: Der Stand enthält keine neue juristische Freigabe und verändert keine Installation.
A32: Gebiets- und Zuordnungsänderungen brauchen eine Neugenerierung des Kalenders.
A33: Formeln und Referenzzeilen sind geschützt. Blattschutz ohne Passwort aufhebbar.
A34: Vier Sprachspalten erhalten. Neue Produktübersetzungen sind provisorisch, keine amtlichen Sprachfassungen.
A35: Zusätzliche Sprachen nur in der Arbeitsmappe. App und Laufzeitdaten bleiben unverändert.
A36: Arbeitsmappenvertrag 0.5.0 bestätigt (DEC-2026-021). Keine neue Fach-, Produkt- oder Releasefreigabe.

Sheet Feiertagskalender
A2: Generierter Feiertagskalender
A4: Unvollständige Profile AR/AI/GL/NE beachten. SO-Halbtag ohne Fristwirkung. Neue Regeln nicht für Fristen freigegeben.
A6: Datum | B6: Wochentag | C6: Gemeinwesen | D6: Geltungsbereich | E6: Feiertag | F6: Französisch | G6: Italienisch | H6: Rumantsch Grischun | I6: Rechtskategorie | J6: Fachstatus | K6: Regel-ID | L6: Quellen-ID | M6: Fundstelle | N6: Abdeckung | O6: Tagesumfang
A7: =INDEX(Feiertagsregeln!$X$7:$X$480,MATCH($K7,Feiertagsregeln!$A$7:$A$480,0)) -> 46966 | B7: =IF(ISNUMBER(A7),CHOOSE(WEEKDAY(A7,2),"Montag","Dienstag","Mittwoch","Donnerstag","Freitag","Samstag","Sonntag")&IF(O7="Ab 12.00 Uhr",", ab 12.00 Uhr",""),"n.a.") -> Dienstag | C7: CH | D7: Bundesgebiet | E7: =INDEX(Feiertagsregeln!$D$7:$D$480,MATCH($K7,Feiertagsregeln!$A$7:$A$480,0)) -> Bundesfeiertag | F7: =INDEX(Feiertagsregeln!$E$7:$E$480,MATCH($K7,Feiertagsregeln!$A$7:$A$480,0)) -> Fête nationale | G7: =IF(INDEX(Feiertagsregeln!$F$7:$F$480,MATCH($K7,Feiertagsregeln!$A$7:$A$480,0))="","Noch zu erfassen",INDEX(Feiertagsregeln!$F$7:$F$480,MATCH($K7,Feiertagsregeln!$A$7:$A$480,0))) -> Noch zu erfassen | H7: =IF(INDEX(Feiertagsregeln!$G$7:$G$480,MATCH($K7,Feiertagsregeln!$A$7:$A$480,0))="","Noch zu erfassen",INDEX(Feiertagsregeln!$G$7:$G$480,MATCH($K7,Feiertagsregeln!$A$7:$A$480,0))) -> Noch zu erfassen | I7: =INDEX(Feiertagsregeln!$H$7:$H$480,MATCH($K7,Feiertagsregeln!$A$7:$A$480,0)) -> publicHoliday | J7: =INDEX(Feiertagsregeln!$R$7:$R$96,MATCH($K7,Feiertagsregeln!$A$7:$A$96,0)) -> approved | K7: CH-CAL-HOL-NATIONAL-DAY | L7: =INDEX(Feiertagsregeln!$Y$7:$Y$480,MATCH($K7,Feiertagsregeln!$A$7:$A$480,0)) -> SRC-BUNDESFEIERTAG-19940701 | M7: =INDEX(Feiertagsregeln!$Z$7:$Z$480,MATCH($K7,Feiertagsregeln!$A$7:$A$480,0)) -> Art. 1 | N7: Nur Bundesfeiertag | O7: =INDEX(Feiertagsregeln!$AA$7:$AA$480,MATCH($K7,Feiertagsregeln!$A$7:$A$480,0)) -> Ganztägig
A8: =INDEX(Feiertagsregeln!$X$7:$X$480,MATCH($K8,Feiertagsregeln!$A$7:$A$480,0)) -> 46966 | B8: =IF(ISNUMBER(A8),CHOOSE(WEEKDAY(A8,2),"Montag","Dienstag","Mittwoch","Donnerstag","Freitag","Samstag","Sonntag")&IF(O8="Ab 12.00 Uhr",", ab 12.00 Uhr",""),"n.a.") -> Dienstag | C8: CH-BE | D8: Kanton Bern | E8: =INDEX(Feiertagsregeln!$D$7:$D$480,MATCH($K8,Feiertagsregeln!$A$7:$A$480,0)) -> Bundesfeiertag | F8: =INDEX(Feiertagsregeln!$E$7:$E$480,MATCH($K8,Feiertagsregeln!$A$7:$A$480,0)) -> Fête nationale | G8: =IF(INDEX(Feiertagsregeln!$F$7:$F$480,MATCH($K8,Feiertagsregeln!$A$7:$A$480,0))="","Noch zu erfassen",INDEX(Feiertagsregeln!$F$7:$F$480,MATCH($K8,Feiertagsregeln!$A$7:$A$480,0))) -> Noch zu erfassen | H8: =IF(INDEX(Feiertagsregeln!$G$7:$G$480,MATCH($K8,Feiertagsregeln!$A$7:$A$480,0))="","Noch zu erfassen",INDEX(Feiertagsregeln!$G$7:$G$480,MATCH($K8,Feiertagsregeln!$A$7:$A$480,0))) -> Noch zu erfassen | I8: =INDEX(Feiertagsregeln!$H$7:$H$480,MATCH($K8,Feiertagsregeln!$A$7:$A$480,0)) -> publicHoliday | J8: =INDEX(Feiertagsregeln!$R$7:$R$96,MATCH($K8,Feiertagsregeln!$A$7:$A$96,0)) -> approved | K8: CH-CAL-HOL-NATIONAL-DAY | L8: =INDEX(Feiertagsregeln!$Y$7:$Y$480,MATCH($K8,Feiertagsregeln!$A$7:$A$480,0)) -> SRC-BUNDESFEIERTAG-19940701 | M8: =INDEX(Feiertagsregeln!$Z$7:$Z$480,MATCH($K8,Feiertagsregeln!$A$7:$A$480,0)) -> Art. 1 | N8: Referenzbestand | O8: =INDEX(Feiertagsregeln!$AA$7:$AA$480,MATCH($K8,Feiertagsregeln!$A$7:$A$480,0)) -> Ganztägig
A9: =INDEX(Feiertagsregeln!$X$7:$X$480,MATCH($K9,Feiertagsregeln!$A$7:$A$480,0)) -> 46753 | B9: =IF(ISNUMBER(A9),CHOOSE(WEEKDAY(A9,2),"Montag","Dienstag","Mittwoch","Donnerstag","Freitag","Samstag","Sonntag")&IF(O9="Ab 12.00 Uhr",", ab 12.00 Uhr",""),"n.a.") -> Samstag | C9: CH-BE | D9: Kanton Bern | E9: =INDEX(Feiertagsregeln!$D$7:$D$480,MATCH($K9,Feiertagsregeln!$A$7:$A$480,0)) -> Neujahr | F9: =INDEX(Feiertagsregeln!$E$7:$E$480,MATCH($K9,Feiertagsregeln!$A$7:$A$480,0)) -> Nouvel An | G9: =IF(INDEX(Feiertagsregeln!$F$7:$F$480,MATCH($K9,Feiertagsregeln!$A$7:$A$480,0))="","Noch zu erfassen",INDEX(Feiertagsregeln!$F$7:$F$480,MATCH($K9,Feiertagsregeln!$A$7:$A$480,0))) -> Noch zu erfassen | H9: =IF(INDEX(Feiertagsregeln!$G$7:$G$480,MATCH($K9,Feiertagsregeln!$A$7:$A$480,0))="","Noch zu erfassen",INDEX(Feiertagsregeln!$G$7:$G$480,MATCH($K9,Feiertagsregeln!$A$7:$A$480,0))) -> Noch zu erfassen | I9: =INDEX(Feiertagsregeln!$H$7:$H$480,MATCH($K9,Feiertagsregeln!$A$7:$A$480,0)) -> publicHoliday | J9: =INDEX(Feiertagsregeln!$R$7:$R$96,MATCH($K9,Feiertagsregeln!$A$7:$A$96,0)) -> approved | K9: BE-CAL-HOL-NEW-YEAR | L9: =INDEX(Feiertagsregeln!$Y$7:$Y$480,MATCH($K9,Feiertagsregeln!$A$7:$A$480,0)) -> SRC-FRG-BE-20210401 | M9: =INDEX(Feiertagsregeln!$Z$7:$Z$480,MATCH($K9,Feiertagsregeln!$A$7:$A$480,0)) -> Art. 2 Abs. 1 Bst. c | N9: Referenzbestand | O9: =INDEX(Feiertagsregeln!$AA$7:$AA$480,MATCH($K9,Feiertagsregeln!$A$7:$A$480,0)) -> Ganztägig
A10: =INDEX(Feiertagsregeln!$X$7:$X$480,MATCH($K10,Feiertagsregeln!$A$7:$A$480,0)) -> 46754 | B10: =IF(ISNUMBER(A10),CHOOSE(WEEKDAY(A10,2),"Montag","Dienstag","Mittwoch","Donnerstag","Freitag","Samstag","Sonntag")&IF(O10="Ab 12.00 Uhr",", ab 12.00 Uhr",""),"n.a.") -> Sonntag | C10: CH-BE | D10: Kanton Bern | E10: =INDEX(Feiertagsregeln!$D$7:$D$480,MATCH($K10,Feiertagsregeln!$A$7:$A$480,0)) -> Berchtoldstag | F10: =INDEX(Feiertagsregeln!$E$7:$E$480,MATCH($K10,Feiertagsregeln!$A$7:$A$480,0)) -> Saint-Berchtold | G10: =IF(INDEX(Feiertagsregeln!$F$7:$F$480,MATCH($K10,Feiertagsregeln!$A$7:$A$480,0))="","Noch zu erfassen",INDEX(Feiertagsregeln!$F$7:$F$480,MATCH($K10,Feiertagsregeln!$A$7:$A$480,0))) -> Noch zu erfassen | H10: =IF(INDEX(Feiertagsregeln!$G$7:$G$480,MATCH($K10,Feiertagsregeln!$A$7:$A$480,0))="","Noch zu erfassen",INDEX(Feiertagsregeln!$G$7:$G$480,MATCH($K10,Feiertagsregeln!$A$7:$A$480,0))) -> Noch zu erfassen | I10: =INDEX(Feiertagsregeln!$H$7:$H$480,MATCH($K10,Feiertagsregeln!$A$7:$A$480,0)) -> publicHoliday | J10: =INDEX(Feiertagsregeln!$R$7:$R$96,MATCH($K10,Feiertagsregeln!$A$7:$A$96,0)) -> approved | K10: BE-CAL-HOL-BERCHTOLD-DAY | L10: =INDEX(Feiertagsregeln!$Y$7:$Y$480,MATCH($K10,Feiertagsregeln!$A$7:$A$480,0)) -> SRC-FRG-BE-20210401 | M10: =INDEX(Feiertagsregeln!$Z$7:$Z$480,MATCH($K10,Feiertagsregeln!$A$7:$A$480,0)) -> Art. 2 Abs. 1 Bst. c | N10: Referenzbestand | O10: =INDEX(Feiertagsregeln!$AA$7:$AA$480,MATCH($K10,Feiertagsregeln!$A$7:$A$480,0)) -> Ganztägig
A11: =INDEX(Feiertagsregeln!$X$7:$X$480,MATCH($K11,Feiertagsregeln!$A$7:$A$480,0)) -> 46857 | B11: =IF(ISNUMBER(A11),CHOOSE(WEEKDAY(A11,2),"Montag","Dienstag","Mittwoch","Donnerstag","Freitag","Samstag","Sonntag")&IF(O11="Ab 12.00 Uhr",", ab 12.00 Uhr",""),"n.a.") -> Freitag | C11: CH-BE | D11: Kanton Bern | E11: =INDEX(Feiertagsregeln!$D$7:$D$480,MATCH($K11,Feiertagsregeln!$A$7:$A$480,0)) -> Karfreitag | F11: =INDEX(Feiertagsregeln!$E$7:$E$480,MATCH($K11,Feiertagsregeln!$A$7:$A$480,0)) -> Vendredi saint | G11: =IF(INDEX(Feiertagsregeln!$F$7:$F$480,MATCH($K11,Feiertagsregeln!$A$7:$A$480,0))="","Noch zu erfassen",INDEX(Feiertagsregeln!$F$7:$F$480,MATCH($K11,Feiertagsregeln!$A$7:$A$480,0))) -> Noch zu erfassen | H11: =IF(INDEX(Feiertagsregeln!$G$7:$G$480,MATCH($K11,Feiertagsregeln!$A$7:$A$480,0))="","Noch zu erfassen",INDEX(Feiertagsregeln!$G$7:$G$480,MATCH($K11,Feiertagsregeln!$A$7:$A$480,0))) -> Noch zu erfassen | I11: =INDEX(Feiertagsregeln!$H$7:$H$480,MATCH($K11,Feiertagsregeln!$A$7:$A$480,0)) -> publicHoliday | J11: =INDEX(Feiertagsregeln!$R$7:$R$96,MATCH($K11,Feiertagsregeln!$A$7:$A$96,0)) -> approved | K11: BE-CAL-HOL-GOOD-FRIDAY | L11: =INDEX(Feiertagsregeln!$Y$7:$Y$480,MATCH($K11,Feiertagsregeln!$A$7:$A$480,0)) -> SRC-FRG-BE-20210401 | M11: =INDEX(Feiertagsregeln!$Z$7:$Z$480,MATCH($K11,Feiertagsregeln!$A$7:$A$480,0)) -> Art. 2 Abs. 1 Bst. b | N11: Referenzbestand | O11: =INDEX(Feiertagsregeln!$AA$7:$AA$480,MATCH($K11,Feiertagsregeln!$A$7:$A$480,0)) -> Ganztägig
A12: =INDEX(Feiertagsregeln!$X$7:$X$480,MATCH($K12,Feiertagsregeln!$A$7:$A$480,0)) -> 46859 | B12: =IF(ISNUMBER(A12),CHOOSE(WEEKDAY(A12,2),"Montag","Dienstag","Mittwoch","Donnerstag","Freitag","Samstag","Sonntag")&IF(O12="Ab 12.00 Uhr",", ab 12.00 Uhr",""),"n.a.") -> Sonntag | C12: CH-BE | D12: Kanton Bern | E12: =INDEX(Feiertagsregeln!$D$7:$D$480,MATCH($K12,Feiertagsregeln!$A$7:$A$480,0)) -> Ostern | F12: =INDEX(Feiertagsregeln!$E$7:$E$480,MATCH($K12,Feiertagsregeln!$A$7:$A$480,0)) -> Pâques | G12: =IF(INDEX(Feiertagsregeln!$F$7:$F$480,MATCH($K12,Feiertagsregeln!$A$7:$A$480,0))="","Noch zu erfassen",INDEX(Feiertagsregeln!$F$7:$F$480,MATCH($K12,Feiertagsregeln!$A$7:$A$480,0))) -> Noch zu erfassen | H12: =IF(INDEX(Feiertagsregeln!$G$7:$G$480,MATCH($K12,Feiertagsregeln!$A$7:$A$480,0))="","Noch zu erfassen",INDEX(Feiertagsregeln!$G$7:$G$480,MATCH($K12,Feiertagsregeln!$A$7:$A$480,0))) -> Noch zu erfassen | I12: =INDEX(Feiertagsregeln!$H$7:$H$480,MATCH($K12,Feiertagsregeln!$A$7:$A$480,0)) -> publicHoliday | J12: =INDEX(Feiertagsregeln!$R$7:$R$96,MATCH($K12,Feiertagsregeln!$A$7:$A$96,0)) -> approved | K12: BE-CAL-HOL-EASTER | L12: =INDEX(Feiertagsregeln!$Y$7:$Y$480,MATCH($K12,Feiertagsregeln!$A$7:$A$480,0)) -> SRC-FRG-BE-20210401 | M12: =INDEX(Feiertagsregeln!$Z$7:$Z$480,MATCH($K12,Feiertagsregeln!$A$7:$A$480,0)) -> Art. 2 Abs. 1 Bst. b | N12: Referenzbestand | O12: =INDEX(Feiertagsregeln!$AA$7:$AA$480,MATCH($K12,Feiertagsregeln!$A$7:$A$480,0)) -> Ganztägig
A13: =INDEX(Feiertagsregeln!$X$7:$X$480,MATCH($K13,Feiertagsregeln!$A$7:$A$480,0)) -> 46860 | B13: =IF(ISNUMBER(A13),CHOOSE(WEEKDAY(A13,2),"Montag","Dienstag","Mittwoch","Donnerstag","Freitag","Samstag","Sonntag")&IF(O13="Ab 12.00 Uhr",", ab 12.00 Uhr",""),"n.a.") -> Montag | C13: CH-BE | D13: Kanton Bern | E13: =INDEX(Feiertagsregeln!$D$7:$D$480,MATCH($K13,Feiertagsregeln!$A$7:$A$480,0)) -> Ostermontag | F13: =INDEX(Feiertagsregeln!$E$7:$E$480,MATCH($K13,Feiertagsregeln!$A$7:$A$480,0)) -> Lundi de Pâques | G13: =IF(INDEX(Feiertagsregeln!$F$7:$F$480,MATCH($K13,Feiertagsregeln!$A$7:$A$480,0))="","Noch zu erfassen",INDEX(Feiertagsregeln!$F$7:$F$480,MATCH($K13,Feiertagsregeln!$A$7:$A$480,0))) -> Noch zu erfassen | H13: =IF(INDEX(Feiertagsregeln!$G$7:$G$480,MATCH($K13,Feiertagsregeln!$A$7:$A$480,0))="","Noch zu erfassen",INDEX(Feiertagsregeln!$G$7:$G$480,MATCH($K13,Feiertagsregeln!$A$7:$A$480,0))) -> Noch zu erfassen | I13: =INDEX(Feiertagsregeln!$H$7:$H$480,MATCH($K13,Feiertagsregeln!$A$7:$A$480,0)) -> publicHoliday | J13: =INDEX(Feiertagsregeln!$R$7:$R$96,MATCH($K13,Feiertagsregeln!$A$7:$A$96,0)) -> approved | K13: BE-CAL-HOL-EASTER-MONDAY | L13: =INDEX(Feiertagsregeln!$Y$7:$Y$480,MATCH($K13,Feiertagsregeln!$A$7:$A$480,0)) -> SRC-FRG-BE-20210401 | M13: =INDEX(Feiertagsregeln!$Z$7:$Z$480,MATCH($K13,Feiertagsregeln!$A$7:$A$480,0)) -> Art. 2 Abs. 1 Bst. c | N13: Referenzbestand | O13: =INDEX(Feiertagsregeln!$AA$7:$AA$480,MATCH($K13,Feiertagsregeln!$A$7:$A$480,0)) -> Ganztägig
A14: =INDEX(Feiertagsregeln!$X$7:$X$480,MATCH($K14,Feiertagsregeln!$A$7:$A$480,0)) -> 46898 | B14: =IF(ISNUMBER(A14),CHOOSE(WEEKDAY(A14,2),"Montag","Dienstag","Mittwoch","Donnerstag","Freitag","Samstag","Sonntag")&IF(O14="Ab 12.00 Uhr",", ab 12.00 Uhr",""),"n.a.") -> Donnerstag | C14: CH-BE | D14: Kanton Bern | E14: =INDEX(Feiertagsregeln!$D$7:$D$480,MATCH($K14,Feiertagsregeln!$A$7:$A$480,0)) -> Auffahrt | F14: =INDEX(Feiertagsregeln!$E$7:$E$480,MATCH($K14,Feiertagsregeln!$A$7:$A$480,0)) -> Ascension | G14: =IF(INDEX(Feiertagsregeln!$F$7:$F$480,MATCH($K14,Feiertagsregeln!$A$7:$A$480,0))="","Noch zu erfassen",INDEX(Feiertagsregeln!$F$7:$F$480,MATCH($K14,Feiertagsregeln!$A$7:$A$480,0))) -> Noch zu erfassen | H14: =IF(INDEX(Feiertagsregeln!$G$7:$G$480,MATCH($K14,Feiertagsregeln!$A$7:$A$480,0))="","Noch zu erfassen",INDEX(Feiertagsregeln!$G$7:$G$480,MATCH($K14,Feiertagsregeln!$A$7:$A$480,0))) -> Noch zu erfassen | I14: =INDEX(Feiertagsregeln!$H$7:$H$480,MATCH($K14,Feiertagsregeln!$A$7:$A$480,0)) -> publicHoliday | J14: =INDEX(Feiertagsregeln!$R$7:$R$96,MATCH($K14,Feiertagsregeln!$A$7:$A$96,0)) -> approved | K14: BE-CAL-HOL-ASCENSION | L14: =INDEX(Feiertagsregeln!$Y$7:$Y$480,MATCH($K14,Feiertagsregeln!$A$7:$A$480,0)) -> SRC-FRG-BE-20210401 | M14: =INDEX(Feiertagsregeln!$Z$7:$Z$480,MATCH($K14,Feiertagsregeln!$A$7:$A$480,0)) -> Art. 2 Abs. 1 Bst. b | N14: Referenzbestand | O14: =INDEX(Feiertagsregeln!$AA$7:$AA$480,MATCH($K14,Feiertagsregeln!$A$7:$A$480,0)) -> Ganztägig
A15: =INDEX(Feiertagsregeln!$X$7:$X$480,MATCH($K15,Feiertagsregeln!$A$7:$A$480,0)) -> 46908 | B15: =IF(ISNUMBER(A15),CHOOSE(WEEKDAY(A15,2),"Montag","Dienstag","Mittwoch","Donnerstag","Freitag","Samstag","Sonntag")&IF(O15="Ab 12.00 Uhr",", ab 12.00 Uhr",""),"n.a.") -> Sonntag | C15: CH-BE | D15: Kanton Bern | E15: =INDEX(Feiertagsregeln!$D$7:$D$480,MATCH($K15,Feiertagsregeln!$A$7:$A$480,0)) -> Pfingsten | F15: =INDEX(Feiertagsregeln!$E$7:$E$480,MATCH($K15,Feiertagsregeln!$A$7:$A$480,0)) -> Pentecôte | G15: =IF(INDEX(Feiertagsregeln!$F$7:$F$480,MATCH($K15,Feiertagsregeln!$A$7:$A$480,0))="","Noch zu erfassen",INDEX(Feiertagsregeln!$F$7:$F$480,MATCH($K15,Feiertagsregeln!$A$7:$A$480,0))) -> Noch zu erfassen | H15: =IF(INDEX(Feiertagsregeln!$G$7:$G$480,MATCH($K15,Feiertagsregeln!$A$7:$A$480,0))="","Noch zu erfassen",INDEX(Feiertagsregeln!$G$7:$G$480,MATCH($K15,Feiertagsregeln!$A$7:$A$480,0))) -> Noch zu erfassen | I15: =INDEX(Feiertagsregeln!$H$7:$H$480,MATCH($K15,Feiertagsregeln!$A$7:$A$480,0)) -> publicHoliday | J15: =INDEX(Feiertagsregeln!$R$7:$R$96,MATCH($K15,Feiertagsregeln!$A$7:$A$96,0)) -> approved | K15: BE-CAL-HOL-PENTECOST | L15: =INDEX(Feiertagsregeln!$Y$7:$Y$480,MATCH($K15,Feiertagsregeln!$A$7:$A$480,0)) -> SRC-FRG-BE-20210401 | M15: =INDEX(Feiertagsregeln!$Z$7:$Z$480,MATCH($K15,Feiertagsregeln!$A$7:$A$480,0)) -> Art. 2 Abs. 1 Bst. b | N15: Referenzbestand | O15: =INDEX(Feiertagsregeln!$AA$7:$AA$480,MATCH($K15,Feiertagsregeln!$A$7:$A$480,0)) -> Ganztägig
A16: =INDEX(Feiertagsregeln!$X$7:$X$480,MATCH($K16,Feiertagsregeln!$A$7:$A$480,0)) -> 46909 | B16: =IF(ISNUMBER(A16),CHOOSE(WEEKDAY(A16,2),"Montag","Dienstag","Mittwoch","Donnerstag","Freitag","Samstag","Sonntag")&IF(O16="Ab 12.00 Uhr",", ab 12.00 Uhr",""),"n.a.") -> Montag | C16: CH-BE | D16: Kanton Bern | E16: =INDEX(Feiertagsregeln!$D$7:$D$480,MATCH($K16,Feiertagsregeln!$A$7:$A$480,0)) -> Pfingstmontag | F16: =INDEX(Feiertagsregeln!$E$7:$E$480,MATCH($K16,Feiertagsregeln!$A$7:$A$480,0)) -> Lundi de Pentecôte | G16: =IF(INDEX(Feiertagsregeln!$F$7:$F$480,MATCH($K16,Feiertagsregeln!$A$7:$A$480,0))="","Noch zu erfassen",INDEX(Feiertagsregeln!$F$7:$F$480,MATCH($K16,Feiertagsregeln!$A$7:$A$480,0))) -> Noch zu erfassen | H16: =IF(INDEX(Feiertagsregeln!$G$7:$G$480,MATCH($K16,Feiertagsregeln!$A$7:$A$480,0))="","Noch zu erfassen",INDEX(Feiertagsregeln!$G$7:$G$480,MATCH($K16,Feiertagsregeln!$A$7:$A$480,0))) -> Noch zu erfassen | I16: =INDEX(Feiertagsregeln!$H$7:$H$480,MATCH($K16,Feiertagsregeln!$A$7:$A$480,0)) -> publicHoliday | J16: =INDEX(Feiertagsregeln!$R$7:$R$96,MATCH($K16,Feiertagsregeln!$A$7:$A$96,0)) -> approved | K16: BE-CAL-HOL-WHIT-MONDAY | L16: =INDEX(Feiertagsregeln!$Y$7:$Y$480,MATCH($K16,Feiertagsregeln!$A$7:$A$480,0)) -> SRC-FRG-BE-20210401 | M16: =INDEX(Feiertagsregeln!$Z$7:$Z$480,MATCH($K16,Feiertagsregeln!$A$7:$A$480,0)) -> Art. 2 Abs. 1 Bst. c | N16: Referenzbestand | O16: =INDEX(Feiertagsregeln!$AA$7:$AA$480,MATCH($K16,Feiertagsregeln!$A$7:$A$480,0)) -> Ganztägig
A17: =INDEX(Feiertagsregeln!$X$7:$X$480,MATCH($K17,Feiertagsregeln!$A$7:$A$480,0)) -> 47013 | B17: =IF(ISNUMBER(A17),CHOOSE(WEEKDAY(A17,2),"Montag","Dienstag","Mittwoch","Donnerstag","Freitag","Samstag","Sonntag")&IF(O17="Ab 12.00 Uhr",", ab 12.00 Uhr",""),"n.a.") -> Sonntag | C17: CH-BE | D17: Kanton Bern | E17: =INDEX(Feiertagsregeln!$D$7:$D$480,MATCH($K17,Feiertagsregeln!$A$7:$A$480,0)) -> Eidgenössischer Dank-, Buss- und Bettag | F17: =INDEX(Feiertagsregeln!$E$7:$E$480,MATCH($K17,Feiertagsregeln!$A$7:$A$480,0)) -> Jeûne fédéral | G17: =IF(INDEX(Feiertagsregeln!$F$7:$F$480,MATCH($K17,Feiertagsregeln!$A$7:$A$480,0))="","Noch zu erfassen",INDEX(Feiertagsregeln!$F$7:$F$480,MATCH($K17,Feiertagsregeln!$A$7:$A$480,0))) -> Noch zu erfassen | H17: =IF(INDEX(Feiertagsregeln!$G$7:$G$480,MATCH($K17,Feiertagsregeln!$A$7:$A$480,0))="","Noch zu erfassen",INDEX(Feiertagsregeln!$G$7:$G$480,MATCH($K17,Feiertagsregeln!$A$7:$A$480,0))) -> Noch zu erfassen | I17: =INDEX(Feiertagsregeln!$H$7:$H$480,MATCH($K17,Feiertagsregeln!$A$7:$A$480,0)) -> publicHoliday | J17: =INDEX(Feiertagsregeln!$R$7:$R$96,MATCH($K17,Feiertagsregeln!$A$7:$A$96,0)) -> approved | K17: BE-CAL-HOL-FEDERAL-FAST | L17: =INDEX(Feiertagsregeln!$Y$7:$Y$480,MATCH($K17,Feiertagsregeln!$A$7:$A$480,0)) -> SRC-FRG-BE-20210401 | M17: =INDEX(Feiertagsregeln!$Z$7:$Z$480,MATCH($K17,Feiertagsregeln!$A$7:$A$480,0)) -> Art. 2 Abs. 1 Bst. b | N17: Referenzbestand | O17: =INDEX(Feiertagsregeln!$AA$7:$AA$480,MATCH($K17,Feiertagsregeln!$A$7:$A$480,0)) -> Ganztägig
A18: =INDEX(Feiertagsregeln!$X$7:$X$480,MATCH($K18,Feiertagsregeln!$A$7:$A$480,0)) -> 47112 | B18: =IF(ISNUMBER(A18),CHOOSE(WEEKDAY(A18,2),"Montag","Dienstag","Mittwoch","Donnerstag","Freitag","Samstag","Sonntag")&IF(O18="Ab 12.00 Uhr",", ab 12.00 Uhr",""),"n.a.") -> Montag | C18: CH-BE | D18: Kanton Bern | E18: =INDEX(Feiertagsregeln!$D$7:$D$480,MATCH($K18,Feiertagsregeln!$A$7:$A$480,0)) -> Weihnachten | F18: =INDEX(Feiertagsregeln!$E$7:$E$480,MATCH($K18,Feiertagsregeln!$A$7:$A$480,0)) -> Noël | G18: =IF(INDEX(Feiertagsregeln!$F$7:$F$480,MATCH($K18,Feiertagsregeln!$A$7:$A$480,0))="","Noch zu erfassen",INDEX(Feiertagsregeln!$F$7:$F$480,MATCH($K18,Feiertagsregeln!$A$7:$A$480,0))) -> Noch zu erfassen | H18: =IF(INDEX(Feiertagsregeln!$G$7:$G$480,MATCH($K18,Feiertagsregeln!$A$7:$A$480,0))="","Noch zu erfassen",INDEX(Feiertagsregeln!$G$7:$G$480,MATCH($K18,Feiertagsregeln!$A$7:$A$480,0))) -> Noch zu erfassen | I18: =INDEX(Feiertagsregeln!$H$7:$H$480,MATCH($K18,Feiertagsregeln!$A$7:$A$480,0)) -> publicHoliday | J18: =INDEX(Feiertagsregeln!$R$7:$R$96,MATCH($K18,Feiertagsregeln!$A$7:$A$96,0)) -> approved | K18: BE-CAL-HOL-CHRISTMAS | L18: =INDEX(Feiertagsregeln!$Y$7:$Y$480,MATCH($K18,Feiertagsregeln!$A$7:$A$480,0)) -> SRC-FRG-BE-20210401 | M18: =INDEX(Feiertagsregeln!$Z$7:$Z$480,MATCH($K18,Feiertagsregeln!$A$7:$A$480,0)) -> Art. 2 Abs. 1 Bst. b | N18: Referenzbestand | O18: =INDEX(Feiertagsregeln!$AA$7:$AA$480,MATCH($K18,Feiertagsregeln!$A$7:$A$480,0)) -> Ganztägig
A19: =INDEX(Feiertagsregeln!$X$7:$X$480,MATCH($K19,Feiertagsregeln!$A$7:$A$480,0)) -> 47113 | B19: =IF(ISNUMBER(A19),CHOOSE(WEEKDAY(A19,2),"Montag","Dienstag","Mittwoch","Donnerstag","Freitag","Samstag","Sonntag")&IF(O19="Ab 12.00 Uhr",", ab 12.00 Uhr",""),"n.a.") -> Dienstag | C19: CH-BE | D19: Kanton Bern | E19: =INDEX(Feiertagsregeln!$D$7:$D$480,MATCH($K19,Feiertagsregeln!$A$7:$A$480,0)) -> Stephanstag | F19: =INDEX(Feiertagsregeln!$E$7:$E$480,MATCH($K19,Feiertagsregeln!$A$7:$A$480,0)) -> Saint-Étienne | G19: =IF(INDEX(Feiertagsregeln!$F$7:$F$480,MATCH($K19,Feiertagsregeln!$A$7:$A$480,0))="","Noch zu erfassen",INDEX(Feiertagsregeln!$F$7:$F$480,MATCH($K19,Feiertagsregeln!$A$7:$A$480,0))) -> Noch zu erfassen | H19: =IF(INDEX(Feiertagsregeln!$G$7:$G$480,MATCH($K19,Feiertagsregeln!$A$7:$A$480,0))="","Noch zu erfassen",INDEX(Feiertagsregeln!$G$7:$G$480,MATCH($K19,Feiertagsregeln!$A$7:$A$480,0))) -> Noch zu erfassen | I19: =INDEX(Feiertagsregeln!$H$7:$H$480,MATCH($K19,Feiertagsregeln!$A$7:$A$480,0)) -> publicHoliday | J19: =INDEX(Feiertagsregeln!$R$7:$R$96,MATCH($K19,Feiertagsregeln!$A$7:$A$96,0)) -> approved | K19: BE-CAL-HOL-ST-STEPHEN | L19: =INDEX(Feiertagsregeln!$Y$7:$Y$480,MATCH($K19,Feiertagsregeln!$A$7:$A$480,0)) -> SRC-FRG-BE-20210401 | M19: =INDEX(Feiertagsregeln!$Z$7:$Z$480,MATCH($K19,Feiertagsregeln!$A$7:$A$480,0)) -> Art. 2 Abs. 1 Bst. c | N19: Referenzbestand | O19: =INDEX(Feiertagsregeln!$AA$7:$AA$480,MATCH($K19,Feiertagsregeln!$A$7:$A$480,0)) -> Ganztägig
A20: =INDEX(Feiertagsregeln!$X$7:$X$480,MATCH($K20,Feiertagsregeln!$A$7:$A$480,0)) -> 46919 | B20: =IF(ISNUMBER(A20),CHOOSE(WEEKDAY(A20,2),"Montag","Dienstag","Mittwoch","Donnerstag","Freitag","Samstag","Sonntag")&IF(O20="Ab 12.00 Uhr",", ab 12.00 Uhr",""),"n.a.") -> Donnerstag | C20: CH-AG | D20: Bezirk Baden ohne Bergdietikon | E20: =INDEX(Feiertagsregeln!$D$7:$D$480,MATCH($K20,Feiertagsregeln!$A$7:$A$480,0)) -> Fronleichnam | F20: =INDEX(Feiertagsregeln!$E$7:$E$480,MATCH($K20,Feiertagsregeln!$A$7:$A$480,0)) -> Fête-Dieu | G20: =IF(INDEX(Feiertagsregeln!$F$7:$F$480,MATCH($K20,Feiertagsregeln!$A$7:$A$480,0))="","Noch zu erfassen",INDEX(Feiertagsregeln!$F$7:$F$480,MATCH($K20,Feiertagsregeln!$A$7:$A$480,0))) -> Noch zu erfassen | H20: =IF(INDEX(Feiertagsregeln!$G$7:$G$480,MATCH($K20,Feiertagsregeln!$A$7:$A$480,0))="","Noch zu erfassen",INDEX(Feiertagsregeln!$G$7:$G$480,MATCH($K20,Feiertagsregeln!$A$7:$A$480,0))) -> Noch zu erfassen | I20: =INDEX(Feiertagsregeln!$H$7:$H$480,MATCH($K20,Feiertagsregeln!$A$7:$A$480,0)) -> labourLawHoliday | J20: open | K20: AG-WORK-HOL-CORPUS-CHRISTI | L20: =INDEX(Feiertagsregeln!$Y$7:$Y$480,MATCH($K20,Feiertagsregeln!$A$7:$A$480,0)) -> SRC-AG-EGARR-20250901 | M20: =INDEX(Feiertagsregeln!$Z$7:$Z$480,MATCH($K20,Feiertagsregeln!$A$7:$A$480,0)) -> § 6 Abs. 1 Bst. b Ziff. 2 | N20: Normliste erfasst, Fachfreigabe offen | O20: =INDEX(Feiertagsregeln!$AA$7:$AA$480,MATCH($K20,Feiertagsregeln!$A$7:$A$480,0)) -> Ganztägig
A21: =INDEX(Feiertagsregeln!$X$7:$X$480,MATCH($K21,Feiertagsregeln!$A$7:$A$480,0)) -> 46754 | B21: =IF(ISNUMBER(A21),CHOOSE(WEEKDAY(A21,2),"Montag","Dienstag","Mittwoch","Donnerstag","Freitag","Samstag","Sonntag")&IF(O21="Ab 12.00 Uhr",", ab 12.00 Uhr",""),"n.a.") -> Sonntag | C21: CH-AG | D21: Gemeinde Bergdietikon | E21: =INDEX(Feiertagsregeln!$D$7:$D$480,MATCH($K21,Feiertagsregeln!$A$7:$A$480,0)) -> Berchtoldstag | F21: =INDEX(Feiertagsregeln!$E$7:$E$480,MATCH($K21,Feiertagsregeln!$A$7:$A$480,0)) -> Saint-Berchtold | G21: =IF(INDEX(Feiertagsregeln!$F$7:$F$480,MATCH($K21,Feiertagsregeln!$A$7:$A$480,0))="","Noch zu erfassen",INDEX(Feiertagsregeln!$F$7:$F$480,MATCH($K21,Feiertagsregeln!$A$7:$A$480,0))) -> Noch zu erfassen | H21: =IF(INDEX(Feiertagsregeln!$G$7:$G$480,MATCH($K21,Feiertagsregeln!$A$7:$A$480,0))="","Noch zu erfassen",INDEX(Feiertagsregeln!$G$7:$G$480,MATCH($K21,Feiertagsregeln!$A$7:$A$480,0))) -> Noch zu erfassen | I21: =INDEX(Feiertagsregeln!$H$7:$H$480,MATCH($K21,Feiertagsregeln!$A$7:$A$480,0)) -> labourLawHoliday | J21: open | K21: AG-WORK-HOL-BERCHTOLD | L21: =INDEX(Feiertagsregeln!$Y$7:$Y$480,MATCH($K21,Feiertagsregeln!$A$7:$A$480,0)) -> SRC-AG-EGARR-20250901 | M21: =INDEX(Feiertagsregeln!$Z$7:$Z$480,MATCH($K21,Feiertagsregeln!$A$7:$A$480,0)) -> § 6 Abs. 1 Bst. b Ziff. 1 | N21: Normliste erfasst, Fachfreigabe offen | O21: =INDEX(Feiertagsregeln!$AA$7:$AA$480,MATCH($K21,Feiertagsregeln!$A$7:$A$480,0)) -> Ganztägig
A22: =INDEX(Feiertagsregeln!$X$7:$X$480,MATCH($K22,Feiertagsregeln!$A$7:$A$480,0)) -> 47058 | B22: =IF(ISNUMBER(A22),CHOOSE(WEEKDAY(A22,2),"Montag","Dienstag","Mittwoch","Donnerstag","Freitag","Samstag","Sonntag")&IF(O22="Ab 12.00 Uhr",", ab 12.00 Uhr",""),"n.a.") -> Mittwoch | C22: CH-AG | D22: Aargau, prozessuale Zuordnung | E22: =INDEX(Feiertagsregeln!$D$7:$D$480,MATCH($K22,Feiertagsregeln!$A$7:$A$480,0)) -> Allerheiligen | F22: =INDEX(Feiertagsregeln!$E$7:$E$480,MATCH($K22,Feiertagsregeln!$A$7:$A$480,0)) -> Toussaint | G22: =IF(INDEX(Feiertagsregeln!$F$7:$F$480,MATCH($K22,Feiertagsregeln!$A$7:$A$480,0))="","Noch zu erfassen",INDEX(Feiertagsregeln!$F$7:$F$480,MATCH($K22,Feiertagsregeln!$A$7:$A$480,0))) -> Noch zu erfassen | H22: =IF(INDEX(Feiertagsregeln!$G$7:$G$480,MATCH($K22,Feiertagsregeln!$A$7:$A$480,0))="","Noch zu erfassen",INDEX(Feiertagsregeln!$G$7:$G$480,MATCH($K22,Feiertagsregeln!$A$7:$A$480,0))) -> Noch zu erfassen | I22: =INDEX(Feiertagsregeln!$H$7:$H$480,MATCH($K22,Feiertagsregeln!$A$7:$A$480,0)) -> proceduralEquivalentDay | J22: open | K22: AG-PROC-DAY-ALL-SAINTS | L22: =INDEX(Feiertagsregeln!$Y$7:$Y$480,MATCH($K22,Feiertagsregeln!$A$7:$A$480,0)) -> SRC-AG-EGZPO | M22: =INDEX(Feiertagsregeln!$Z$7:$Z$480,MATCH($K22,Feiertagsregeln!$A$7:$A$480,0)) -> § 21 | N22: Normliste erfasst, Fachfreigabe offen | O22: =INDEX(Feiertagsregeln!$AA$7:$AA$480,MATCH($K22,Feiertagsregeln!$A$7:$A$480,0)) -> Ganztägig
A23: =INDEX(Feiertagsregeln!$X$7:$X$480,MATCH($K23,Feiertagsregeln!$A$7:$A$480,0)) -> 46753 | B23: =IF(ISNUMBER(A23),CHOOSE(WEEKDAY(A23,2),"Montag","Dienstag","Mittwoch","Donnerstag","Freitag","Samstag","Sonntag")&IF(O23="Ab 12.00 Uhr",", ab 12.00 Uhr",""),"n.a.") -> Samstag | C23: CH-AG | D23: Bezirke Aarau, Brugg, Kulm, Lenzburg und Zofingen | E23: =INDEX(Feiertagsregeln!$D$7:$D$480,MATCH($K23,Feiertagsregeln!$A$7:$A$480,0)) -> Neujahr | F23: =INDEX(Feiertagsregeln!$E$7:$E$480,MATCH($K23,Feiertagsregeln!$A$7:$A$480,0)) -> Nouvel An | G23: =IF(INDEX(Feiertagsregeln!$F$7:$F$480,MATCH($K23,Feiertagsregeln!$A$7:$A$480,0))="","Noch zu erfassen",INDEX(Feiertagsregeln!$F$7:$F$480,MATCH($K23,Feiertagsregeln!$A$7:$A$480,0))) -> Noch zu erfassen | H23: =IF(INDEX(Feiertagsregeln!$G$7:$G$480,MATCH($K23,Feiertagsregeln!$A$7:$A$480,0))="","Noch zu erfassen",INDEX(Feiertagsregeln!$G$7:$G$480,MATCH($K23,Feiertagsregeln!$A$7:$A$480,0))) -> Noch zu erfassen | I23: =INDEX(Feiertagsregeln!$H$7:$H$480,MATCH($K23,Feiertagsregeln!$A$7:$A$480,0)) -> labourLawHoliday | J23: open | K23: AG-WORK-HOL-A-NEW-YEAR | L23: =INDEX(Feiertagsregeln!$Y$7:$Y$480,MATCH($K23,Feiertagsregeln!$A$7:$A$480,0)) -> SRC-AG-EGARR-20250901 | M23: =INDEX(Feiertagsregeln!$Z$7:$Z$480,MATCH($K23,Feiertagsregeln!$A$7:$A$480,0)) -> § 6 Abs. 1 Bst. a | N23: Normliste erfasst, Fachfreigabe offen | O23: =INDEX(Feiertagsregeln!$AA$7:$AA$480,MATCH($K23,Feiertagsregeln!$A$7:$A$480,0)) -> Ganztägig
A24: =INDEX(Feiertagsregeln!$X$7:$X$480,MATCH($K24,Feiertagsregeln!$A$7:$A$480,0)) -> 46754 | B24: =IF(ISNUMBER(A24),CHOOSE(WEEKDAY(A24,2),"Montag","Dienstag","Mittwoch","Donnerstag","Freitag","Samstag","Sonntag")&IF(O24="Ab 12.00 Uhr",", ab 12.00 Uhr",""),"n.a.") -> Sonntag | C24: CH-AG | D24: Bezirke Aarau, Brugg, Kulm, Lenzburg und Zofingen | E24: =INDEX(Feiertagsregeln!$D$7:$D$480,MATCH($K24,Feiertagsregeln!$A$7:$A$480,0)) -> Berchtoldstag | F24: =INDEX(Feiertagsregeln!$E$7:$E$480,MATCH($K24,Feiertagsregeln!$A$7:$A$480,0)) -> Saint-Berchtold | G24: =IF(INDEX(Feiertagsregeln!$F$7:$F$480,MATCH($K24,Feiertagsregeln!$A$7:$A$480,0))="","Noch zu erfassen",INDEX(Feiertagsregeln!$F$7:$F$480,MATCH($K24,Feiertagsregeln!$A$7:$A$480,0))) -> Noch zu erfassen | H24: =IF(INDEX(Feiertagsregeln!$G$7:$G$480,MATCH($K24,Feiertagsregeln!$A$7:$A$480,0))="","Noch zu erfassen",INDEX(Feiertagsregeln!$G$7:$G$480,MATCH($K24,Feiertagsregeln!$A$7:$A$480,0))) -> Noch zu erfassen | I24: =INDEX(Feiertagsregeln!$H$7:$H$480,MATCH($K24,Feiertagsregeln!$A$7:$A$480,0)) -> labourLawHoliday | J24: open | K24: AG-WORK-HOL-A-BERCHTOLD | L24: =INDEX(Feiertagsregeln!$Y$7:$Y$480,MATCH($K24,Feiertagsregeln!$A$7:$A$480,0)) -> SRC-AG-EGARR-20250901 | M24: =INDEX(Feiertagsregeln!$Z$7:$Z$480,MATCH($K24,Feiertagsregeln!$A$7:$A$480,0)) -> § 6 Abs. 1 Bst. a | N24: Normliste erfasst, Fachfreigabe offen | O24: =INDEX(Feiertagsregeln!$AA$7:$AA$480,MATCH($K24,Feiertagsregeln!$A$7:$A$480,0)) -> Ganztägig
A25: =INDEX(Feiertagsregeln!$X$7:$X$480,MATCH($K25,Feiertagsregeln!$A$7:$A$480,0)) -> 46857 | B25: =IF(ISNUMBER(A25),CHOOSE(WEEKDAY(A25,2),"Montag","Dienstag","Mittwoch","Donnerstag","Freitag","Samstag","Sonntag")&IF(O25="Ab 12.00 Uhr",", ab 12.00 Uhr",""),"n.a.") -> Freitag | C25: CH-AG | D25: Bezirke Aarau, Brugg, Kulm, Lenzburg und Zofingen | E25: =INDEX(Feiertagsregeln!$D$7:$D$480,MATCH($K25,Feiertagsregeln!$A$7:$A$480,0)) -> Karfreitag | F25: =INDEX(Feiertagsregeln!$E$7:$E$480,MATCH($K25,Feiertagsregeln!$A$7:$A$480,0)) -> Vendredi saint | G25: =IF(INDEX(Feiertagsregeln!$F$7:$F$480,MATCH($K25,Feiertagsregeln!$A$7:$A$480,0))="","Noch zu erfassen",INDEX(Feiertagsregeln!$F$7:$F$480,MATCH($K25,Feiertagsregeln!$A$7:$A$480,0))) -> Noch zu erfassen | H25: =IF(INDEX(Feiertagsregeln!$G$7:$G$480,MATCH($K25,Feiertagsregeln!$A$7:$A$480,0))="","Noch zu erfassen",INDEX(Feiertagsregeln!$G$7:$G$480,MATCH($K25,Feiertagsregeln!$A$7:$A$480,0))) -> Noch zu erfassen | I25: =INDEX(Feiertagsregeln!$H$7:$H$480,MATCH($K25,Feiertagsregeln!$A$7:$A$480,0)) -> labourLawHoliday | J25: open | K25: AG-WORK-HOL-A-GOOD-FRIDAY | L25: =INDEX(Feiertagsregeln!$Y$7:$Y$480,MATCH($K25,Feiertagsregeln!$A$7:$A$480,0)) -> SRC-AG-EGARR-20250901 | M25: =INDEX(Feiertagsregeln!$Z$7:$Z$480,MATCH($K25,Feiertagsregeln!$A$7:$A$480,0)) -> § 6 Abs. 1 Bst. a | N25: Normliste erfasst, Fachfreigabe offen | O25: =INDEX(Feiertagsregeln!$AA$7:$AA$480,MATCH($K25,Feiertagsregeln!$A$7:$A$480,0)) -> Ganztägig
A26: =INDEX(Feiertagsregeln!$X$7:$X$480,MATCH($K26,Feiertagsregeln!$A$7:$A$480,0)) -> 46860 | B26: =IF(ISNUMBER(A26),CHOOSE(WEEKDAY(A26,2),"Montag","Dienstag","Mittwoch","Donnerstag","Freitag","Samstag","Sonntag")&IF(O26="Ab 12.00 Uhr",", ab 12.00 Uhr",""),"n.a.") -> Montag | C26: CH-AG | D26: Bezirke Aarau, Brugg, Kulm, Lenzburg und Zofingen | E26: =INDEX(Feiertagsregeln!$D$7:$D$480,MATCH($K26,Feiertagsregeln!$A$7:$A$480,0)) -> Ostermontag | F26: =INDEX(Feiertagsregeln!$E$7:$E$480,MATCH($K26,Feiertagsregeln!$A$7:$A$480,0)) -> Lundi de Pâques | G26: =IF(INDEX(Feiertagsregeln!$F$7:$F$480,MATCH($K26,Feiertagsregeln!$A$7:$A$480,0))="","Noch zu erfassen",INDEX(Feiertagsregeln!$F$7:$F$480,MATCH($K26,Feiertagsregeln!$A$7:$A$480,0))) -> Noch zu erfassen | H26: =IF(INDEX(Feiertagsregeln!$G$7:$G$480,MATCH($K26,Feiertagsregeln!$A$7:$A$480,0))="","Noch zu erfassen",INDEX(Feiertagsregeln!$G$7:$G$480,MATCH($K26,Feiertagsregeln!$A$7:$A$480,0))) -> Noch zu erfassen | I26: =INDEX(Feiertagsregeln!$H$7:$H$480,MATCH($K26,Feiertagsregeln!$A$7:$A$480,0)) -> labourLawHoliday | J26: open | K26: AG-WORK-HOL-A-EASTER-MONDAY | L26: =INDEX(Feiertagsregeln!$Y$7:$Y$480,MATCH($K26,Feiertagsregeln!$A$7:$A$480,0)) -> SRC-AG-EGARR-20250901 | M26: =INDEX(Feiertagsregeln!$Z$7:$Z$480,MATCH($K26,Feiertagsregeln!$A$7:$A$480,0)) -> § 6 Abs. 1 Bst. a | N26: Normliste erfasst, Fachfreigabe offen | O26: =INDEX(Feiertagsregeln!$AA$7:$AA$480,MATCH($K26,Feiertagsregeln!$A$7:$A$480,0)) -> Ganztägig
A27: =INDEX(Feiertagsregeln!$X$7:$X$480,MATCH($K27,Feiertagsregeln!$A$7:$A$480,0)) -> 46898 | B27: =IF(ISNUMBER(A27),CHOOSE(WEEKDAY(A27,2),"Montag","Dienstag","Mittwoch","Donnerstag","Freitag","Samstag","Sonntag")&IF(O27="Ab 12.00 Uhr",", ab 12.00 Uhr",""),"n.a.") -> Donnerstag | C27: CH-AG | D27: Bezirke Aarau, Brugg, Kulm, Lenzburg und Zofingen | E27: =INDEX(Feiertagsregeln!$D$7:$D$480,MATCH($K27,Feiertagsregeln!$A$7:$A$480,0)) -> Auffahrt | F27: =INDEX(Feiertagsregeln!$E$7:$E$480,MATCH($K27,Feiertagsregeln!$A$7:$A$480,0)) -> Ascension | G27: =IF(INDEX(Feiertagsregeln!$F$7:$F$480,MATCH($K27,Feiertagsregeln!$A$7:$A$480,0))="","Noch zu erfassen",INDEX(Feiertagsregeln!$F$7:$F$480,MATCH($K27,Feiertagsregeln!$A$7:$A$480,0))) -> Noch zu erfassen | H27: =IF(INDEX(Feiertagsregeln!$G$7:$G$480,MATCH($K27,Feiertagsregeln!$A$7:$A$480,0))="","Noch zu erfassen",INDEX(Feiertagsregeln!$G$7:$G$480,MATCH($K27,Feiertagsregeln!$A$7:$A$480,0))) -> Noch zu erfassen | I27: =INDEX(Feiertagsregeln!$H$7:$H$480,MATCH($K27,Feiertagsregeln!$A$7:$A$480,0)) -> labourLawHoliday | J27: open | K27: AG-WORK-HOL-A-ASCENSION | L27: =INDEX(Feiertagsregeln!$Y$7:$Y$480,MATCH($K27,Feiertagsregeln!$A$7:$A$480,0)) -> SRC-AG-EGARR-20250901 | M27: =INDEX(Feiertagsregeln!$Z$7:$Z$480,MATCH($K27,Feiertagsregeln!$A$7:$A$480,0)) -> § 6 Abs. 1 Bst. a | N27: Normliste erfasst, Fachfreigabe offen | O27: =INDEX(Feiertagsregeln!$AA$7:$AA$480,MATCH($K27,Feiertagsregeln!$A$7:$A$480,0)) -> Ganztägig
A28: =INDEX(Feiertagsregeln!$X$7:$X$480,MATCH($K28,Feiertagsregeln!$A$7:$A$480,0)) -> 46909 | B28: =IF(ISNUMBER(A28),CHOOSE(WEEKDAY(A28,2),"Montag","Dienstag","Mittwoch","Donnerstag","Freitag","Samstag","Sonntag")&IF(O28="Ab 12.00 Uhr",", ab 12.00 Uhr",""),"n.a.") -> Montag | C28: CH-AG | D28: Bezirke Aarau, Brugg, Kulm, Lenzburg und Zofingen | E28: =INDEX(Feiertagsregeln!$D$7:$D$480,MATCH($K28,Feiertagsregeln!$A$7:$A$480,0)) -> Pfingstmontag | F28: =INDEX(Feiertagsregeln!$E$7:$E$480,MATCH($K28,Feiertagsregeln!$A$7:$A$480,0)) -> Lundi de Pentecôte | G28: =IF(INDEX(Feiertagsregeln!$F$7:$F$480,MATCH($K28,Feiertagsregeln!$A$7:$A$480,0))="","Noch zu erfassen",INDEX(Feiertagsregeln!$F$7:$F$480,MATCH($K28,Feiertagsregeln!$A$7:$A$480,0))) -> Noch zu erfassen | H28: =IF(INDEX(Feiertagsregeln!$G$7:$G$480,MATCH($K28,Feiertagsregeln!$A$7:$A$480,0))="","Noch zu erfassen",INDEX(Feiertagsregeln!$G$7:$G$480,MATCH($K28,Feiertagsregeln!$A$7:$A$480,0))) -> Noch zu erfassen | I28: =INDEX(Feiertagsregeln!$H$7:$H$480,MATCH($K28,Feiertagsregeln!$A$7:$A$480,0)) -> labourLawHoliday | J28: open | K28: AG-WORK-HOL-A-WHIT-MONDAY | L28: =INDEX(Feiertagsregeln!$Y$7:$Y$480,MATCH($K28,Feiertagsregeln!$A$7:$A$480,0)) -> SRC-AG-EGARR-20250901 | M28: =INDEX(Feiertagsregeln!$Z$7:$Z$480,MATCH($K28,Feiertagsregeln!$A$7:$A$480,0)) -> § 6 Abs. 1 Bst. a | N28: Normliste erfasst, Fachfreigabe offen | O28: =INDEX(Feiertagsregeln!$AA$7:$AA$480,MATCH($K28,Feiertagsregeln!$A$7:$A$480,0)) -> Ganztägig
A29: =INDEX(Feiertagsregeln!$X$7:$X$480,MATCH($K29,Feiertagsregeln!$A$7:$A$480,0)) -> 47112 | B29: =IF(ISNUMBER(A29),CHOOSE(WEEKDAY(A29,2),"Montag","Dienstag","Mittwoch","Donnerstag","Freitag","Samstag","Sonntag")&IF(O29="Ab 12.00 Uhr",", ab 12.00 Uhr",""),"n.a.") -> Montag | C29: CH-AG | D29: Bezirke Aarau, Brugg, Kulm, Lenzburg und Zofingen | E29: =INDEX(Feiertagsregeln!$D$7:$D$480,MATCH($K29,Feiertagsregeln!$A$7:$A$480,0)) -> Weihnachten | F29: =INDEX(Feiertagsregeln!$E$7:$E$480,MATCH($K29,Feiertagsregeln!$A$7:$A$480,0)) -> Noël | G29: =IF(INDEX(Feiertagsregeln!$F$7:$F$480,MATCH($K29,Feiertagsregeln!$A$7:$A$480,0))="","Noch zu erfassen",INDEX(Feiertagsregeln!$F$7:$F$480,MATCH($K29,Feiertagsregeln!$A$7:$A$480,0))) -> Noch zu erfassen | H29: =IF(INDEX(Feiertagsregeln!$G$7:$G$480,MATCH($K29,Feiertagsregeln!$A$7:$A$480,0))="","Noch zu erfassen",INDEX(Feiertagsregeln!$G$7:$G$480,MATCH($K29,Feiertagsregeln!$A$7:$A$480,0))) -> Noch zu erfassen | I29: =INDEX(Feiertagsregeln!$H$7:$H$480,MATCH($K29,Feiertagsregeln!$A$7:$A$480,0)) -> labourLawHoliday | J29: open | K29: AG-WORK-HOL-A-CHRISTMAS | L29: =INDEX(Feiertagsregeln!$Y$7:$Y$480,MATCH($K29,Feiertagsregeln!$A$7:$A$480,0)) -> SRC-AG-EGARR-20250901 | M29: =INDEX(Feiertagsregeln!$Z$7:$Z$480,MATCH($K29,Feiertagsregeln!$A$7:$A$480,0)) -> § 6 Abs. 1 Bst. a | N29: Normliste erfasst, Fachfreigabe offen | O29: =INDEX(Feiertagsregeln!$AA$7:$AA$480,MATCH($K29,Feiertagsregeln!$A$7:$A$480,0)) -> Ganztägig
A30: =INDEX(Feiertagsregeln!$X$7:$X$480,MATCH($K30,Feiertagsregeln!$A$7:$A$480,0)) -> 47113 | B30: =IF(ISNUMBER(A30),CHOOSE(WEEKDAY(A30,2),"Montag","Dienstag","Mittwoch","Donnerstag","Freitag","Samstag","Sonntag")&IF(O30="Ab 12.00 Uhr",", ab 12.00 Uhr",""),"n.a.") -> Dienstag | C30: CH-AG | D30: Bezirke Aarau, Brugg, Kulm, Lenzburg und Zofingen | E30: =INDEX(Feiertagsregeln!$D$7:$D$480,MATCH($K30,Feiertagsregeln!$A$7:$A$480,0)) -> Stephanstag | F30: =INDEX(Feiertagsregeln!$E$7:$E$480,MATCH($K30,Feiertagsregeln!$A$7:$A$480,0)) -> Saint-Étienne | G30: =IF(INDEX(Feiertagsregeln!$F$7:$F$480,MATCH($K30,Feiertagsregeln!$A$7:$A$480,0))="","Noch zu erfassen",INDEX(Feiertagsregeln!$F$7:$F$480,MATCH($K30,Feiertagsregeln!$A$7:$A$480,0))) -> Noch zu erfassen | H30: =IF(INDEX(Feiertagsregeln!$G$7:$G$480,MATCH($K30,Feiertagsregeln!$A$7:$A$480,0))="","Noch zu erfassen",INDEX(Feiertagsregeln!$G$7:$G$480,MATCH($K30,Feiertagsregeln!$A$7:$A$480,0))) -> Noch zu erfassen | I30: =INDEX(Feiertagsregeln!$H$7:$H$480,MATCH($K30,Feiertagsregeln!$A$7:$A$480,0)) -> labourLawHoliday | J30: open | K30: AG-WORK-HOL-A-ST-STEPHEN | L30: =INDEX(Feiertagsregeln!$Y$7:$Y$480,MATCH($K30,Feiertagsregeln!$A$7:$A$480,0)) -> SRC-AG-EGARR-20250901 | M30: =INDEX(Feiertagsregeln!$Z$7:$Z$480,MATCH($K30,Feiertagsregeln!$A$7:$A$480,0)) -> § 6 Abs. 1 Bst. a | N30: Normliste erfasst, Fachfreigabe offen | O30: =INDEX(Feiertagsregeln!$AA$7:$AA$480,MATCH($K30,Feiertagsregeln!$A$7:$A$480,0)) -> Ganztägig
A31: =INDEX(Feiertagsregeln!$X$7:$X$480,MATCH($K31,Feiertagsregeln!$A$7:$A$480,0)) -> 46753 | B31: =IF(ISNUMBER(A31),CHOOSE(WEEKDAY(A31,2),"Montag","Dienstag","Mittwoch","Donnerstag","Freitag","Samstag","Sonntag")&IF(O31="Ab 12.00 Uhr",", ab 12.00 Uhr",""),"n.a.") -> Samstag | C31: CH-AG | D31: Gemeinde Bergdietikon | E31: =INDEX(Feiertagsregeln!$D$7:$D$480,MATCH($K31,Feiertagsregeln!$A$7:$A$480,0)) -> Neujahr | F31: =INDEX(Feiertagsregeln!$E$7:$E$480,MATCH($K31,Feiertagsregeln!$A$7:$A$480,0)) -> Nouvel An | G31: =IF(INDEX(Feiertagsregeln!$F$7:$F$480,MATCH($K31,Feiertagsregeln!$A$7:$A$480,0))="","Noch zu erfassen",INDEX(Feiertagsregeln!$F$7:$F$480,MATCH($K31,Feiertagsregeln!$A$7:$A$480,0))) -> Noch zu erfassen | H31: =IF(INDEX(Feiertagsregeln!$G$7:$G$480,MATCH($K31,Feiertagsregeln!$A$7:$A$480,0))="","Noch zu erfassen",INDEX(Feiertagsregeln!$G$7:$G$480,MATCH($K31,Feiertagsregeln!$A$7:$A$480,0))) -> Noch zu erfassen | I31: =INDEX(Feiertagsregeln!$H$7:$H$480,MATCH($K31,Feiertagsregeln!$A$7:$A$480,0)) -> labourLawHoliday | J31: open | K31: AG-WORK-HOL-B1-NEW-YEAR | L31: =INDEX(Feiertagsregeln!$Y$7:$Y$480,MATCH($K31,Feiertagsregeln!$A$7:$A$480,0)) -> SRC-AG-EGARR-20250901 | M31: =INDEX(Feiertagsregeln!$Z$7:$Z$480,MATCH($K31,Feiertagsregeln!$A$7:$A$480,0)) -> § 6 Abs. 1 Bst. b Ziff. 1 | N31: Normliste erfasst, Fachfreigabe offen | O31: =INDEX(Feiertagsregeln!$AA$7:$AA$480,MATCH($K31,Feiertagsregeln!$A$7:$A$480,0)) -> Ganztägig
... A489: =INDEX(Feiertagsregeln!$X$7:$X$480,MATCH($K489,Feiertagsregeln!$A$7:$A$480,0)) -> 47112 | B489: =IF(ISNUMBER(A489),CHOOSE(WEEKDAY(A489,2),"Montag","Dienstag","Mittwoch","Donnerstag","Freitag","Samstag","Sonntag")&IF(O489="Ab 12.00 Uhr",", ab 12.00 Uhr",""),"n.a.") -> Montag | C489: CH-JU | D489: Jura, arbeitsrechtliche Liste nach Art. 4 | E489: =INDEX(Feiertagsregeln!$D$7:$D$480,MATCH($K489,Feiertagsregeln!$A$7:$A$480,0)) -> Weihnachten | F489: =INDEX(Feiertagsregeln!$E$7:$E$480,MATCH($K489,Feiertagsregeln!$A$7:$A$480,0)) -> Noël | G489: =IF(INDEX(Feiertagsregeln!$F$7:$F$480,MATCH($K489,Feiertagsregeln!$A$7:$A$480,0))="","Noch zu erfassen",INDEX(Feiertagsregeln!$F$7:$F$480,MATCH($K489,Feiertagsregeln!$A$7:$A$480,0))) -> Natale | H489: =IF(INDEX(Feiertagsregeln!$G$7:$G$480,MATCH($K489,Feiertagsregeln!$A$7:$A$480,0))="","Noch zu erfassen",INDEX(Feiertagsregeln!$G$7:$G$480,MATCH($K489,Feiertagsregeln!$A$7:$A$480,0))) -> Di da Nadal | I489: =INDEX(Feiertagsregeln!$H$7:$H$480,MATCH($K489,Feiertagsregeln!$A$7:$A$480,0)) -> labourLawHoliday | J489: open | K489: JU-LJF-LABOUR-DAY-CHRISTMAS | L489: =INDEX(Feiertagsregeln!$Y$7:$Y$480,MATCH($K489,Feiertagsregeln!$A$7:$A$480,0)) -> SRC-JU-LJF-5551-20230101 | M489: =INDEX(Feiertagsregeln!$Z$7:$Z$480,MATCH($K489,Feiertagsregeln!$A$7:$A$480,0)) -> Art. 4 | N489: Erfassungsentwurf. Keine neue Fristenprofilfreigabe. | O489: =INDEX(Feiertagsregeln!$AA$7:$AA$480,MATCH($K489,Feiertagsregeln!$A$7:$A$480,0)) -> Ganztägig

Sheet Gemeinwesen
A2: Gemeinwesen und Bearbeitungsstand
A4: Erfassungsstand und fachliche Freigabe sind getrennt. Leere Quellen sind noch zu erheben.
A6: Code | B6: Deutsch | C6: Französisch | D6: Italienisch | E6: Rumantsch Grischun | F6: Übergeordnet | G6: Erfassungsstand | H6: Fachstatus | I6: Amtliche Feiertagsquelle
A7: CH | B7: Bund | C7: Confédération | G7: Referenzpilot | H7: approved | I7: https://www.fedlex.admin.ch/eli/cc/1994/1340_1340_1340/de
A8: CH-ZH | B8: Zürich | C8: Zurich | D8: Zurigo | E8: Turitg | F8: CH | G8: AP18B-04, Normlisten erfasst, Fachabnahme offen | H8: open | I8: https://www.notes.zh.ch/appl/zhlex_r.nsf/WebView/663A7F8F1929F218C1256EB7002E6A05/%24File/822.4_26.6.00_45.pdf
A9: CH-BE | B9: Bern | C9: Berne | F9: CH | G9: Referenzpilot | H9: approved | I9: https://www.belex.sites.be.ch/app/de/texts_of_law/555.1
A10: CH-LU | B10: Luzern | C10: Lucerne | D10: Lucerna | E10: Lucerna | F10: CH | G10: AP18B-04, Normlisten erfasst, Fachabnahme offen | H10: open | I10: https://srl.lu.ch/data/855/de
A11: CH-UR | B11: Uri | C11: Uri | D11: Uri | E11: Uri | F11: CH | G11: AP18B-04, Normlisten erfasst, Fachabnahme offen | H11: open | I11: https://rechtsbuch.ur.ch/api/de/versions/963/pdf_file
A12: CH-SZ | B12: Schwyz | C12: Schwytz | D12: Svitto | E12: Sviz | F12: CH | G12: AP18B-04, Normlisten erfasst, Fachabnahme offen | H12: open | I12: https://www.sz.ch/public/upload/assets/28055/545_110.pdf
A13: CH-OW | B13: Obwalden | C13: Obwald | D13: Obvaldo | E13: Sursilvania | F13: CH | G13: AP18B-04, Normlisten erfasst, Fachabnahme offen | H13: open | I13: https://gdb.ow.ch/api/de/versions/103/pdf_file
A14: CH-NW | B14: Nidwalden | C14: Nidwald | D14: Nidvaldo | E14: Sutsilvania | F14: CH | G14: AP18B-04, Normlisten erfasst, Fachabnahme offen | H14: open | I14: https://gesetze.nw.ch/app/de/texts_of_law/921.1
A15: CH-GL | B15: Glarus | C15: Glaris | D15: Glarona | E15: Glaruna | F15: CH | G15: AP18B-04, Teilerfassung mit dokumentierter Lücke, Fachabnahme offen | H15: open | I15: https://gesetze.gl.ch/api/de/versions/2110/pdf_file
A16: CH-ZG | B16: Zug | C16: Zoug | D16: Zugo | E16: Zug | F16: CH | G16: AP18B-04, Normlisten erfasst, Fachabnahme offen | H16: open | I16: https://bgs.zg.ch/app/de/texts_of_law/942.31
A17: CH-FR | B17: Freiburg | C17: Fribourg | D17: Friburgo | E17: Friburg | F17: CH | G17: AP18B-03, kantonale Normlisten erfasst, Fachabnahme offen | H17: open | I17: https://bdlf.fr.ch/api/de/versions/8126/pdf_file
A18: CH-SO | B18: Solothurn | C18: Soleure | D18: Soletta | E18: Soloturn | F18: CH | G18: AP18B-03, kantonale Normlisten erfasst, Fachabnahme offen | H18: open | I18: https://bgs.so.ch/api/de/versions/4319/pdf_file
A19: CH-BS | B19: Basel-Stadt | C19: Bâle-Ville | D19: Basilea Città | E19: Basilea-Citad | F19: CH | G19: AP18B-04, Normlisten erfasst, Fachabnahme offen | H19: open | I19: https://www.gesetzessammlung.bs.ch/frontend/versions/4927/download_pdf_file?locale=de
A20: CH-BL | B20: Basel-Landschaft | C20: Bâle-Campagne | D20: Basilea Campagna | E20: Basilea-Champagna | F20: CH | G20: AP18B-04, Normlisten erfasst, Fachabnahme offen | H20: open | I20: https://bl.clex.ch/api/versions/2507/pdf_file_with_annexes
A21: CH-SH | B21: Schaffhausen | C21: Schaffhouse | D21: Sciaffusa | E21: Schaffusa | F21: CH | G21: AP18B-04, Normlisten erfasst, Fachabnahme offen | H21: open | I21: https://rechtsbuch.sh.ch/api/de/versions/1886/pdf_file
... A25: CH-GR | B25: Graubünden | C25: Grisons | D25: Grigioni | E25: Grischun | F25: CH | G25: AP18B-02, kantonale Normliste erfasst, Fachabnahme offen | H25: open | I25: https://www.gr-lex.gr.ch/api/de/versions/2604/pdf_file
A26: CH-AG | B26: Aargau | C26: Argovie | F26: CH | G26: Kantonspaket AP18B-01, Fachabnahme offen | H26: open | I26: https://gesetzessammlungen.ag.ch/app/de/texts_of_law/961.200
A27: CH-TG | B27: Thurgau | C27: Thurgovie | D27: Turgovia | E27: Turgovia | F27: CH | G27: AP18B-04, Normlisten erfasst, Fachabnahme offen | H27: open | I27: https://www.rechtsbuch.tg.ch/api/de/versions/2949/pdf_file
A28: CH-TI | B28: Tessin | C28: Tessin | D28: Ticino | E28: Tessin | F28: CH | G28: AP18B-02, kantonale Normliste erfasst, Fachabnahme offen | H28: open | I28: https://www3.ti.ch/CAN/RLeggi/public/index.php/raccolta-leggi/legge/num/568
A29: CH-VD | B29: Waadt | C29: Vaud | D29: Vaud | E29: Vad | F29: CH | G29: AP18B-04, Normlisten erfasst, Fachabnahme offen | H29: open | I29: https://prestations.vd.ch/pub/blv-publication/actes/consolide/822.11?id=c3ef83f5-e736-490d-90a7-1753b31d5ef3
A30: CH-VS | B30: Wallis | C30: Valais | D30: Vallese | E30: Vallais | F30: CH | G30: AP18B-03, kantonale Normlisten erfasst, Fachabnahme offen | H30: open | I30: https://lex.vs.ch/api/de/versions/2105/pdf_file
A31: CH-NE | B31: Neuenburg | C31: Neuchâtel | D31: Neuchâtel | E31: Neuchâtel | F31: CH | G31: AP18B-04, Teilerfassung mit dokumentierter Lücke, Fachabnahme offen | H31: open | I31: https://rsn.ne.ch/DATA/program/books/rsne/pdf/941.02.pdf
A32: CH-GE | B32: Genf | C32: Genève | D32: Ginevra | E32: Genevra | F32: CH | G32: AP18B-03, kantonale Normlisten erfasst, Fachabnahme offen | H32: open | I32: https://silgeneve.ch/legis/data/rsg_j1_45.htm
A33: CH-JU | B33: Jura | C33: Jura | D33: Giura | E33: Giura | F33: CH | G33: AP18B-04, Normlisten erfasst, Fachabnahme offen | H33: open | I33: https://rsju.jura.ch/Htdocs/Files/v/38948.pdf

Sheet Feiertagsregeln
A2: Feiertagsregeln und Berechnung
A4: Rechtskategorie und Geltungsbereich sind Pflicht. Datum und Gültigkeit rechts werden aus dem Kalenderjahr berechnet.
A6: Regel-ID | B6: Gemeinwesen | C6: Geltungs-ID | D6: Deutsch | E6: Französisch | F6: Italienisch | G6: Rumantsch Grischun | H6: Rechtskategorie | I6: Regeltyp | J6: Monat | K6: Tag | L6: Tagesabstand | M6: ISO-Wochentag | N6: Vorkommen | O6: Gültig ab | P6: Gültig bis | Q6: Priorität | R6: Fachstatus | S6: Freigabebasis | T6: Wirkung | U6: Zielregel | V6: Exportklasse | W6: Rohdatum | X6: Datum im Geltungszeitraum | Y6: Quellen-ID | Z6: Fundstelle | AA6: Tagesumfang | AC6: Osterrechnung | AD6: Wert
A7: CH-CAL-HOL-NATIONAL-DAY | B7: CH | C7: CH-ALL | D7: Bundesfeiertag | E7: Fête nationale | H7: publicHoliday | I7: fixedMonthDay | J7: 8 | K7: 1 | O7: 34516 | Q7: 100 | R7: approved | S7: 2026-08-31-mvp-03-approved.1 | T7: add | V7: referenceOnly | W7: =IF(AND(ISNUMBER(Übersicht!$B$4),Übersicht!$B$4=INT(Übersicht!$B$4),Übersicht!$B$4>=2026,Übersicht!$B$4<=2028),IF(I7="fixedMonthDay",IF(AND(ISNUMBER(J7),J7=INT(J7),J7>=1,J7<=12,ISNUMBER(K7),K7=INT(K7),K7>=1,K7<=31,MONTH(DATE(Übersicht!$B$4,J7,K7))=J7,DAY(DATE(Übersicht!$B$4,J7,K7))=K7,L7="",M7="",N7=""),DATE(Übersicht!$B$4,J7,K7),NA()),IF(I7="easterOffsetDays",IF(AND(ISNUMBER(L7),L7=INT(L7),L7>=-366,L7<=366,J7="",K7="",M7="",N7=""),$AD$23+L7,NA()),IF(I7="nthWeekdayOfMonth",IF(AND(ISNUMBER(J7),J7=INT(J7),J7>=1,J7<=12,ISNUMBER(M7),M7=INT(M7),M7>=1,M7<=7,ISNUMBER(N7),N7=INT(N7),N7>=1,N7<=5,MONTH(DATE(Übersicht!$B$4,J7,1)+MOD(M7-WEEKDAY(DATE(Übersicht!$B$4,J7,1),2),7)+7*(N7-1))=J7,K7="",L7=""),DATE(Übersicht!$B$4,J7,1)+MOD(M7-WEEKDAY(DATE(Übersicht!$B$4,J7,1),2),7)+7*(N7-1),NA()),IF(I7="nthWeekdayOffsetDays",IF(AND(ISNUMBER(J7),J7=INT(J7),J7>=1,J7<=12,ISNUMBER(M7),M7=INT(M7),M7>=1,M7<=7,ISNUMBER(N7),N7=INT(N7),N7>=1,N7<=5,MONTH(DATE(Übersicht!$B$4,J7,1)+MOD(M7-WEEKDAY(DATE(Übersicht!$B$4,J7,1),2),7)+7*(N7-1))=J7,K7="",ISNUMBER(L7),L7=INT(L7),L7>=-366,L7<=366),DATE(Übersicht!$B$4,J7,1)+MOD(M7-WEEKDAY(DATE(Übersicht!$B$4,J7,1),2),7)+7*(N7-1)+L7,NA()),NA())))),NA()) -> 46966 | X7: =IF(AND(ISNUMBER(O7),O7=INT(O7),O7>=-115780,O7<=2958465,OR(P7="",AND(ISNUMBER(P7),P7=INT(P7),P7>=-115780,P7<=2958465,P7>=O7)),OR(AA7="Ganztägig",AA7="Ab 12.00 Uhr")),IF(AND(W7>=O7,OR(P7="",W7<=P7)),W7,"Ausserhalb Geltung"),NA()) -> 46966 | Y7: SRC-BUNDESFEIERTAG-19940701 | Z7: Art. 1 | AA7: Ganztägig | AC7: Jahr | AD7: =Übersicht!$B$4 -> 2028
A8: BE-CAL-HOL-NEW-YEAR | B8: CH-BE | C8: BE-ALL | D8: Neujahr | E8: Nouvel An | H8: publicHoliday | I8: fixedMonthDay | J8: 1 | K8: 1 | O8: 46023 | Q8: 100 | R8: approved | S8: 2026-08-31-mvp-03-approved.1 | T8: add | V8: referenceOnly | W8: =IF(AND(ISNUMBER(Übersicht!$B$4),Übersicht!$B$4=INT(Übersicht!$B$4),Übersicht!$B$4>=2026,Übersicht!$B$4<=2028),IF(I8="fixedMonthDay",IF(AND(ISNUMBER(J8),J8=INT(J8),J8>=1,J8<=12,ISNUMBER(K8),K8=INT(K8),K8>=1,K8<=31,MONTH(DATE(Übersicht!$B$4,J8,K8))=J8,DAY(DATE(Übersicht!$B$4,J8,K8))=K8,L8="",M8="",N8=""),DATE(Übersicht!$B$4,J8,K8),NA()),IF(I8="easterOffsetDays",IF(AND(ISNUMBER(L8),L8=INT(L8),L8>=-366,L8<=366,J8="",K8="",M8="",N8=""),$AD$23+L8,NA()),IF(I8="nthWeekdayOfMonth",IF(AND(ISNUMBER(J8),J8=INT(J8),J8>=1,J8<=12,ISNUMBER(M8),M8=INT(M8),M8>=1,M8<=7,ISNUMBER(N8),N8=INT(N8),N8>=1,N8<=5,MONTH(DATE(Übersicht!$B$4,J8,1)+MOD(M8-WEEKDAY(DATE(Übersicht!$B$4,J8,1),2),7)+7*(N8-1))=J8,K8="",L8=""),DATE(Übersicht!$B$4,J8,1)+MOD(M8-WEEKDAY(DATE(Übersicht!$B$4,J8,1),2),7)+7*(N8-1),NA()),IF(I8="nthWeekdayOffsetDays",IF(AND(ISNUMBER(J8),J8=INT(J8),J8>=1,J8<=12,ISNUMBER(M8),M8=INT(M8),M8>=1,M8<=7,ISNUMBER(N8),N8=INT(N8),N8>=1,N8<=5,MONTH(DATE(Übersicht!$B$4,J8,1)+MOD(M8-WEEKDAY(DATE(Übersicht!$B$4,J8,1),2),7)+7*(N8-1))=J8,K8="",ISNUMBER(L8),L8=INT(L8),L8>=-366,L8<=366),DATE(Übersicht!$B$4,J8,1)+MOD(M8-WEEKDAY(DATE(Übersicht!$B$4,J8,1),2),7)+7*(N8-1)+L8,NA()),NA())))),NA()) -> 46753 | X8: =IF(AND(ISNUMBER(O8),O8=INT(O8),O8>=-115780,O8<=2958465,OR(P8="",AND(ISNUMBER(P8),P8=INT(P8),P8>=-115780,P8<=2958465,P8>=O8)),OR(AA8="Ganztägig",AA8="Ab 12.00 Uhr")),IF(AND(W8>=O8,OR(P8="",W8<=P8)),W8,"Ausserhalb Geltung"),NA()) -> 46753 | Y8: SRC-FRG-BE-20210401 | Z8: Art. 2 Abs. 1 Bst. c | AA8: Ganztägig | AC8: a | AD8: =MOD(AD7,19) -> 14
A9: BE-CAL-HOL-BERCHTOLD-DAY | B9: CH-BE | C9: BE-ALL | D9: Berchtoldstag | E9: Saint-Berchtold | H9: publicHoliday | I9: fixedMonthDay | J9: 1 | K9: 2 | O9: 46023 | Q9: 100 | R9: approved | S9: 2026-08-31-mvp-03-approved.1 | T9: add | V9: referenceOnly | W9: =IF(AND(ISNUMBER(Übersicht!$B$4),Übersicht!$B$4=INT(Übersicht!$B$4),Übersicht!$B$4>=2026,Übersicht!$B$4<=2028),IF(I9="fixedMonthDay",IF(AND(ISNUMBER(J9),J9=INT(J9),J9>=1,J9<=12,ISNUMBER(K9),K9=INT(K9),K9>=1,K9<=31,MONTH(DATE(Übersicht!$B$4,J9,K9))=J9,DAY(DATE(Übersicht!$B$4,J9,K9))=K9,L9="",M9="",N9=""),DATE(Übersicht!$B$4,J9,K9),NA()),IF(I9="easterOffsetDays",IF(AND(ISNUMBER(L9),L9=INT(L9),L9>=-366,L9<=366,J9="",K9="",M9="",N9=""),$AD$23+L9,NA()),IF(I9="nthWeekdayOfMonth",IF(AND(ISNUMBER(J9),J9=INT(J9),J9>=1,J9<=12,ISNUMBER(M9),M9=INT(M9),M9>=1,M9<=7,ISNUMBER(N9),N9=INT(N9),N9>=1,N9<=5,MONTH(DATE(Übersicht!$B$4,J9,1)+MOD(M9-WEEKDAY(DATE(Übersicht!$B$4,J9,1),2),7)+7*(N9-1))=J9,K9="",L9=""),DATE(Übersicht!$B$4,J9,1)+MOD(M9-WEEKDAY(DATE(Übersicht!$B$4,J9,1),2),7)+7*(N9-1),NA()),IF(I9="nthWeekdayOffsetDays",IF(AND(ISNUMBER(J9),J9=INT(J9),J9>=1,J9<=12,ISNUMBER(M9),M9=INT(M9),M9>=1,M9<=7,ISNUMBER(N9),N9=INT(N9),N9>=1,N9<=5,MONTH(DATE(Übersicht!$B$4,J9,1)+MOD(M9-WEEKDAY(DATE(Übersicht!$B$4,J9,1),2),7)+7*(N9-1))=J9,K9="",ISNUMBER(L9),L9=INT(L9),L9>=-366,L9<=366),DATE(Übersicht!$B$4,J9,1)+MOD(M9-WEEKDAY(DATE(Übersicht!$B$4,J9,1),2),7)+7*(N9-1)+L9,NA()),NA())))),NA()) -> 46754 | X9: =IF(AND(ISNUMBER(O9),O9=INT(O9),O9>=-115780,O9<=2958465,OR(P9="",AND(ISNUMBER(P9),P9=INT(P9),P9>=-115780,P9<=2958465,P9>=O9)),OR(AA9="Ganztägig",AA9="Ab 12.00 Uhr")),IF(AND(W9>=O9,OR(P9="",W9<=P9)),W9,"Ausserhalb Geltung"),NA()) -> 46754 | Y9: SRC-FRG-BE-20210401 | Z9: Art. 2 Abs. 1 Bst. c | AA9: Ganztägig | AC9: b | AD9: =INT(AD7/100) -> 20
A10: BE-CAL-HOL-GOOD-FRIDAY | B10: CH-BE | C10: BE-ALL | D10: Karfreitag | E10: Vendredi saint | H10: publicHoliday | I10: easterOffsetDays | L10: -2 | O10: 46023 | Q10: 100 | R10: approved | S10: 2026-08-31-mvp-03-approved.1 | T10: add | V10: referenceOnly | W10: =IF(AND(ISNUMBER(Übersicht!$B$4),Übersicht!$B$4=INT(Übersicht!$B$4),Übersicht!$B$4>=2026,Übersicht!$B$4<=2028),IF(I10="fixedMonthDay",IF(AND(ISNUMBER(J10),J10=INT(J10),J10>=1,J10<=12,ISNUMBER(K10),K10=INT(K10),K10>=1,K10<=31,MONTH(DATE(Übersicht!$B$4,J10,K10))=J10,DAY(DATE(Übersicht!$B$4,J10,K10))=K10,L10="",M10="",N10=""),DATE(Übersicht!$B$4,J10,K10),NA()),IF(I10="easterOffsetDays",IF(AND(ISNUMBER(L10),L10=INT(L10),L10>=-366,L10<=366,J10="",K10="",M10="",N10=""),$AD$23+L10,NA()),IF(I10="nthWeekdayOfMonth",IF(AND(ISNUMBER(J10),J10=INT(J10),J10>=1,J10<=12,ISNUMBER(M10),M10=INT(M10),M10>=1,M10<=7,ISNUMBER(N10),N10=INT(N10),N10>=1,N10<=5,MONTH(DATE(Übersicht!$B$4,J10,1)+MOD(M10-WEEKDAY(DATE(Übersicht!$B$4,J10,1),2),7)+7*(N10-1))=J10,K10="",L10=""),DATE(Übersicht!$B$4,J10,1)+MOD(M10-WEEKDAY(DATE(Übersicht!$B$4,J10,1),2),7)+7*(N10-1),NA()),IF(I10="nthWeekdayOffsetDays",IF(AND(ISNUMBER(J10),J10=INT(J10),J10>=1,J10<=12,ISNUMBER(M10),M10=INT(M10),M10>=1,M10<=7,ISNUMBER(N10),N10=INT(N10),N10>=1,N10<=5,MONTH(DATE(Übersicht!$B$4,J10,1)+MOD(M10-WEEKDAY(DATE(Übersicht!$B$4,J10,1),2),7)+7*(N10-1))=J10,K10="",ISNUMBER(L10),L10=INT(L10),L10>=-366,L10<=366),DATE(Übersicht!$B$4,J10,1)+MOD(M10-WEEKDAY(DATE(Übersicht!$B$4,J10,1),2),7)+7*(N10-1)+L10,NA()),NA())))),NA()) -> 46857 | X10: =IF(AND(ISNUMBER(O10),O10=INT(O10),O10>=-115780,O10<=2958465,OR(P10="",AND(ISNUMBER(P10),P10=INT(P10),P10>=-115780,P10<=2958465,P10>=O10)),OR(AA10="Ganztägig",AA10="Ab 12.00 Uhr")),IF(AND(W10>=O10,OR(P10="",W10<=P10)),W10,"Ausserhalb Geltung"),NA()) -> 46857 | Y10: SRC-FRG-BE-20210401 | Z10: Art. 2 Abs. 1 Bst. b | AA10: Ganztägig | AC10: c | AD10: =MOD(AD7,100) -> 28
A11: BE-CAL-HOL-EASTER | B11: CH-BE | C11: BE-ALL | D11: Ostern | E11: Pâques | H11: publicHoliday | I11: easterOffsetDays | L11: 0 | O11: 46023 | Q11: 100 | R11: approved | S11: 2026-08-31-mvp-03-approved.1 | T11: add | V11: referenceOnly | W11: =IF(AND(ISNUMBER(Übersicht!$B$4),Übersicht!$B$4=INT(Übersicht!$B$4),Übersicht!$B$4>=2026,Übersicht!$B$4<=2028),IF(I11="fixedMonthDay",IF(AND(ISNUMBER(J11),J11=INT(J11),J11>=1,J11<=12,ISNUMBER(K11),K11=INT(K11),K11>=1,K11<=31,MONTH(DATE(Übersicht!$B$4,J11,K11))=J11,DAY(DATE(Übersicht!$B$4,J11,K11))=K11,L11="",M11="",N11=""),DATE(Übersicht!$B$4,J11,K11),NA()),IF(I11="easterOffsetDays",IF(AND(ISNUMBER(L11),L11=INT(L11),L11>=-366,L11<=366,J11="",K11="",M11="",N11=""),$AD$23+L11,NA()),IF(I11="nthWeekdayOfMonth",IF(AND(ISNUMBER(J11),J11=INT(J11),J11>=1,J11<=12,ISNUMBER(M11),M11=INT(M11),M11>=1,M11<=7,ISNUMBER(N11),N11=INT(N11),N11>=1,N11<=5,MONTH(DATE(Übersicht!$B$4,J11,1)+MOD(M11-WEEKDAY(DATE(Übersicht!$B$4,J11,1),2),7)+7*(N11-1))=J11,K11="",L11=""),DATE(Übersicht!$B$4,J11,1)+MOD(M11-WEEKDAY(DATE(Übersicht!$B$4,J11,1),2),7)+7*(N11-1),NA()),IF(I11="nthWeekdayOffsetDays",IF(AND(ISNUMBER(J11),J11=INT(J11),J11>=1,J11<=12,ISNUMBER(M11),M11=INT(M11),M11>=1,M11<=7,ISNUMBER(N11),N11=INT(N11),N11>=1,N11<=5,MONTH(DATE(Übersicht!$B$4,J11,1)+MOD(M11-WEEKDAY(DATE(Übersicht!$B$4,J11,1),2),7)+7*(N11-1))=J11,K11="",ISNUMBER(L11),L11=INT(L11),L11>=-366,L11<=366),DATE(Übersicht!$B$4,J11,1)+MOD(M11-WEEKDAY(DATE(Übersicht!$B$4,J11,1),2),7)+7*(N11-1)+L11,NA()),NA())))),NA()) -> 46859 | X11: =IF(AND(ISNUMBER(O11),O11=INT(O11),O11>=-115780,O11<=2958465,OR(P11="",AND(ISNUMBER(P11),P11=INT(P11),P11>=-115780,P11<=2958465,P11>=O11)),OR(AA11="Ganztägig",AA11="Ab 12.00 Uhr")),IF(AND(W11>=O11,OR(P11="",W11<=P11)),W11,"Ausserhalb Geltung"),NA()) -> 46859 | Y11: SRC-FRG-BE-20210401 | Z11: Art. 2 Abs. 1 Bst. b | AA11: Ganztägig | AC11: d | AD11: =INT(AD9/4) -> 5
A12: BE-CAL-HOL-EASTER-MONDAY | B12: CH-BE | C12: BE-ALL | D12: Ostermontag | E12: Lundi de Pâques | H12: publicHoliday | I12: easterOffsetDays | L12: 1 | O12: 46023 | Q12: 100 | R12: approved | S12: 2026-08-31-mvp-03-approved.1 | T12: add | V12: referenceOnly | W12: =IF(AND(ISNUMBER(Übersicht!$B$4),Übersicht!$B$4=INT(Übersicht!$B$4),Übersicht!$B$4>=2026,Übersicht!$B$4<=2028),IF(I12="fixedMonthDay",IF(AND(ISNUMBER(J12),J12=INT(J12),J12>=1,J12<=12,ISNUMBER(K12),K12=INT(K12),K12>=1,K12<=31,MONTH(DATE(Übersicht!$B$4,J12,K12))=J12,DAY(DATE(Übersicht!$B$4,J12,K12))=K12,L12="",M12="",N12=""),DATE(Übersicht!$B$4,J12,K12),NA()),IF(I12="easterOffsetDays",IF(AND(ISNUMBER(L12),L12=INT(L12),L12>=-366,L12<=366,J12="",K12="",M12="",N12=""),$AD$23+L12,NA()),IF(I12="nthWeekdayOfMonth",IF(AND(ISNUMBER(J12),J12=INT(J12),J12>=1,J12<=12,ISNUMBER(M12),M12=INT(M12),M12>=1,M12<=7,ISNUMBER(N12),N12=INT(N12),N12>=1,N12<=5,MONTH(DATE(Übersicht!$B$4,J12,1)+MOD(M12-WEEKDAY(DATE(Übersicht!$B$4,J12,1),2),7)+7*(N12-1))=J12,K12="",L12=""),DATE(Übersicht!$B$4,J12,1)+MOD(M12-WEEKDAY(DATE(Übersicht!$B$4,J12,1),2),7)+7*(N12-1),NA()),IF(I12="nthWeekdayOffsetDays",IF(AND(ISNUMBER(J12),J12=INT(J12),J12>=1,J12<=12,ISNUMBER(M12),M12=INT(M12),M12>=1,M12<=7,ISNUMBER(N12),N12=INT(N12),N12>=1,N12<=5,MONTH(DATE(Übersicht!$B$4,J12,1)+MOD(M12-WEEKDAY(DATE(Übersicht!$B$4,J12,1),2),7)+7*(N12-1))=J12,K12="",ISNUMBER(L12),L12=INT(L12),L12>=-366,L12<=366),DATE(Übersicht!$B$4,J12,1)+MOD(M12-WEEKDAY(DATE(Übersicht!$B$4,J12,1),2),7)+7*(N12-1)+L12,NA()),NA())))),NA()) -> 46860 | X12: =IF(AND(ISNUMBER(O12),O12=INT(O12),O12>=-115780,O12<=2958465,OR(P12="",AND(ISNUMBER(P12),P12=INT(P12),P12>=-115780,P12<=2958465,P12>=O12)),OR(AA12="Ganztägig",AA12="Ab 12.00 Uhr")),IF(AND(W12>=O12,OR(P12="",W12<=P12)),W12,"Ausserhalb Geltung"),NA()) -> 46860 | Y12: SRC-FRG-BE-20210401 | Z12: Art. 2 Abs. 1 Bst. c | AA12: Ganztägig | AC12: e | AD12: =MOD(AD9,4) -> 0
A13: BE-CAL-HOL-ASCENSION | B13: CH-BE | C13: BE-ALL | D13: Auffahrt | E13: Ascension | H13: publicHoliday | I13: easterOffsetDays | L13: 39 | O13: 46023 | Q13: 100 | R13: approved | S13: 2026-08-31-mvp-03-approved.1 | T13: add | V13: referenceOnly | W13: =IF(AND(ISNUMBER(Übersicht!$B$4),Übersicht!$B$4=INT(Übersicht!$B$4),Übersicht!$B$4>=2026,Übersicht!$B$4<=2028),IF(I13="fixedMonthDay",IF(AND(ISNUMBER(J13),J13=INT(J13),J13>=1,J13<=12,ISNUMBER(K13),K13=INT(K13),K13>=1,K13<=31,MONTH(DATE(Übersicht!$B$4,J13,K13))=J13,DAY(DATE(Übersicht!$B$4,J13,K13))=K13,L13="",M13="",N13=""),DATE(Übersicht!$B$4,J13,K13),NA()),IF(I13="easterOffsetDays",IF(AND(ISNUMBER(L13),L13=INT(L13),L13>=-366,L13<=366,J13="",K13="",M13="",N13=""),$AD$23+L13,NA()),IF(I13="nthWeekdayOfMonth",IF(AND(ISNUMBER(J13),J13=INT(J13),J13>=1,J13<=12,ISNUMBER(M13),M13=INT(M13),M13>=1,M13<=7,ISNUMBER(N13),N13=INT(N13),N13>=1,N13<=5,MONTH(DATE(Übersicht!$B$4,J13,1)+MOD(M13-WEEKDAY(DATE(Übersicht!$B$4,J13,1),2),7)+7*(N13-1))=J13,K13="",L13=""),DATE(Übersicht!$B$4,J13,1)+MOD(M13-WEEKDAY(DATE(Übersicht!$B$4,J13,1),2),7)+7*(N13-1),NA()),IF(I13="nthWeekdayOffsetDays",IF(AND(ISNUMBER(J13),J13=INT(J13),J13>=1,J13<=12,ISNUMBER(M13),M13=INT(M13),M13>=1,M13<=7,ISNUMBER(N13),N13=INT(N13),N13>=1,N13<=5,MONTH(DATE(Übersicht!$B$4,J13,1)+MOD(M13-WEEKDAY(DATE(Übersicht!$B$4,J13,1),2),7)+7*(N13-1))=J13,K13="",ISNUMBER(L13),L13=INT(L13),L13>=-366,L13<=366),DATE(Übersicht!$B$4,J13,1)+MOD(M13-WEEKDAY(DATE(Übersicht!$B$4,J13,1),2),7)+7*(N13-1)+L13,NA()),NA())))),NA()) -> 46898 | X13: =IF(AND(ISNUMBER(O13),O13=INT(O13),O13>=-115780,O13<=2958465,OR(P13="",AND(ISNUMBER(P13),P13=INT(P13),P13>=-115780,P13<=2958465,P13>=O13)),OR(AA13="Ganztägig",AA13="Ab 12.00 Uhr")),IF(AND(W13>=O13,OR(P13="",W13<=P13)),W13,"Ausserhalb Geltung"),NA()) -> 46898 | Y13: SRC-FRG-BE-20210401 | Z13: Art. 2 Abs. 1 Bst. b | AA13: Ganztägig | AC13: f | AD13: =INT((AD9+8)/25) -> 1
A14: BE-CAL-HOL-PENTECOST | B14: CH-BE | C14: BE-ALL | D14: Pfingsten | E14: Pentecôte | H14: publicHoliday | I14: easterOffsetDays | L14: 49 | O14: 46023 | Q14: 100 | R14: approved | S14: 2026-08-31-mvp-03-approved.1 | T14: add | V14: referenceOnly | W14: =IF(AND(ISNUMBER(Übersicht!$B$4),Übersicht!$B$4=INT(Übersicht!$B$4),Übersicht!$B$4>=2026,Übersicht!$B$4<=2028),IF(I14="fixedMonthDay",IF(AND(ISNUMBER(J14),J14=INT(J14),J14>=1,J14<=12,ISNUMBER(K14),K14=INT(K14),K14>=1,K14<=31,MONTH(DATE(Übersicht!$B$4,J14,K14))=J14,DAY(DATE(Übersicht!$B$4,J14,K14))=K14,L14="",M14="",N14=""),DATE(Übersicht!$B$4,J14,K14),NA()),IF(I14="easterOffsetDays",IF(AND(ISNUMBER(L14),L14=INT(L14),L14>=-366,L14<=366,J14="",K14="",M14="",N14=""),$AD$23+L14,NA()),IF(I14="nthWeekdayOfMonth",IF(AND(ISNUMBER(J14),J14=INT(J14),J14>=1,J14<=12,ISNUMBER(M14),M14=INT(M14),M14>=1,M14<=7,ISNUMBER(N14),N14=INT(N14),N14>=1,N14<=5,MONTH(DATE(Übersicht!$B$4,J14,1)+MOD(M14-WEEKDAY(DATE(Übersicht!$B$4,J14,1),2),7)+7*(N14-1))=J14,K14="",L14=""),DATE(Übersicht!$B$4,J14,1)+MOD(M14-WEEKDAY(DATE(Übersicht!$B$4,J14,1),2),7)+7*(N14-1),NA()),IF(I14="nthWeekdayOffsetDays",IF(AND(ISNUMBER(J14),J14=INT(J14),J14>=1,J14<=12,ISNUMBER(M14),M14=INT(M14),M14>=1,M14<=7,ISNUMBER(N14),N14=INT(N14),N14>=1,N14<=5,MONTH(DATE(Übersicht!$B$4,J14,1)+MOD(M14-WEEKDAY(DATE(Übersicht!$B$4,J14,1),2),7)+7*(N14-1))=J14,K14="",ISNUMBER(L14),L14=INT(L14),L14>=-366,L14<=366),DATE(Übersicht!$B$4,J14,1)+MOD(M14-WEEKDAY(DATE(Übersicht!$B$4,J14,1),2),7)+7*(N14-1)+L14,NA()),NA())))),NA()) -> 46908 | X14: =IF(AND(ISNUMBER(O14),O14=INT(O14),O14>=-115780,O14<=2958465,OR(P14="",AND(ISNUMBER(P14),P14=INT(P14),P14>=-115780,P14<=2958465,P14>=O14)),OR(AA14="Ganztägig",AA14="Ab 12.00 Uhr")),IF(AND(W14>=O14,OR(P14="",W14<=P14)),W14,"Ausserhalb Geltung"),NA()) -> 46908 | Y14: SRC-FRG-BE-20210401 | Z14: Art. 2 Abs. 1 Bst. b | AA14: Ganztägig | AC14: g | AD14: =INT((AD9-AD13+1)/3) -> 6
A15: BE-CAL-HOL-WHIT-MONDAY | B15: CH-BE | C15: BE-ALL | D15: Pfingstmontag | E15: Lundi de Pentecôte | H15: publicHoliday | I15: easterOffsetDays | L15: 50 | O15: 46023 | Q15: 100 | R15: approved | S15: 2026-08-31-mvp-03-approved.1 | T15: add | V15: referenceOnly | W15: =IF(AND(ISNUMBER(Übersicht!$B$4),Übersicht!$B$4=INT(Übersicht!$B$4),Übersicht!$B$4>=2026,Übersicht!$B$4<=2028),IF(I15="fixedMonthDay",IF(AND(ISNUMBER(J15),J15=INT(J15),J15>=1,J15<=12,ISNUMBER(K15),K15=INT(K15),K15>=1,K15<=31,MONTH(DATE(Übersicht!$B$4,J15,K15))=J15,DAY(DATE(Übersicht!$B$4,J15,K15))=K15,L15="",M15="",N15=""),DATE(Übersicht!$B$4,J15,K15),NA()),IF(I15="easterOffsetDays",IF(AND(ISNUMBER(L15),L15=INT(L15),L15>=-366,L15<=366,J15="",K15="",M15="",N15=""),$AD$23+L15,NA()),IF(I15="nthWeekdayOfMonth",IF(AND(ISNUMBER(J15),J15=INT(J15),J15>=1,J15<=12,ISNUMBER(M15),M15=INT(M15),M15>=1,M15<=7,ISNUMBER(N15),N15=INT(N15),N15>=1,N15<=5,MONTH(DATE(Übersicht!$B$4,J15,1)+MOD(M15-WEEKDAY(DATE(Übersicht!$B$4,J15,1),2),7)+7*(N15-1))=J15,K15="",L15=""),DATE(Übersicht!$B$4,J15,1)+MOD(M15-WEEKDAY(DATE(Übersicht!$B$4,J15,1),2),7)+7*(N15-1),NA()),IF(I15="nthWeekdayOffsetDays",IF(AND(ISNUMBER(J15),J15=INT(J15),J15>=1,J15<=12,ISNUMBER(M15),M15=INT(M15),M15>=1,M15<=7,ISNUMBER(N15),N15=INT(N15),N15>=1,N15<=5,MONTH(DATE(Übersicht!$B$4,J15,1)+MOD(M15-WEEKDAY(DATE(Übersicht!$B$4,J15,1),2),7)+7*(N15-1))=J15,K15="",ISNUMBER(L15),L15=INT(L15),L15>=-366,L15<=366),DATE(Übersicht!$B$4,J15,1)+MOD(M15-WEEKDAY(DATE(Übersicht!$B$4,J15,1),2),7)+7*(N15-1)+L15,NA()),NA())))),NA()) -> 46909 | X15: =IF(AND(ISNUMBER(O15),O15=INT(O15),O15>=-115780,O15<=2958465,OR(P15="",AND(ISNUMBER(P15),P15=INT(P15),P15>=-115780,P15<=2958465,P15>=O15)),OR(AA15="Ganztägig",AA15="Ab 12.00 Uhr")),IF(AND(W15>=O15,OR(P15="",W15<=P15)),W15,"Ausserhalb Geltung"),NA()) -> 46909 | Y15: SRC-FRG-BE-20210401 | Z15: Art. 2 Abs. 1 Bst. c | AA15: Ganztägig | AC15: h | AD15: =MOD(19*AD8+AD9-AD11-AD14+15,30) -> 20
A16: BE-CAL-HOL-FEDERAL-FAST | B16: CH-BE | C16: BE-ALL | D16: Eidgenössischer Dank-, Buss- und Bettag | E16: Jeûne fédéral | H16: publicHoliday | I16: nthWeekdayOfMonth | J16: 9 | M16: 7 | N16: 3 | O16: 46023 | Q16: 100 | R16: approved | S16: 2026-08-31-mvp-03-approved.1 | T16: add | V16: referenceOnly | W16: =IF(AND(ISNUMBER(Übersicht!$B$4),Übersicht!$B$4=INT(Übersicht!$B$4),Übersicht!$B$4>=2026,Übersicht!$B$4<=2028),IF(I16="fixedMonthDay",IF(AND(ISNUMBER(J16),J16=INT(J16),J16>=1,J16<=12,ISNUMBER(K16),K16=INT(K16),K16>=1,K16<=31,MONTH(DATE(Übersicht!$B$4,J16,K16))=J16,DAY(DATE(Übersicht!$B$4,J16,K16))=K16,L16="",M16="",N16=""),DATE(Übersicht!$B$4,J16,K16),NA()),IF(I16="easterOffsetDays",IF(AND(ISNUMBER(L16),L16=INT(L16),L16>=-366,L16<=366,J16="",K16="",M16="",N16=""),$AD$23+L16,NA()),IF(I16="nthWeekdayOfMonth",IF(AND(ISNUMBER(J16),J16=INT(J16),J16>=1,J16<=12,ISNUMBER(M16),M16=INT(M16),M16>=1,M16<=7,ISNUMBER(N16),N16=INT(N16),N16>=1,N16<=5,MONTH(DATE(Übersicht!$B$4,J16,1)+MOD(M16-WEEKDAY(DATE(Übersicht!$B$4,J16,1),2),7)+7*(N16-1))=J16,K16="",L16=""),DATE(Übersicht!$B$4,J16,1)+MOD(M16-WEEKDAY(DATE(Übersicht!$B$4,J16,1),2),7)+7*(N16-1),NA()),IF(I16="nthWeekdayOffsetDays",IF(AND(ISNUMBER(J16),J16=INT(J16),J16>=1,J16<=12,ISNUMBER(M16),M16=INT(M16),M16>=1,M16<=7,ISNUMBER(N16),N16=INT(N16),N16>=1,N16<=5,MONTH(DATE(Übersicht!$B$4,J16,1)+MOD(M16-WEEKDAY(DATE(Übersicht!$B$4,J16,1),2),7)+7*(N16-1))=J16,K16="",ISNUMBER(L16),L16=INT(L16),L16>=-366,L16<=366),DATE(Übersicht!$B$4,J16,1)+MOD(M16-WEEKDAY(DATE(Übersicht!$B$4,J16,1),2),7)+7*(N16-1)+L16,NA()),NA())))),NA()) -> 47013 | X16: =IF(AND(ISNUMBER(O16),O16=INT(O16),O16>=-115780,O16<=2958465,OR(P16="",AND(ISNUMBER(P16),P16=INT(P16),P16>=-115780,P16<=2958465,P16>=O16)),OR(AA16="Ganztägig",AA16="Ab 12.00 Uhr")),IF(AND(W16>=O16,OR(P16="",W16<=P16)),W16,"Ausserhalb Geltung"),NA()) -> 47013 | Y16: SRC-FRG-BE-20210401 | Z16: Art. 2 Abs. 1 Bst. b | AA16: Ganztägig | AC16: i | AD16: =INT(AD10/4) -> 7
A17: BE-CAL-HOL-CHRISTMAS | B17: CH-BE | C17: BE-ALL | D17: Weihnachten | E17: Noël | H17: publicHoliday | I17: fixedMonthDay | J17: 12 | K17: 25 | O17: 46023 | Q17: 100 | R17: approved | S17: 2026-08-31-mvp-03-approved.1 | T17: add | V17: referenceOnly | W17: =IF(AND(ISNUMBER(Übersicht!$B$4),Übersicht!$B$4=INT(Übersicht!$B$4),Übersicht!$B$4>=2026,Übersicht!$B$4<=2028),IF(I17="fixedMonthDay",IF(AND(ISNUMBER(J17),J17=INT(J17),J17>=1,J17<=12,ISNUMBER(K17),K17=INT(K17),K17>=1,K17<=31,MONTH(DATE(Übersicht!$B$4,J17,K17))=J17,DAY(DATE(Übersicht!$B$4,J17,K17))=K17,L17="",M17="",N17=""),DATE(Übersicht!$B$4,J17,K17),NA()),IF(I17="easterOffsetDays",IF(AND(ISNUMBER(L17),L17=INT(L17),L17>=-366,L17<=366,J17="",K17="",M17="",N17=""),$AD$23+L17,NA()),IF(I17="nthWeekdayOfMonth",IF(AND(ISNUMBER(J17),J17=INT(J17),J17>=1,J17<=12,ISNUMBER(M17),M17=INT(M17),M17>=1,M17<=7,ISNUMBER(N17),N17=INT(N17),N17>=1,N17<=5,MONTH(DATE(Übersicht!$B$4,J17,1)+MOD(M17-WEEKDAY(DATE(Übersicht!$B$4,J17,1),2),7)+7*(N17-1))=J17,K17="",L17=""),DATE(Übersicht!$B$4,J17,1)+MOD(M17-WEEKDAY(DATE(Übersicht!$B$4,J17,1),2),7)+7*(N17-1),NA()),IF(I17="nthWeekdayOffsetDays",IF(AND(ISNUMBER(J17),J17=INT(J17),J17>=1,J17<=12,ISNUMBER(M17),M17=INT(M17),M17>=1,M17<=7,ISNUMBER(N17),N17=INT(N17),N17>=1,N17<=5,MONTH(DATE(Übersicht!$B$4,J17,1)+MOD(M17-WEEKDAY(DATE(Übersicht!$B$4,J17,1),2),7)+7*(N17-1))=J17,K17="",ISNUMBER(L17),L17=INT(L17),L17>=-366,L17<=366),DATE(Übersicht!$B$4,J17,1)+MOD(M17-WEEKDAY(DATE(Übersicht!$B$4,J17,1),2),7)+7*(N17-1)+L17,NA()),NA())))),NA()) -> 47112 | X17: =IF(AND(ISNUMBER(O17),O17=INT(O17),O17>=-115780,O17<=2958465,OR(P17="",AND(ISNUMBER(P17),P17=INT(P17),P17>=-115780,P17<=2958465,P17>=O17)),OR(AA17="Ganztägig",AA17="Ab 12.00 Uhr")),IF(AND(W17>=O17,OR(P17="",W17<=P17)),W17,"Ausserhalb Geltung"),NA()) -> 47112 | Y17: SRC-FRG-BE-20210401 | Z17: Art. 2 Abs. 1 Bst. b | AA17: Ganztägig | AC17: k | AD17: =MOD(AD10,4) -> 0
A18: BE-CAL-HOL-ST-STEPHEN | B18: CH-BE | C18: BE-ALL | D18: Stephanstag | E18: Saint-Étienne | H18: publicHoliday | I18: fixedMonthDay | J18: 12 | K18: 26 | O18: 46023 | Q18: 100 | R18: approved | S18: 2026-08-31-mvp-03-approved.1 | T18: add | V18: referenceOnly | W18: =IF(AND(ISNUMBER(Übersicht!$B$4),Übersicht!$B$4=INT(Übersicht!$B$4),Übersicht!$B$4>=2026,Übersicht!$B$4<=2028),IF(I18="fixedMonthDay",IF(AND(ISNUMBER(J18),J18=INT(J18),J18>=1,J18<=12,ISNUMBER(K18),K18=INT(K18),K18>=1,K18<=31,MONTH(DATE(Übersicht!$B$4,J18,K18))=J18,DAY(DATE(Übersicht!$B$4,J18,K18))=K18,L18="",M18="",N18=""),DATE(Übersicht!$B$4,J18,K18),NA()),IF(I18="easterOffsetDays",IF(AND(ISNUMBER(L18),L18=INT(L18),L18>=-366,L18<=366,J18="",K18="",M18="",N18=""),$AD$23+L18,NA()),IF(I18="nthWeekdayOfMonth",IF(AND(ISNUMBER(J18),J18=INT(J18),J18>=1,J18<=12,ISNUMBER(M18),M18=INT(M18),M18>=1,M18<=7,ISNUMBER(N18),N18=INT(N18),N18>=1,N18<=5,MONTH(DATE(Übersicht!$B$4,J18,1)+MOD(M18-WEEKDAY(DATE(Übersicht!$B$4,J18,1),2),7)+7*(N18-1))=J18,K18="",L18=""),DATE(Übersicht!$B$4,J18,1)+MOD(M18-WEEKDAY(DATE(Übersicht!$B$4,J18,1),2),7)+7*(N18-1),NA()),IF(I18="nthWeekdayOffsetDays",IF(AND(ISNUMBER(J18),J18=INT(J18),J18>=1,J18<=12,ISNUMBER(M18),M18=INT(M18),M18>=1,M18<=7,ISNUMBER(N18),N18=INT(N18),N18>=1,N18<=5,MONTH(DATE(Übersicht!$B$4,J18,1)+MOD(M18-WEEKDAY(DATE(Übersicht!$B$4,J18,1),2),7)+7*(N18-1))=J18,K18="",ISNUMBER(L18),L18=INT(L18),L18>=-366,L18<=366),DATE(Übersicht!$B$4,J18,1)+MOD(M18-WEEKDAY(DATE(Übersicht!$B$4,J18,1),2),7)+7*(N18-1)+L18,NA()),NA())))),NA()) -> 47113 | X18: =IF(AND(ISNUMBER(O18),O18=INT(O18),O18>=-115780,O18<=2958465,OR(P18="",AND(ISNUMBER(P18),P18=INT(P18),P18>=-115780,P18<=2958465,P18>=O18)),OR(AA18="Ganztägig",AA18="Ab 12.00 Uhr")),IF(AND(W18>=O18,OR(P18="",W18<=P18)),W18,"Ausserhalb Geltung"),NA()) -> 47113 | Y18: SRC-FRG-BE-20210401 | Z18: Art. 2 Abs. 1 Bst. c | AA18: Ganztägig | AC18: l | AD18: =MOD(32+2*AD12+2*AD16-AD15-AD17,7) -> 5
A19: AG-WORK-HOL-CORPUS-CHRISTI | B19: CH-AG | C19: AG-ARG-BADEN | D19: Fronleichnam | E19: Fête-Dieu | H19: labourLawHoliday | I19: easterOffsetDays | L19: 60 | O19: 46023 | Q19: 100 | R19: open | T19: add | V19: blockedScope | W19: =IF(AND(ISNUMBER(Übersicht!$B$4),Übersicht!$B$4=INT(Übersicht!$B$4),Übersicht!$B$4>=2026,Übersicht!$B$4<=2028),IF(I19="fixedMonthDay",IF(AND(ISNUMBER(J19),J19=INT(J19),J19>=1,J19<=12,ISNUMBER(K19),K19=INT(K19),K19>=1,K19<=31,MONTH(DATE(Übersicht!$B$4,J19,K19))=J19,DAY(DATE(Übersicht!$B$4,J19,K19))=K19,L19="",M19="",N19=""),DATE(Übersicht!$B$4,J19,K19),NA()),IF(I19="easterOffsetDays",IF(AND(ISNUMBER(L19),L19=INT(L19),L19>=-366,L19<=366,J19="",K19="",M19="",N19=""),$AD$23+L19,NA()),IF(I19="nthWeekdayOfMonth",IF(AND(ISNUMBER(J19),J19=INT(J19),J19>=1,J19<=12,ISNUMBER(M19),M19=INT(M19),M19>=1,M19<=7,ISNUMBER(N19),N19=INT(N19),N19>=1,N19<=5,MONTH(DATE(Übersicht!$B$4,J19,1)+MOD(M19-WEEKDAY(DATE(Übersicht!$B$4,J19,1),2),7)+7*(N19-1))=J19,K19="",L19=""),DATE(Übersicht!$B$4,J19,1)+MOD(M19-WEEKDAY(DATE(Übersicht!$B$4,J19,1),2),7)+7*(N19-1),NA()),IF(I19="nthWeekdayOffsetDays",IF(AND(ISNUMBER(J19),J19=INT(J19),J19>=1,J19<=12,ISNUMBER(M19),M19=INT(M19),M19>=1,M19<=7,ISNUMBER(N19),N19=INT(N19),N19>=1,N19<=5,MONTH(DATE(Übersicht!$B$4,J19,1)+MOD(M19-WEEKDAY(DATE(Übersicht!$B$4,J19,1),2),7)+7*(N19-1))=J19,K19="",ISNUMBER(L19),L19=INT(L19),L19>=-366,L19<=366),DATE(Übersicht!$B$4,J19,1)+MOD(M19-WEEKDAY(DATE(Übersicht!$B$4,J19,1),2),7)+7*(N19-1)+L19,NA()),NA())))),NA()) -> 46919 | X19: =IF(AND(ISNUMBER(O19),O19=INT(O19),O19>=-115780,O19<=2958465,OR(P19="",AND(ISNUMBER(P19),P19=INT(P19),P19>=-115780,P19<=2958465,P19>=O19)),OR(AA19="Ganztägig",AA19="Ab 12.00 Uhr")),IF(AND(W19>=O19,OR(P19="",W19<=P19)),W19,"Ausserhalb Geltung"),NA()) -> 46919 | Y19: SRC-AG-EGARR-20250901 | Z19: § 6 Abs. 1 Bst. b Ziff. 2 | AA19: Ganztägig | AC19: m | AD19: =INT((AD8+11*AD15+22*AD18)/451) -> 0
A20: AG-WORK-HOL-BERCHTOLD | B20: CH-AG | C20: AG-ARG-BERGDIETIKON | D20: Berchtoldstag | E20: Saint-Berchtold | H20: labourLawHoliday | I20: fixedMonthDay | J20: 1 | K20: 2 | O20: 46023 | Q20: 100 | R20: open | T20: add | V20: blockedScope | W20: =IF(AND(ISNUMBER(Übersicht!$B$4),Übersicht!$B$4=INT(Übersicht!$B$4),Übersicht!$B$4>=2026,Übersicht!$B$4<=2028),IF(I20="fixedMonthDay",IF(AND(ISNUMBER(J20),J20=INT(J20),J20>=1,J20<=12,ISNUMBER(K20),K20=INT(K20),K20>=1,K20<=31,MONTH(DATE(Übersicht!$B$4,J20,K20))=J20,DAY(DATE(Übersicht!$B$4,J20,K20))=K20,L20="",M20="",N20=""),DATE(Übersicht!$B$4,J20,K20),NA()),IF(I20="easterOffsetDays",IF(AND(ISNUMBER(L20),L20=INT(L20),L20>=-366,L20<=366,J20="",K20="",M20="",N20=""),$AD$23+L20,NA()),IF(I20="nthWeekdayOfMonth",IF(AND(ISNUMBER(J20),J20=INT(J20),J20>=1,J20<=12,ISNUMBER(M20),M20=INT(M20),M20>=1,M20<=7,ISNUMBER(N20),N20=INT(N20),N20>=1,N20<=5,MONTH(DATE(Übersicht!$B$4,J20,1)+MOD(M20-WEEKDAY(DATE(Übersicht!$B$4,J20,1),2),7)+7*(N20-1))=J20,K20="",L20=""),DATE(Übersicht!$B$4,J20,1)+MOD(M20-WEEKDAY(DATE(Übersicht!$B$4,J20,1),2),7)+7*(N20-1),NA()),IF(I20="nthWeekdayOffsetDays",IF(AND(ISNUMBER(J20),J20=INT(J20),J20>=1,J20<=12,ISNUMBER(M20),M20=INT(M20),M20>=1,M20<=7,ISNUMBER(N20),N20=INT(N20),N20>=1,N20<=5,MONTH(DATE(Übersicht!$B$4,J20,1)+MOD(M20-WEEKDAY(DATE(Übersicht!$B$4,J20,1),2),7)+7*(N20-1))=J20,K20="",ISNUMBER(L20),L20=INT(L20),L20>=-366,L20<=366),DATE(Übersicht!$B$4,J20,1)+MOD(M20-WEEKDAY(DATE(Übersicht!$B$4,J20,1),2),7)+7*(N20-1)+L20,NA()),NA())))),NA()) -> 46754 | X20: =IF(AND(ISNUMBER(O20),O20=INT(O20),O20>=-115780,O20<=2958465,OR(P20="",AND(ISNUMBER(P20),P20=INT(P20),P20>=-115780,P20<=2958465,P20>=O20)),OR(AA20="Ganztägig",AA20="Ab 12.00 Uhr")),IF(AND(W20>=O20,OR(P20="",W20<=P20)),W20,"Ausserhalb Geltung"),NA()) -> 46754 | Y20: SRC-AG-EGARR-20250901 | Z20: § 6 Abs. 1 Bst. b Ziff. 1 | AA20: Ganztägig | AC20: n | AD20: =AD15+AD18-7*AD19+114 -> 139
A21: AG-PROC-DAY-ALL-SAINTS | B21: CH-AG | C21: AG-ZPO-ALL | D21: Allerheiligen | E21: Toussaint | H21: proceduralEquivalentDay | I21: fixedMonthDay | J21: 11 | K21: 1 | O21: 46023 | Q21: 100 | R21: open | T21: add | V21: blockedEffect | W21: =IF(AND(ISNUMBER(Übersicht!$B$4),Übersicht!$B$4=INT(Übersicht!$B$4),Übersicht!$B$4>=2026,Übersicht!$B$4<=2028),IF(I21="fixedMonthDay",IF(AND(ISNUMBER(J21),J21=INT(J21),J21>=1,J21<=12,ISNUMBER(K21),K21=INT(K21),K21>=1,K21<=31,MONTH(DATE(Übersicht!$B$4,J21,K21))=J21,DAY(DATE(Übersicht!$B$4,J21,K21))=K21,L21="",M21="",N21=""),DATE(Übersicht!$B$4,J21,K21),NA()),IF(I21="easterOffsetDays",IF(AND(ISNUMBER(L21),L21=INT(L21),L21>=-366,L21<=366,J21="",K21="",M21="",N21=""),$AD$23+L21,NA()),IF(I21="nthWeekdayOfMonth",IF(AND(ISNUMBER(J21),J21=INT(J21),J21>=1,J21<=12,ISNUMBER(M21),M21=INT(M21),M21>=1,M21<=7,ISNUMBER(N21),N21=INT(N21),N21>=1,N21<=5,MONTH(DATE(Übersicht!$B$4,J21,1)+MOD(M21-WEEKDAY(DATE(Übersicht!$B$4,J21,1),2),7)+7*(N21-1))=J21,K21="",L21=""),DATE(Übersicht!$B$4,J21,1)+MOD(M21-WEEKDAY(DATE(Übersicht!$B$4,J21,1),2),7)+7*(N21-1),NA()),IF(I21="nthWeekdayOffsetDays",IF(AND(ISNUMBER(J21),J21=INT(J21),J21>=1,J21<=12,ISNUMBER(M21),M21=INT(M21),M21>=1,M21<=7,ISNUMBER(N21),N21=INT(N21),N21>=1,N21<=5,MONTH(DATE(Übersicht!$B$4,J21,1)+MOD(M21-WEEKDAY(DATE(Übersicht!$B$4,J21,1),2),7)+7*(N21-1))=J21,K21="",ISNUMBER(L21),L21=INT(L21),L21>=-366,L21<=366),DATE(Übersicht!$B$4,J21,1)+MOD(M21-WEEKDAY(DATE(Übersicht!$B$4,J21,1),2),7)+7*(N21-1)+L21,NA()),NA())))),NA()) -> 47058 | X21: =IF(AND(ISNUMBER(O21),O21=INT(O21),O21>=-115780,O21<=2958465,OR(P21="",AND(ISNUMBER(P21),P21=INT(P21),P21>=-115780,P21<=2958465,P21>=O21)),OR(AA21="Ganztägig",AA21="Ab 12.00 Uhr")),IF(AND(W21>=O21,OR(P21="",W21<=P21)),W21,"Ausserhalb Geltung"),NA()) -> 47058 | Y21: SRC-AG-EGZPO | Z21: § 21 | AA21: Ganztägig | AC21: Ostermonat | AD21: =INT(AD20/31) -> 4
A22: AG-WORK-HOL-A-NEW-YEAR | B22: CH-AG | C22: AG-ARG-AARAU-BRUGG-KULM-LENZBURG-ZOFINGEN | D22: Neujahr | E22: Nouvel An | H22: labourLawHoliday | I22: fixedMonthDay | J22: 1 | K22: 1 | O22: 46023 | Q22: 100 | R22: open | T22: add | V22: blockedScope | W22: =IF(AND(ISNUMBER(Übersicht!$B$4),Übersicht!$B$4=INT(Übersicht!$B$4),Übersicht!$B$4>=2026,Übersicht!$B$4<=2028),IF(I22="fixedMonthDay",IF(AND(ISNUMBER(J22),J22=INT(J22),J22>=1,J22<=12,ISNUMBER(K22),K22=INT(K22),K22>=1,K22<=31,MONTH(DATE(Übersicht!$B$4,J22,K22))=J22,DAY(DATE(Übersicht!$B$4,J22,K22))=K22,L22="",M22="",N22=""),DATE(Übersicht!$B$4,J22,K22),NA()),IF(I22="easterOffsetDays",IF(AND(ISNUMBER(L22),L22=INT(L22),L22>=-366,L22<=366,J22="",K22="",M22="",N22=""),$AD$23+L22,NA()),IF(I22="nthWeekdayOfMonth",IF(AND(ISNUMBER(J22),J22=INT(J22),J22>=1,J22<=12,ISNUMBER(M22),M22=INT(M22),M22>=1,M22<=7,ISNUMBER(N22),N22=INT(N22),N22>=1,N22<=5,MONTH(DATE(Übersicht!$B$4,J22,1)+MOD(M22-WEEKDAY(DATE(Übersicht!$B$4,J22,1),2),7)+7*(N22-1))=J22,K22="",L22=""),DATE(Übersicht!$B$4,J22,1)+MOD(M22-WEEKDAY(DATE(Übersicht!$B$4,J22,1),2),7)+7*(N22-1),NA()),IF(I22="nthWeekdayOffsetDays",IF(AND(ISNUMBER(J22),J22=INT(J22),J22>=1,J22<=12,ISNUMBER(M22),M22=INT(M22),M22>=1,M22<=7,ISNUMBER(N22),N22=INT(N22),N22>=1,N22<=5,MONTH(DATE(Übersicht!$B$4,J22,1)+MOD(M22-WEEKDAY(DATE(Übersicht!$B$4,J22,1),2),7)+7*(N22-1))=J22,K22="",ISNUMBER(L22),L22=INT(L22),L22>=-366,L22<=366),DATE(Übersicht!$B$4,J22,1)+MOD(M22-WEEKDAY(DATE(Übersicht!$B$4,J22,1),2),7)+7*(N22-1)+L22,NA()),NA())))),NA()) -> 46753 | X22: =IF(AND(ISNUMBER(O22),O22=INT(O22),O22>=-115780,O22<=2958465,OR(P22="",AND(ISNUMBER(P22),P22=INT(P22),P22>=-115780,P22<=2958465,P22>=O22)),OR(AA22="Ganztägig",AA22="Ab 12.00 Uhr")),IF(AND(W22>=O22,OR(P22="",W22<=P22)),W22,"Ausserhalb Geltung"),NA()) -> 46753 | Y22: SRC-AG-EGARR-20250901 | Z22: § 6 Abs. 1 Bst. a | AA22: Ganztägig | AC22: Ostertag | AD22: =MOD(AD20,31)+1 -> 16
A23: AG-WORK-HOL-A-BERCHTOLD | B23: CH-AG | C23: AG-ARG-AARAU-BRUGG-KULM-LENZBURG-ZOFINGEN | D23: Berchtoldstag | E23: Saint-Berchtold | H23: labourLawHoliday | I23: fixedMonthDay | J23: 1 | K23: 2 | O23: 46023 | Q23: 100 | R23: open | T23: add | V23: blockedScope | W23: =IF(AND(ISNUMBER(Übersicht!$B$4),Übersicht!$B$4=INT(Übersicht!$B$4),Übersicht!$B$4>=2026,Übersicht!$B$4<=2028),IF(I23="fixedMonthDay",IF(AND(ISNUMBER(J23),J23=INT(J23),J23>=1,J23<=12,ISNUMBER(K23),K23=INT(K23),K23>=1,K23<=31,MONTH(DATE(Übersicht!$B$4,J23,K23))=J23,DAY(DATE(Übersicht!$B$4,J23,K23))=K23,L23="",M23="",N23=""),DATE(Übersicht!$B$4,J23,K23),NA()),IF(I23="easterOffsetDays",IF(AND(ISNUMBER(L23),L23=INT(L23),L23>=-366,L23<=366,J23="",K23="",M23="",N23=""),$AD$23+L23,NA()),IF(I23="nthWeekdayOfMonth",IF(AND(ISNUMBER(J23),J23=INT(J23),J23>=1,J23<=12,ISNUMBER(M23),M23=INT(M23),M23>=1,M23<=7,ISNUMBER(N23),N23=INT(N23),N23>=1,N23<=5,MONTH(DATE(Übersicht!$B$4,J23,1)+MOD(M23-WEEKDAY(DATE(Übersicht!$B$4,J23,1),2),7)+7*(N23-1))=J23,K23="",L23=""),DATE(Übersicht!$B$4,J23,1)+MOD(M23-WEEKDAY(DATE(Übersicht!$B$4,J23,1),2),7)+7*(N23-1),NA()),IF(I23="nthWeekdayOffsetDays",IF(AND(ISNUMBER(J23),J23=INT(J23),J23>=1,J23<=12,ISNUMBER(M23),M23=INT(M23),M23>=1,M23<=7,ISNUMBER(N23),N23=INT(N23),N23>=1,N23<=5,MONTH(DATE(Übersicht!$B$4,J23,1)+MOD(M23-WEEKDAY(DATE(Übersicht!$B$4,J23,1),2),7)+7*(N23-1))=J23,K23="",ISNUMBER(L23),L23=INT(L23),L23>=-366,L23<=366),DATE(Übersicht!$B$4,J23,1)+MOD(M23-WEEKDAY(DATE(Übersicht!$B$4,J23,1),2),7)+7*(N23-1)+L23,NA()),NA())))),NA()) -> 46754 | X23: =IF(AND(ISNUMBER(O23),O23=INT(O23),O23>=-115780,O23<=2958465,OR(P23="",AND(ISNUMBER(P23),P23=INT(P23),P23>=-115780,P23<=2958465,P23>=O23)),OR(AA23="Ganztägig",AA23="Ab 12.00 Uhr")),IF(AND(W23>=O23,OR(P23="",W23<=P23)),W23,"Ausserhalb Geltung"),NA()) -> 46754 | Y23: SRC-AG-EGARR-20250901 | Z23: § 6 Abs. 1 Bst. a | AA23: Ganztägig | AC23: Ostersonntag | AD23: =DATE(AD7,AD21,AD22) -> 46859
A24: AG-WORK-HOL-A-GOOD-FRIDAY | B24: CH-AG | C24: AG-ARG-AARAU-BRUGG-KULM-LENZBURG-ZOFINGEN | D24: Karfreitag | E24: Vendredi saint | H24: labourLawHoliday | I24: easterOffsetDays | L24: -2 | O24: 46023 | Q24: 100 | R24: open | T24: add | V24: blockedScope | W24: =IF(AND(ISNUMBER(Übersicht!$B$4),Übersicht!$B$4=INT(Übersicht!$B$4),Übersicht!$B$4>=2026,Übersicht!$B$4<=2028),IF(I24="fixedMonthDay",IF(AND(ISNUMBER(J24),J24=INT(J24),J24>=1,J24<=12,ISNUMBER(K24),K24=INT(K24),K24>=1,K24<=31,MONTH(DATE(Übersicht!$B$4,J24,K24))=J24,DAY(DATE(Übersicht!$B$4,J24,K24))=K24,L24="",M24="",N24=""),DATE(Übersicht!$B$4,J24,K24),NA()),IF(I24="easterOffsetDays",IF(AND(ISNUMBER(L24),L24=INT(L24),L24>=-366,L24<=366,J24="",K24="",M24="",N24=""),$AD$23+L24,NA()),IF(I24="nthWeekdayOfMonth",IF(AND(ISNUMBER(J24),J24=INT(J24),J24>=1,J24<=12,ISNUMBER(M24),M24=INT(M24),M24>=1,M24<=7,ISNUMBER(N24),N24=INT(N24),N24>=1,N24<=5,MONTH(DATE(Übersicht!$B$4,J24,1)+MOD(M24-WEEKDAY(DATE(Übersicht!$B$4,J24,1),2),7)+7*(N24-1))=J24,K24="",L24=""),DATE(Übersicht!$B$4,J24,1)+MOD(M24-WEEKDAY(DATE(Übersicht!$B$4,J24,1),2),7)+7*(N24-1),NA()),IF(I24="nthWeekdayOffsetDays",IF(AND(ISNUMBER(J24),J24=INT(J24),J24>=1,J24<=12,ISNUMBER(M24),M24=INT(M24),M24>=1,M24<=7,ISNUMBER(N24),N24=INT(N24),N24>=1,N24<=5,MONTH(DATE(Übersicht!$B$4,J24,1)+MOD(M24-WEEKDAY(DATE(Übersicht!$B$4,J24,1),2),7)+7*(N24-1))=J24,K24="",ISNUMBER(L24),L24=INT(L24),L24>=-366,L24<=366),DATE(Übersicht!$B$4,J24,1)+MOD(M24-WEEKDAY(DATE(Übersicht!$B$4,J24,1),2),7)+7*(N24-1)+L24,NA()),NA())))),NA()) -> 46857 | X24: =IF(AND(ISNUMBER(O24),O24=INT(O24),O24>=-115780,O24<=2958465,OR(P24="",AND(ISNUMBER(P24),P24=INT(P24),P24>=-115780,P24<=2958465,P24>=O24)),OR(AA24="Ganztägig",AA24="Ab 12.00 Uhr")),IF(AND(W24>=O24,OR(P24="",W24<=P24)),W24,"Ausserhalb Geltung"),NA()) -> 46857 | Y24: SRC-AG-EGARR-20250901 | Z24: § 6 Abs. 1 Bst. a | AA24: Ganztägig
A25: AG-WORK-HOL-A-EASTER-MONDAY | B25: CH-AG | C25: AG-ARG-AARAU-BRUGG-KULM-LENZBURG-ZOFINGEN | D25: Ostermontag | E25: Lundi de Pâques | H25: labourLawHoliday | I25: easterOffsetDays | L25: 1 | O25: 46023 | Q25: 100 | R25: open | T25: add | V25: blockedScope | W25: =IF(AND(ISNUMBER(Übersicht!$B$4),Übersicht!$B$4=INT(Übersicht!$B$4),Übersicht!$B$4>=2026,Übersicht!$B$4<=2028),IF(I25="fixedMonthDay",IF(AND(ISNUMBER(J25),J25=INT(J25),J25>=1,J25<=12,ISNUMBER(K25),K25=INT(K25),K25>=1,K25<=31,MONTH(DATE(Übersicht!$B$4,J25,K25))=J25,DAY(DATE(Übersicht!$B$4,J25,K25))=K25,L25="",M25="",N25=""),DATE(Übersicht!$B$4,J25,K25),NA()),IF(I25="easterOffsetDays",IF(AND(ISNUMBER(L25),L25=INT(L25),L25>=-366,L25<=366,J25="",K25="",M25="",N25=""),$AD$23+L25,NA()),IF(I25="nthWeekdayOfMonth",IF(AND(ISNUMBER(J25),J25=INT(J25),J25>=1,J25<=12,ISNUMBER(M25),M25=INT(M25),M25>=1,M25<=7,ISNUMBER(N25),N25=INT(N25),N25>=1,N25<=5,MONTH(DATE(Übersicht!$B$4,J25,1)+MOD(M25-WEEKDAY(DATE(Übersicht!$B$4,J25,1),2),7)+7*(N25-1))=J25,K25="",L25=""),DATE(Übersicht!$B$4,J25,1)+MOD(M25-WEEKDAY(DATE(Übersicht!$B$4,J25,1),2),7)+7*(N25-1),NA()),IF(I25="nthWeekdayOffsetDays",IF(AND(ISNUMBER(J25),J25=INT(J25),J25>=1,J25<=12,ISNUMBER(M25),M25=INT(M25),M25>=1,M25<=7,ISNUMBER(N25),N25=INT(N25),N25>=1,N25<=5,MONTH(DATE(Übersicht!$B$4,J25,1)+MOD(M25-WEEKDAY(DATE(Übersicht!$B$4,J25,1),2),7)+7*(N25-1))=J25,K25="",ISNUMBER(L25),L25=INT(L25),L25>=-366,L25<=366),DATE(Übersicht!$B$4,J25,1)+MOD(M25-WEEKDAY(DATE(Übersicht!$B$4,J25,1),2),7)+7*(N25-1)+L25,NA()),NA())))),NA()) -> 46860 | X25: =IF(AND(ISNUMBER(O25),O25=INT(O25),O25>=-115780,O25<=2958465,OR(P25="",AND(ISNUMBER(P25),P25=INT(P25),P25>=-115780,P25<=2958465,P25>=O25)),OR(AA25="Ganztägig",AA25="Ab 12.00 Uhr")),IF(AND(W25>=O25,OR(P25="",W25<=P25)),W25,"Ausserhalb Geltung"),NA()) -> 46860 | Y25: SRC-AG-EGARR-20250901 | Z25: § 6 Abs. 1 Bst. a | AA25: Ganztägig
A26: AG-WORK-HOL-A-ASCENSION | B26: CH-AG | C26: AG-ARG-AARAU-BRUGG-KULM-LENZBURG-ZOFINGEN | D26: Auffahrt | E26: Ascension | H26: labourLawHoliday | I26: easterOffsetDays | L26: 39 | O26: 46023 | Q26: 100 | R26: open | T26: add | V26: blockedScope | W26: =IF(AND(ISNUMBER(Übersicht!$B$4),Übersicht!$B$4=INT(Übersicht!$B$4),Übersicht!$B$4>=2026,Übersicht!$B$4<=2028),IF(I26="fixedMonthDay",IF(AND(ISNUMBER(J26),J26=INT(J26),J26>=1,J26<=12,ISNUMBER(K26),K26=INT(K26),K26>=1,K26<=31,MONTH(DATE(Übersicht!$B$4,J26,K26))=J26,DAY(DATE(Übersicht!$B$4,J26,K26))=K26,L26="",M26="",N26=""),DATE(Übersicht!$B$4,J26,K26),NA()),IF(I26="easterOffsetDays",IF(AND(ISNUMBER(L26),L26=INT(L26),L26>=-366,L26<=366,J26="",K26="",M26="",N26=""),$AD$23+L26,NA()),IF(I26="nthWeekdayOfMonth",IF(AND(ISNUMBER(J26),J26=INT(J26),J26>=1,J26<=12,ISNUMBER(M26),M26=INT(M26),M26>=1,M26<=7,ISNUMBER(N26),N26=INT(N26),N26>=1,N26<=5,MONTH(DATE(Übersicht!$B$4,J26,1)+MOD(M26-WEEKDAY(DATE(Übersicht!$B$4,J26,1),2),7)+7*(N26-1))=J26,K26="",L26=""),DATE(Übersicht!$B$4,J26,1)+MOD(M26-WEEKDAY(DATE(Übersicht!$B$4,J26,1),2),7)+7*(N26-1),NA()),IF(I26="nthWeekdayOffsetDays",IF(AND(ISNUMBER(J26),J26=INT(J26),J26>=1,J26<=12,ISNUMBER(M26),M26=INT(M26),M26>=1,M26<=7,ISNUMBER(N26),N26=INT(N26),N26>=1,N26<=5,MONTH(DATE(Übersicht!$B$4,J26,1)+MOD(M26-WEEKDAY(DATE(Übersicht!$B$4,J26,1),2),7)+7*(N26-1))=J26,K26="",ISNUMBER(L26),L26=INT(L26),L26>=-366,L26<=366),DATE(Übersicht!$B$4,J26,1)+MOD(M26-WEEKDAY(DATE(Übersicht!$B$4,J26,1),2),7)+7*(N26-1)+L26,NA()),NA())))),NA()) -> 46898 | X26: =IF(AND(ISNUMBER(O26),O26=INT(O26),O26>=-115780,O26<=2958465,OR(P26="",AND(ISNUMBER(P26),P26=INT(P26),P26>=-115780,P26<=2958465,P26>=O26)),OR(AA26="Ganztägig",AA26="Ab 12.00 Uhr")),IF(AND(W26>=O26,OR(P26="",W26<=P26)),W26,"Ausserhalb Geltung"),NA()) -> 46898 | Y26: SRC-AG-EGARR-20250901 | Z26: § 6 Abs. 1 Bst. a | AA26: Ganztägig
A27: AG-WORK-HOL-A-WHIT-MONDAY | B27: CH-AG | C27: AG-ARG-AARAU-BRUGG-KULM-LENZBURG-ZOFINGEN | D27: Pfingstmontag | E27: Lundi de Pentecôte | H27: labourLawHoliday | I27: easterOffsetDays | L27: 50 | O27: 46023 | Q27: 100 | R27: open | T27: add | V27: blockedScope | W27: =IF(AND(ISNUMBER(Übersicht!$B$4),Übersicht!$B$4=INT(Übersicht!$B$4),Übersicht!$B$4>=2026,Übersicht!$B$4<=2028),IF(I27="fixedMonthDay",IF(AND(ISNUMBER(J27),J27=INT(J27),J27>=1,J27<=12,ISNUMBER(K27),K27=INT(K27),K27>=1,K27<=31,MONTH(DATE(Übersicht!$B$4,J27,K27))=J27,DAY(DATE(Übersicht!$B$4,J27,K27))=K27,L27="",M27="",N27=""),DATE(Übersicht!$B$4,J27,K27),NA()),IF(I27="easterOffsetDays",IF(AND(ISNUMBER(L27),L27=INT(L27),L27>=-366,L27<=366,J27="",K27="",M27="",N27=""),$AD$23+L27,NA()),IF(I27="nthWeekdayOfMonth",IF(AND(ISNUMBER(J27),J27=INT(J27),J27>=1,J27<=12,ISNUMBER(M27),M27=INT(M27),M27>=1,M27<=7,ISNUMBER(N27),N27=INT(N27),N27>=1,N27<=5,MONTH(DATE(Übersicht!$B$4,J27,1)+MOD(M27-WEEKDAY(DATE(Übersicht!$B$4,J27,1),2),7)+7*(N27-1))=J27,K27="",L27=""),DATE(Übersicht!$B$4,J27,1)+MOD(M27-WEEKDAY(DATE(Übersicht!$B$4,J27,1),2),7)+7*(N27-1),NA()),IF(I27="nthWeekdayOffsetDays",IF(AND(ISNUMBER(J27),J27=INT(J27),J27>=1,J27<=12,ISNUMBER(M27),M27=INT(M27),M27>=1,M27<=7,ISNUMBER(N27),N27=INT(N27),N27>=1,N27<=5,MONTH(DATE(Übersicht!$B$4,J27,1)+MOD(M27-WEEKDAY(DATE(Übersicht!$B$4,J27,1),2),7)+7*(N27-1))=J27,K27="",ISNUMBER(L27),L27=INT(L27),L27>=-366,L27<=366),DATE(Übersicht!$B$4,J27,1)+MOD(M27-WEEKDAY(DATE(Übersicht!$B$4,J27,1),2),7)+7*(N27-1)+L27,NA()),NA())))),NA()) -> 46909 | X27: =IF(AND(ISNUMBER(O27),O27=INT(O27),O27>=-115780,O27<=2958465,OR(P27="",AND(ISNUMBER(P27),P27=INT(P27),P27>=-115780,P27<=2958465,P27>=O27)),OR(AA27="Ganztägig",AA27="Ab 12.00 Uhr")),IF(AND(W27>=O27,OR(P27="",W27<=P27)),W27,"Ausserhalb Geltung"),NA()) -> 46909 | Y27: SRC-AG-EGARR-20250901 | Z27: § 6 Abs. 1 Bst. a | AA27: Ganztägig
A28: AG-WORK-HOL-A-CHRISTMAS | B28: CH-AG | C28: AG-ARG-AARAU-BRUGG-KULM-LENZBURG-ZOFINGEN | D28: Weihnachten | E28: Noël | H28: labourLawHoliday | I28: fixedMonthDay | J28: 12 | K28: 25 | O28: 46023 | Q28: 100 | R28: open | T28: add | V28: blockedScope | W28: =IF(AND(ISNUMBER(Übersicht!$B$4),Übersicht!$B$4=INT(Übersicht!$B$4),Übersicht!$B$4>=2026,Übersicht!$B$4<=2028),IF(I28="fixedMonthDay",IF(AND(ISNUMBER(J28),J28=INT(J28),J28>=1,J28<=12,ISNUMBER(K28),K28=INT(K28),K28>=1,K28<=31,MONTH(DATE(Übersicht!$B$4,J28,K28))=J28,DAY(DATE(Übersicht!$B$4,J28,K28))=K28,L28="",M28="",N28=""),DATE(Übersicht!$B$4,J28,K28),NA()),IF(I28="easterOffsetDays",IF(AND(ISNUMBER(L28),L28=INT(L28),L28>=-366,L28<=366,J28="",K28="",M28="",N28=""),$AD$23+L28,NA()),IF(I28="nthWeekdayOfMonth",IF(AND(ISNUMBER(J28),J28=INT(J28),J28>=1,J28<=12,ISNUMBER(M28),M28=INT(M28),M28>=1,M28<=7,ISNUMBER(N28),N28=INT(N28),N28>=1,N28<=5,MONTH(DATE(Übersicht!$B$4,J28,1)+MOD(M28-WEEKDAY(DATE(Übersicht!$B$4,J28,1),2),7)+7*(N28-1))=J28,K28="",L28=""),DATE(Übersicht!$B$4,J28,1)+MOD(M28-WEEKDAY(DATE(Übersicht!$B$4,J28,1),2),7)+7*(N28-1),NA()),IF(I28="nthWeekdayOffsetDays",IF(AND(ISNUMBER(J28),J28=INT(J28),J28>=1,J28<=12,ISNUMBER(M28),M28=INT(M28),M28>=1,M28<=7,ISNUMBER(N28),N28=INT(N28),N28>=1,N28<=5,MONTH(DATE(Übersicht!$B$4,J28,1)+MOD(M28-WEEKDAY(DATE(Übersicht!$B$4,J28,1),2),7)+7*(N28-1))=J28,K28="",ISNUMBER(L28),L28=INT(L28),L28>=-366,L28<=366),DATE(Übersicht!$B$4,J28,1)+MOD(M28-WEEKDAY(DATE(Übersicht!$B$4,J28,1),2),7)+7*(N28-1)+L28,NA()),NA())))),NA()) -> 47112 | X28: =IF(AND(ISNUMBER(O28),O28=INT(O28),O28>=-115780,O28<=2958465,OR(P28="",AND(ISNUMBER(P28),P28=INT(P28),P28>=-115780,P28<=2958465,P28>=O28)),OR(AA28="Ganztägig",AA28="Ab 12.00 Uhr")),IF(AND(W28>=O28,OR(P28="",W28<=P28)),W28,"Ausserhalb Geltung"),NA()) -> 47112 | Y28: SRC-AG-EGARR-20250901 | Z28: § 6 Abs. 1 Bst. a | AA28: Ganztägig
A29: AG-WORK-HOL-A-ST-STEPHEN | B29: CH-AG | C29: AG-ARG-AARAU-BRUGG-KULM-LENZBURG-ZOFINGEN | D29: Stephanstag | E29: Saint-Étienne | H29: labourLawHoliday | I29: fixedMonthDay | J29: 12 | K29: 26 | O29: 46023 | Q29: 100 | R29: open | T29: add | V29: blockedScope | W29: =IF(AND(ISNUMBER(Übersicht!$B$4),Übersicht!$B$4=INT(Übersicht!$B$4),Übersicht!$B$4>=2026,Übersicht!$B$4<=2028),IF(I29="fixedMonthDay",IF(AND(ISNUMBER(J29),J29=INT(J29),J29>=1,J29<=12,ISNUMBER(K29),K29=INT(K29),K29>=1,K29<=31,MONTH(DATE(Übersicht!$B$4,J29,K29))=J29,DAY(DATE(Übersicht!$B$4,J29,K29))=K29,L29="",M29="",N29=""),DATE(Übersicht!$B$4,J29,K29),NA()),IF(I29="easterOffsetDays",IF(AND(ISNUMBER(L29),L29=INT(L29),L29>=-366,L29<=366,J29="",K29="",M29="",N29=""),$AD$23+L29,NA()),IF(I29="nthWeekdayOfMonth",IF(AND(ISNUMBER(J29),J29=INT(J29),J29>=1,J29<=12,ISNUMBER(M29),M29=INT(M29),M29>=1,M29<=7,ISNUMBER(N29),N29=INT(N29),N29>=1,N29<=5,MONTH(DATE(Übersicht!$B$4,J29,1)+MOD(M29-WEEKDAY(DATE(Übersicht!$B$4,J29,1),2),7)+7*(N29-1))=J29,K29="",L29=""),DATE(Übersicht!$B$4,J29,1)+MOD(M29-WEEKDAY(DATE(Übersicht!$B$4,J29,1),2),7)+7*(N29-1),NA()),IF(I29="nthWeekdayOffsetDays",IF(AND(ISNUMBER(J29),J29=INT(J29),J29>=1,J29<=12,ISNUMBER(M29),M29=INT(M29),M29>=1,M29<=7,ISNUMBER(N29),N29=INT(N29),N29>=1,N29<=5,MONTH(DATE(Übersicht!$B$4,J29,1)+MOD(M29-WEEKDAY(DATE(Übersicht!$B$4,J29,1),2),7)+7*(N29-1))=J29,K29="",ISNUMBER(L29),L29=INT(L29),L29>=-366,L29<=366),DATE(Übersicht!$B$4,J29,1)+MOD(M29-WEEKDAY(DATE(Übersicht!$B$4,J29,1),2),7)+7*(N29-1)+L29,NA()),NA())))),NA()) -> 47113 | X29: =IF(AND(ISNUMBER(O29),O29=INT(O29),O29>=-115780,O29<=2958465,OR(P29="",AND(ISNUMBER(P29),P29=INT(P29),P29>=-115780,P29<=2958465,P29>=O29)),OR(AA29="Ganztägig",AA29="Ab 12.00 Uhr")),IF(AND(W29>=O29,OR(P29="",W29<=P29)),W29,"Ausserhalb Geltung"),NA()) -> 47113 | Y29: SRC-AG-EGARR-20250901 | Z29: § 6 Abs. 1 Bst. a | AA29: Ganztägig
A30: AG-WORK-HOL-B1-NEW-YEAR | B30: CH-AG | C30: AG-ARG-BERGDIETIKON | D30: Neujahr | E30: Nouvel An | H30: labourLawHoliday | I30: fixedMonthDay | J30: 1 | K30: 1 | O30: 46023 | Q30: 100 | R30: open | T30: add | V30: blockedScope | W30: =IF(AND(ISNUMBER(Übersicht!$B$4),Übersicht!$B$4=INT(Übersicht!$B$4),Übersicht!$B$4>=2026,Übersicht!$B$4<=2028),IF(I30="fixedMonthDay",IF(AND(ISNUMBER(J30),J30=INT(J30),J30>=1,J30<=12,ISNUMBER(K30),K30=INT(K30),K30>=1,K30<=31,MONTH(DATE(Übersicht!$B$4,J30,K30))=J30,DAY(DATE(Übersicht!$B$4,J30,K30))=K30,L30="",M30="",N30=""),DATE(Übersicht!$B$4,J30,K30),NA()),IF(I30="easterOffsetDays",IF(AND(ISNUMBER(L30),L30=INT(L30),L30>=-366,L30<=366,J30="",K30="",M30="",N30=""),$AD$23+L30,NA()),IF(I30="nthWeekdayOfMonth",IF(AND(ISNUMBER(J30),J30=INT(J30),J30>=1,J30<=12,ISNUMBER(M30),M30=INT(M30),M30>=1,M30<=7,ISNUMBER(N30),N30=INT(N30),N30>=1,N30<=5,MONTH(DATE(Übersicht!$B$4,J30,1)+MOD(M30-WEEKDAY(DATE(Übersicht!$B$4,J30,1),2),7)+7*(N30-1))=J30,K30="",L30=""),DATE(Übersicht!$B$4,J30,1)+MOD(M30-WEEKDAY(DATE(Übersicht!$B$4,J30,1),2),7)+7*(N30-1),NA()),IF(I30="nthWeekdayOffsetDays",IF(AND(ISNUMBER(J30),J30=INT(J30),J30>=1,J30<=12,ISNUMBER(M30),M30=INT(M30),M30>=1,M30<=7,ISNUMBER(N30),N30=INT(N30),N30>=1,N30<=5,MONTH(DATE(Übersicht!$B$4,J30,1)+MOD(M30-WEEKDAY(DATE(Übersicht!$B$4,J30,1),2),7)+7*(N30-1))=J30,K30="",ISNUMBER(L30),L30=INT(L30),L30>=-366,L30<=366),DATE(Übersicht!$B$4,J30,1)+MOD(M30-WEEKDAY(DATE(Übersicht!$B$4,J30,1),2),7)+7*(N30-1)+L30,NA()),NA())))),NA()) -> 46753 | X30: =IF(AND(ISNUMBER(O30),O30=INT(O30),O30>=-115780,O30<=2958465,OR(P30="",AND(ISNUMBER(P30),P30=INT(P30),P30>=-115780,P30<=2958465,P30>=O30)),OR(AA30="Ganztägig",AA30="Ab 12.00 Uhr")),IF(AND(W30>=O30,OR(P30="",W30<=P30)),W30,"Ausserhalb Geltung"),NA()) -> 46753 | Y30: SRC-AG-EGARR-20250901 | Z30: § 6 Abs. 1 Bst. b Ziff. 1 | AA30: Ganztägig
A31: AG-WORK-HOL-B1-GOOD-FRIDAY | B31: CH-AG | C31: AG-ARG-BERGDIETIKON | D31: Karfreitag | E31: Vendredi saint | H31: labourLawHoliday | I31: easterOffsetDays | L31: -2 | O31: 46023 | Q31: 100 | R31: open | T31: add | V31: blockedScope | W31: =IF(AND(ISNUMBER(Übersicht!$B$4),Übersicht!$B$4=INT(Übersicht!$B$4),Übersicht!$B$4>=2026,Übersicht!$B$4<=2028),IF(I31="fixedMonthDay",IF(AND(ISNUMBER(J31),J31=INT(J31),J31>=1,J31<=12,ISNUMBER(K31),K31=INT(K31),K31>=1,K31<=31,MONTH(DATE(Übersicht!$B$4,J31,K31))=J31,DAY(DATE(Übersicht!$B$4,J31,K31))=K31,L31="",M31="",N31=""),DATE(Übersicht!$B$4,J31,K31),NA()),IF(I31="easterOffsetDays",IF(AND(ISNUMBER(L31),L31=INT(L31),L31>=-366,L31<=366,J31="",K31="",M31="",N31=""),$AD$23+L31,NA()),IF(I31="nthWeekdayOfMonth",IF(AND(ISNUMBER(J31),J31=INT(J31),J31>=1,J31<=12,ISNUMBER(M31),M31=INT(M31),M31>=1,M31<=7,ISNUMBER(N31),N31=INT(N31),N31>=1,N31<=5,MONTH(DATE(Übersicht!$B$4,J31,1)+MOD(M31-WEEKDAY(DATE(Übersicht!$B$4,J31,1),2),7)+7*(N31-1))=J31,K31="",L31=""),DATE(Übersicht!$B$4,J31,1)+MOD(M31-WEEKDAY(DATE(Übersicht!$B$4,J31,1),2),7)+7*(N31-1),NA()),IF(I31="nthWeekdayOffsetDays",IF(AND(ISNUMBER(J31),J31=INT(J31),J31>=1,J31<=12,ISNUMBER(M31),M31=INT(M31),M31>=1,M31<=7,ISNUMBER(N31),N31=INT(N31),N31>=1,N31<=5,MONTH(DATE(Übersicht!$B$4,J31,1)+MOD(M31-WEEKDAY(DATE(Übersicht!$B$4,J31,1),2),7)+7*(N31-1))=J31,K31="",ISNUMBER(L31),L31=INT(L31),L31>=-366,L31<=366),DATE(Übersicht!$B$4,J31,1)+MOD(M31-WEEKDAY(DATE(Übersicht!$B$4,J31,1),2),7)+7*(N31-1)+L31,NA()),NA())))),NA()) -> 46857 | X31: =IF(AND(ISNUMBER(O31),O31=INT(O31),O31>=-115780,O31<=2958465,OR(P31="",AND(ISNUMBER(P31),P31=INT(P31),P31>=-115780,P31<=2958465,P31>=O31)),OR(AA31="Ganztägig",AA31="Ab 12.00 Uhr")),IF(AND(W31>=O31,OR(P31="",W31<=P31)),W31,"Ausserhalb Geltung"),NA()) -> 46857 | Y31: SRC-AG-EGARR-20250901 | Z31: § 6 Abs. 1 Bst. b Ziff. 1 | AA31: Ganztägig
A32: AG-WORK-HOL-B1-EASTER-MONDAY | B32: CH-AG | C32: AG-ARG-BERGDIETIKON | D32: Ostermontag | E32: Lundi de Pâques | H32: labourLawHoliday | I32: easterOffsetDays | L32: 1 | O32: 46023 | Q32: 100 | R32: open | T32: add | V32: blockedScope | W32: =IF(AND(ISNUMBER(Übersicht!$B$4),Übersicht!$B$4=INT(Übersicht!$B$4),Übersicht!$B$4>=2026,Übersicht!$B$4<=2028),IF(I32="fixedMonthDay",IF(AND(ISNUMBER(J32),J32=INT(J32),J32>=1,J32<=12,ISNUMBER(K32),K32=INT(K32),K32>=1,K32<=31,MONTH(DATE(Übersicht!$B$4,J32,K32))=J32,DAY(DATE(Übersicht!$B$4,J32,K32))=K32,L32="",M32="",N32=""),DATE(Übersicht!$B$4,J32,K32),NA()),IF(I32="easterOffsetDays",IF(AND(ISNUMBER(L32),L32=INT(L32),L32>=-366,L32<=366,J32="",K32="",M32="",N32=""),$AD$23+L32,NA()),IF(I32="nthWeekdayOfMonth",IF(AND(ISNUMBER(J32),J32=INT(J32),J32>=1,J32<=12,ISNUMBER(M32),M32=INT(M32),M32>=1,M32<=7,ISNUMBER(N32),N32=INT(N32),N32>=1,N32<=5,MONTH(DATE(Übersicht!$B$4,J32,1)+MOD(M32-WEEKDAY(DATE(Übersicht!$B$4,J32,1),2),7)+7*(N32-1))=J32,K32="",L32=""),DATE(Übersicht!$B$4,J32,1)+MOD(M32-WEEKDAY(DATE(Übersicht!$B$4,J32,1),2),7)+7*(N32-1),NA()),IF(I32="nthWeekdayOffsetDays",IF(AND(ISNUMBER(J32),J32=INT(J32),J32>=1,J32<=12,ISNUMBER(M32),M32=INT(M32),M32>=1,M32<=7,ISNUMBER(N32),N32=INT(N32),N32>=1,N32<=5,MONTH(DATE(Übersicht!$B$4,J32,1)+MOD(M32-WEEKDAY(DATE(Übersicht!$B$4,J32,1),2),7)+7*(N32-1))=J32,K32="",ISNUMBER(L32),L32=INT(L32),L32>=-366,L32<=366),DATE(Übersicht!$B$4,J32,1)+MOD(M32-WEEKDAY(DATE(Übersicht!$B$4,J32,1),2),7)+7*(N32-1)+L32,NA()),NA())))),NA()) -> 46860 | X32: =IF(AND(ISNUMBER(O32),O32=INT(O32),O32>=-115780,O32<=2958465,OR(P32="",AND(ISNUMBER(P32),P32=INT(P32),P32>=-115780,P32<=2958465,P32>=O32)),OR(AA32="Ganztägig",AA32="Ab 12.00 Uhr")),IF(AND(W32>=O32,OR(P32="",W32<=P32)),W32,"Ausserhalb Geltung"),NA()) -> 46860 | Y32: SRC-AG-EGARR-20250901 | Z32: § 6 Abs. 1 Bst. b Ziff. 1 | AA32: Ganztägig
A33: AG-WORK-HOL-B1-ASCENSION | B33: CH-AG | C33: AG-ARG-BERGDIETIKON | D33: Auffahrt | E33: Ascension | H33: labourLawHoliday | I33: easterOffsetDays | L33: 39 | O33: 46023 | Q33: 100 | R33: open | T33: add | V33: blockedScope | W33: =IF(AND(ISNUMBER(Übersicht!$B$4),Übersicht!$B$4=INT(Übersicht!$B$4),Übersicht!$B$4>=2026,Übersicht!$B$4<=2028),IF(I33="fixedMonthDay",IF(AND(ISNUMBER(J33),J33=INT(J33),J33>=1,J33<=12,ISNUMBER(K33),K33=INT(K33),K33>=1,K33<=31,MONTH(DATE(Übersicht!$B$4,J33,K33))=J33,DAY(DATE(Übersicht!$B$4,J33,K33))=K33,L33="",M33="",N33=""),DATE(Übersicht!$B$4,J33,K33),NA()),IF(I33="easterOffsetDays",IF(AND(ISNUMBER(L33),L33=INT(L33),L33>=-366,L33<=366,J33="",K33="",M33="",N33=""),$AD$23+L33,NA()),IF(I33="nthWeekdayOfMonth",IF(AND(ISNUMBER(J33),J33=INT(J33),J33>=1,J33<=12,ISNUMBER(M33),M33=INT(M33),M33>=1,M33<=7,ISNUMBER(N33),N33=INT(N33),N33>=1,N33<=5,MONTH(DATE(Übersicht!$B$4,J33,1)+MOD(M33-WEEKDAY(DATE(Übersicht!$B$4,J33,1),2),7)+7*(N33-1))=J33,K33="",L33=""),DATE(Übersicht!$B$4,J33,1)+MOD(M33-WEEKDAY(DATE(Übersicht!$B$4,J33,1),2),7)+7*(N33-1),NA()),IF(I33="nthWeekdayOffsetDays",IF(AND(ISNUMBER(J33),J33=INT(J33),J33>=1,J33<=12,ISNUMBER(M33),M33=INT(M33),M33>=1,M33<=7,ISNUMBER(N33),N33=INT(N33),N33>=1,N33<=5,MONTH(DATE(Übersicht!$B$4,J33,1)+MOD(M33-WEEKDAY(DATE(Übersicht!$B$4,J33,1),2),7)+7*(N33-1))=J33,K33="",ISNUMBER(L33),L33=INT(L33),L33>=-366,L33<=366),DATE(Übersicht!$B$4,J33,1)+MOD(M33-WEEKDAY(DATE(Übersicht!$B$4,J33,1),2),7)+7*(N33-1)+L33,NA()),NA())))),NA()) -> 46898 | X33: =IF(AND(ISNUMBER(O33),O33=INT(O33),O33>=-115780,O33<=2958465,OR(P33="",AND(ISNUMBER(P33),P33=INT(P33),P33>=-115780,P33<=2958465,P33>=O33)),OR(AA33="Ganztägig",AA33="Ab 12.00 Uhr")),IF(AND(W33>=O33,OR(P33="",W33<=P33)),W33,"Ausserhalb Geltung"),NA()) -> 46898 | Y33: SRC-AG-EGARR-20250901 | Z33: § 6 Abs. 1 Bst. b Ziff. 1 | AA33: Ganztägig
A34: AG-WORK-HOL-B1-WHIT-MONDAY | B34: CH-AG | C34: AG-ARG-BERGDIETIKON | D34: Pfingstmontag | E34: Lundi de Pentecôte | H34: labourLawHoliday | I34: easterOffsetDays | L34: 50 | O34: 46023 | Q34: 100 | R34: open | T34: add | V34: blockedScope | W34: =IF(AND(ISNUMBER(Übersicht!$B$4),Übersicht!$B$4=INT(Übersicht!$B$4),Übersicht!$B$4>=2026,Übersicht!$B$4<=2028),IF(I34="fixedMonthDay",IF(AND(ISNUMBER(J34),J34=INT(J34),J34>=1,J34<=12,ISNUMBER(K34),K34=INT(K34),K34>=1,K34<=31,MONTH(DATE(Übersicht!$B$4,J34,K34))=J34,DAY(DATE(Übersicht!$B$4,J34,K34))=K34,L34="",M34="",N34=""),DATE(Übersicht!$B$4,J34,K34),NA()),IF(I34="easterOffsetDays",IF(AND(ISNUMBER(L34),L34=INT(L34),L34>=-366,L34<=366,J34="",K34="",M34="",N34=""),$AD$23+L34,NA()),IF(I34="nthWeekdayOfMonth",IF(AND(ISNUMBER(J34),J34=INT(J34),J34>=1,J34<=12,ISNUMBER(M34),M34=INT(M34),M34>=1,M34<=7,ISNUMBER(N34),N34=INT(N34),N34>=1,N34<=5,MONTH(DATE(Übersicht!$B$4,J34,1)+MOD(M34-WEEKDAY(DATE(Übersicht!$B$4,J34,1),2),7)+7*(N34-1))=J34,K34="",L34=""),DATE(Übersicht!$B$4,J34,1)+MOD(M34-WEEKDAY(DATE(Übersicht!$B$4,J34,1),2),7)+7*(N34-1),NA()),IF(I34="nthWeekdayOffsetDays",IF(AND(ISNUMBER(J34),J34=INT(J34),J34>=1,J34<=12,ISNUMBER(M34),M34=INT(M34),M34>=1,M34<=7,ISNUMBER(N34),N34=INT(N34),N34>=1,N34<=5,MONTH(DATE(Übersicht!$B$4,J34,1)+MOD(M34-WEEKDAY(DATE(Übersicht!$B$4,J34,1),2),7)+7*(N34-1))=J34,K34="",ISNUMBER(L34),L34=INT(L34),L34>=-366,L34<=366),DATE(Übersicht!$B$4,J34,1)+MOD(M34-WEEKDAY(DATE(Übersicht!$B$4,J34,1),2),7)+7*(N34-1)+L34,NA()),NA())))),NA()) -> 46909 | X34: =IF(AND(ISNUMBER(O34),O34=INT(O34),O34>=-115780,O34<=2958465,OR(P34="",AND(ISNUMBER(P34),P34=INT(P34),P34>=-115780,P34<=2958465,P34>=O34)),OR(AA34="Ganztägig",AA34="Ab 12.00 Uhr")),IF(AND(W34>=O34,OR(P34="",W34<=P34)),W34,"Ausserhalb Geltung"),NA()) -> 46909 | Y34: SRC-AG-EGARR-20250901 | Z34: § 6 Abs. 1 Bst. b Ziff. 1 | AA34: Ganztägig
A35: AG-WORK-HOL-B1-CHRISTMAS | B35: CH-AG | C35: AG-ARG-BERGDIETIKON | D35: Weihnachten | E35: Noël | H35: labourLawHoliday | I35: fixedMonthDay | J35: 12 | K35: 25 | O35: 46023 | Q35: 100 | R35: open | T35: add | V35: blockedScope | W35: =IF(AND(ISNUMBER(Übersicht!$B$4),Übersicht!$B$4=INT(Übersicht!$B$4),Übersicht!$B$4>=2026,Übersicht!$B$4<=2028),IF(I35="fixedMonthDay",IF(AND(ISNUMBER(J35),J35=INT(J35),J35>=1,J35<=12,ISNUMBER(K35),K35=INT(K35),K35>=1,K35<=31,MONTH(DATE(Übersicht!$B$4,J35,K35))=J35,DAY(DATE(Übersicht!$B$4,J35,K35))=K35,L35="",M35="",N35=""),DATE(Übersicht!$B$4,J35,K35),NA()),IF(I35="easterOffsetDays",IF(AND(ISNUMBER(L35),L35=INT(L35),L35>=-366,L35<=366,J35="",K35="",M35="",N35=""),$AD$23+L35,NA()),IF(I35="nthWeekdayOfMonth",IF(AND(ISNUMBER(J35),J35=INT(J35),J35>=1,J35<=12,ISNUMBER(M35),M35=INT(M35),M35>=1,M35<=7,ISNUMBER(N35),N35=INT(N35),N35>=1,N35<=5,MONTH(DATE(Übersicht!$B$4,J35,1)+MOD(M35-WEEKDAY(DATE(Übersicht!$B$4,J35,1),2),7)+7*(N35-1))=J35,K35="",L35=""),DATE(Übersicht!$B$4,J35,1)+MOD(M35-WEEKDAY(DATE(Übersicht!$B$4,J35,1),2),7)+7*(N35-1),NA()),IF(I35="nthWeekdayOffsetDays",IF(AND(ISNUMBER(J35),J35=INT(J35),J35>=1,J35<=12,ISNUMBER(M35),M35=INT(M35),M35>=1,M35<=7,ISNUMBER(N35),N35=INT(N35),N35>=1,N35<=5,MONTH(DATE(Übersicht!$B$4,J35,1)+MOD(M35-WEEKDAY(DATE(Übersicht!$B$4,J35,1),2),7)+7*(N35-1))=J35,K35="",ISNUMBER(L35),L35=INT(L35),L35>=-366,L35<=366),DATE(Übersicht!$B$4,J35,1)+MOD(M35-WEEKDAY(DATE(Übersicht!$B$4,J35,1),2),7)+7*(N35-1)+L35,NA()),NA())))),NA()) -> 47112 | X35: =IF(AND(ISNUMBER(O35),O35=INT(O35),O35>=-115780,O35<=2958465,OR(P35="",AND(ISNUMBER(P35),P35=INT(P35),P35>=-115780,P35<=2958465,P35>=O35)),OR(AA35="Ganztägig",AA35="Ab 12.00 Uhr")),IF(AND(W35>=O35,OR(P35="",W35<=P35)),W35,"Ausserhalb Geltung"),NA()) -> 47112 | Y35: SRC-AG-EGARR-20250901 | Z35: § 6 Abs. 1 Bst. b Ziff. 1 | AA35: Ganztägig
A36: AG-WORK-HOL-B1-ST-STEPHEN | B36: CH-AG | C36: AG-ARG-BERGDIETIKON | D36: Stephanstag | E36: Saint-Étienne | H36: labourLawHoliday | I36: fixedMonthDay | J36: 12 | K36: 26 | O36: 46023 | Q36: 100 | R36: open | T36: add | V36: blockedScope | W36: =IF(AND(ISNUMBER(Übersicht!$B$4),Übersicht!$B$4=INT(Übersicht!$B$4),Übersicht!$B$4>=2026,Übersicht!$B$4<=2028),IF(I36="fixedMonthDay",IF(AND(ISNUMBER(J36),J36=INT(J36),J36>=1,J36<=12,ISNUMBER(K36),K36=INT(K36),K36>=1,K36<=31,MONTH(DATE(Übersicht!$B$4,J36,K36))=J36,DAY(DATE(Übersicht!$B$4,J36,K36))=K36,L36="",M36="",N36=""),DATE(Übersicht!$B$4,J36,K36),NA()),IF(I36="easterOffsetDays",IF(AND(ISNUMBER(L36),L36=INT(L36),L36>=-366,L36<=366,J36="",K36="",M36="",N36=""),$AD$23+L36,NA()),IF(I36="nthWeekdayOfMonth",IF(AND(ISNUMBER(J36),J36=INT(J36),J36>=1,J36<=12,ISNUMBER(M36),M36=INT(M36),M36>=1,M36<=7,ISNUMBER(N36),N36=INT(N36),N36>=1,N36<=5,MONTH(DATE(Übersicht!$B$4,J36,1)+MOD(M36-WEEKDAY(DATE(Übersicht!$B$4,J36,1),2),7)+7*(N36-1))=J36,K36="",L36=""),DATE(Übersicht!$B$4,J36,1)+MOD(M36-WEEKDAY(DATE(Übersicht!$B$4,J36,1),2),7)+7*(N36-1),NA()),IF(I36="nthWeekdayOffsetDays",IF(AND(ISNUMBER(J36),J36=INT(J36),J36>=1,J36<=12,ISNUMBER(M36),M36=INT(M36),M36>=1,M36<=7,ISNUMBER(N36),N36=INT(N36),N36>=1,N36<=5,MONTH(DATE(Übersicht!$B$4,J36,1)+MOD(M36-WEEKDAY(DATE(Übersicht!$B$4,J36,1),2),7)+7*(N36-1))=J36,K36="",ISNUMBER(L36),L36=INT(L36),L36>=-366,L36<=366),DATE(Übersicht!$B$4,J36,1)+MOD(M36-WEEKDAY(DATE(Übersicht!$B$4,J36,1),2),7)+7*(N36-1)+L36,NA()),NA())))),NA()) -> 47113 | X36: =IF(AND(ISNUMBER(O36),O36=INT(O36),O36>=-115780,O36<=2958465,OR(P36="",AND(ISNUMBER(P36),P36=INT(P36),P36>=-115780,P36<=2958465,P36>=O36)),OR(AA36="Ganztägig",AA36="Ab 12.00 Uhr")),IF(AND(W36>=O36,OR(P36="",W36<=P36)),W36,"Ausserhalb Geltung"),NA()) -> 47113 | Y36: SRC-AG-EGARR-20250901 | Z36: § 6 Abs. 1 Bst. b Ziff. 1 | AA36: Ganztägig
A37: AG-WORK-HOL-B2-NEW-YEAR | B37: CH-AG | C37: AG-ARG-BADEN | D37: Neujahr | E37: Nouvel An | H37: labourLawHoliday | I37: fixedMonthDay | J37: 1 | K37: 1 | O37: 46023 | Q37: 100 | R37: open | T37: add | V37: blockedScope | W37: =IF(AND(ISNUMBER(Übersicht!$B$4),Übersicht!$B$4=INT(Übersicht!$B$4),Übersicht!$B$4>=2026,Übersicht!$B$4<=2028),IF(I37="fixedMonthDay",IF(AND(ISNUMBER(J37),J37=INT(J37),J37>=1,J37<=12,ISNUMBER(K37),K37=INT(K37),K37>=1,K37<=31,MONTH(DATE(Übersicht!$B$4,J37,K37))=J37,DAY(DATE(Übersicht!$B$4,J37,K37))=K37,L37="",M37="",N37=""),DATE(Übersicht!$B$4,J37,K37),NA()),IF(I37="easterOffsetDays",IF(AND(ISNUMBER(L37),L37=INT(L37),L37>=-366,L37<=366,J37="",K37="",M37="",N37=""),$AD$23+L37,NA()),IF(I37="nthWeekdayOfMonth",IF(AND(ISNUMBER(J37),J37=INT(J37),J37>=1,J37<=12,ISNUMBER(M37),M37=INT(M37),M37>=1,M37<=7,ISNUMBER(N37),N37=INT(N37),N37>=1,N37<=5,MONTH(DATE(Übersicht!$B$4,J37,1)+MOD(M37-WEEKDAY(DATE(Übersicht!$B$4,J37,1),2),7)+7*(N37-1))=J37,K37="",L37=""),DATE(Übersicht!$B$4,J37,1)+MOD(M37-WEEKDAY(DATE(Übersicht!$B$4,J37,1),2),7)+7*(N37-1),NA()),IF(I37="nthWeekdayOffsetDays",IF(AND(ISNUMBER(J37),J37=INT(J37),J37>=1,J37<=12,ISNUMBER(M37),M37=INT(M37),M37>=1,M37<=7,ISNUMBER(N37),N37=INT(N37),N37>=1,N37<=5,MONTH(DATE(Übersicht!$B$4,J37,1)+MOD(M37-WEEKDAY(DATE(Übersicht!$B$4,J37,1),2),7)+7*(N37-1))=J37,K37="",ISNUMBER(L37),L37=INT(L37),L37>=-366,L37<=366),DATE(Übersicht!$B$4,J37,1)+MOD(M37-WEEKDAY(DATE(Übersicht!$B$4,J37,1),2),7)+7*(N37-1)+L37,NA()),NA())))),NA()) -> 46753 | X37: =IF(AND(ISNUMBER(O37),O37=INT(O37),O37>=-115780,O37<=2958465,OR(P37="",AND(ISNUMBER(P37),P37=INT(P37),P37>=-115780,P37<=2958465,P37>=O37)),OR(AA37="Ganztägig",AA37="Ab 12.00 Uhr")),IF(AND(W37>=O37,OR(P37="",W37<=P37)),W37,"Ausserhalb Geltung"),NA()) -> 46753 | Y37: SRC-AG-EGARR-20250901 | Z37: § 6 Abs. 1 Bst. b Ziff. 2 | AA37: Ganztägig
A38: AG-WORK-HOL-B2-GOOD-FRIDAY | B38: CH-AG | C38: AG-ARG-BADEN | D38: Karfreitag | E38: Vendredi saint | H38: labourLawHoliday | I38: easterOffsetDays | L38: -2 | O38: 46023 | Q38: 100 | R38: open | T38: add | V38: blockedScope | W38: =IF(AND(ISNUMBER(Übersicht!$B$4),Übersicht!$B$4=INT(Übersicht!$B$4),Übersicht!$B$4>=2026,Übersicht!$B$4<=2028),IF(I38="fixedMonthDay",IF(AND(ISNUMBER(J38),J38=INT(J38),J38>=1,J38<=12,ISNUMBER(K38),K38=INT(K38),K38>=1,K38<=31,MONTH(DATE(Übersicht!$B$4,J38,K38))=J38,DAY(DATE(Übersicht!$B$4,J38,K38))=K38,L38="",M38="",N38=""),DATE(Übersicht!$B$4,J38,K38),NA()),IF(I38="easterOffsetDays",IF(AND(ISNUMBER(L38),L38=INT(L38),L38>=-366,L38<=366,J38="",K38="",M38="",N38=""),$AD$23+L38,NA()),IF(I38="nthWeekdayOfMonth",IF(AND(ISNUMBER(J38),J38=INT(J38),J38>=1,J38<=12,ISNUMBER(M38),M38=INT(M38),M38>=1,M38<=7,ISNUMBER(N38),N38=INT(N38),N38>=1,N38<=5,MONTH(DATE(Übersicht!$B$4,J38,1)+MOD(M38-WEEKDAY(DATE(Übersicht!$B$4,J38,1),2),7)+7*(N38-1))=J38,K38="",L38=""),DATE(Übersicht!$B$4,J38,1)+MOD(M38-WEEKDAY(DATE(Übersicht!$B$4,J38,1),2),7)+7*(N38-1),NA()),IF(I38="nthWeekdayOffsetDays",IF(AND(ISNUMBER(J38),J38=INT(J38),J38>=1,J38<=12,ISNUMBER(M38),M38=INT(M38),M38>=1,M38<=7,ISNUMBER(N38),N38=INT(N38),N38>=1,N38<=5,MONTH(DATE(Übersicht!$B$4,J38,1)+MOD(M38-WEEKDAY(DATE(Übersicht!$B$4,J38,1),2),7)+7*(N38-1))=J38,K38="",ISNUMBER(L38),L38=INT(L38),L38>=-366,L38<=366),DATE(Übersicht!$B$4,J38,1)+MOD(M38-WEEKDAY(DATE(Übersicht!$B$4,J38,1),2),7)+7*(N38-1)+L38,NA()),NA())))),NA()) -> 46857 | X38: =IF(AND(ISNUMBER(O38),O38=INT(O38),O38>=-115780,O38<=2958465,OR(P38="",AND(ISNUMBER(P38),P38=INT(P38),P38>=-115780,P38<=2958465,P38>=O38)),OR(AA38="Ganztägig",AA38="Ab 12.00 Uhr")),IF(AND(W38>=O38,OR(P38="",W38<=P38)),W38,"Ausserhalb Geltung"),NA()) -> 46857 | Y38: SRC-AG-EGARR-20250901 | Z38: § 6 Abs. 1 Bst. b Ziff. 2 | AA38: Ganztägig
A39: AG-WORK-HOL-B2-EASTER-MONDAY | B39: CH-AG | C39: AG-ARG-BADEN | D39: Ostermontag | E39: Lundi de Pâques | H39: labourLawHoliday | I39: easterOffsetDays | L39: 1 | O39: 46023 | Q39: 100 | R39: open | T39: add | V39: blockedScope | W39: =IF(AND(ISNUMBER(Übersicht!$B$4),Übersicht!$B$4=INT(Übersicht!$B$4),Übersicht!$B$4>=2026,Übersicht!$B$4<=2028),IF(I39="fixedMonthDay",IF(AND(ISNUMBER(J39),J39=INT(J39),J39>=1,J39<=12,ISNUMBER(K39),K39=INT(K39),K39>=1,K39<=31,MONTH(DATE(Übersicht!$B$4,J39,K39))=J39,DAY(DATE(Übersicht!$B$4,J39,K39))=K39,L39="",M39="",N39=""),DATE(Übersicht!$B$4,J39,K39),NA()),IF(I39="easterOffsetDays",IF(AND(ISNUMBER(L39),L39=INT(L39),L39>=-366,L39<=366,J39="",K39="",M39="",N39=""),$AD$23+L39,NA()),IF(I39="nthWeekdayOfMonth",IF(AND(ISNUMBER(J39),J39=INT(J39),J39>=1,J39<=12,ISNUMBER(M39),M39=INT(M39),M39>=1,M39<=7,ISNUMBER(N39),N39=INT(N39),N39>=1,N39<=5,MONTH(DATE(Übersicht!$B$4,J39,1)+MOD(M39-WEEKDAY(DATE(Übersicht!$B$4,J39,1),2),7)+7*(N39-1))=J39,K39="",L39=""),DATE(Übersicht!$B$4,J39,1)+MOD(M39-WEEKDAY(DATE(Übersicht!$B$4,J39,1),2),7)+7*(N39-1),NA()),IF(I39="nthWeekdayOffsetDays",IF(AND(ISNUMBER(J39),J39=INT(J39),J39>=1,J39<=12,ISNUMBER(M39),M39=INT(M39),M39>=1,M39<=7,ISNUMBER(N39),N39=INT(N39),N39>=1,N39<=5,MONTH(DATE(Übersicht!$B$4,J39,1)+MOD(M39-WEEKDAY(DATE(Übersicht!$B$4,J39,1),2),7)+7*(N39-1))=J39,K39="",ISNUMBER(L39),L39=INT(L39),L39>=-366,L39<=366),DATE(Übersicht!$B$4,J39,1)+MOD(M39-WEEKDAY(DATE(Übersicht!$B$4,J39,1),2),7)+7*(N39-1)+L39,NA()),NA())))),NA()) -> 46860 | X39: =IF(AND(ISNUMBER(O39),O39=INT(O39),O39>=-115780,O39<=2958465,OR(P39="",AND(ISNUMBER(P39),P39=INT(P39),P39>=-115780,P39<=2958465,P39>=O39)),OR(AA39="Ganztägig",AA39="Ab 12.00 Uhr")),IF(AND(W39>=O39,OR(P39="",W39<=P39)),W39,"Ausserhalb Geltung"),NA()) -> 46860 | Y39: SRC-AG-EGARR-20250901 | Z39: § 6 Abs. 1 Bst. b Ziff. 2 | AA39: Ganztägig
A40: AG-WORK-HOL-B2-ASCENSION | B40: CH-AG | C40: AG-ARG-BADEN | D40: Auffahrt | E40: Ascension | H40: labourLawHoliday | I40: easterOffsetDays | L40: 39 | O40: 46023 | Q40: 100 | R40: open | T40: add | V40: blockedScope | W40: =IF(AND(ISNUMBER(Übersicht!$B$4),Übersicht!$B$4=INT(Übersicht!$B$4),Übersicht!$B$4>=2026,Übersicht!$B$4<=2028),IF(I40="fixedMonthDay",IF(AND(ISNUMBER(J40),J40=INT(J40),J40>=1,J40<=12,ISNUMBER(K40),K40=INT(K40),K40>=1,K40<=31,MONTH(DATE(Übersicht!$B$4,J40,K40))=J40,DAY(DATE(Übersicht!$B$4,J40,K40))=K40,L40="",M40="",N40=""),DATE(Übersicht!$B$4,J40,K40),NA()),IF(I40="easterOffsetDays",IF(AND(ISNUMBER(L40),L40=INT(L40),L40>=-366,L40<=366,J40="",K40="",M40="",N40=""),$AD$23+L40,NA()),IF(I40="nthWeekdayOfMonth",IF(AND(ISNUMBER(J40),J40=INT(J40),J40>=1,J40<=12,ISNUMBER(M40),M40=INT(M40),M40>=1,M40<=7,ISNUMBER(N40),N40=INT(N40),N40>=1,N40<=5,MONTH(DATE(Übersicht!$B$4,J40,1)+MOD(M40-WEEKDAY(DATE(Übersicht!$B$4,J40,1),2),7)+7*(N40-1))=J40,K40="",L40=""),DATE(Übersicht!$B$4,J40,1)+MOD(M40-WEEKDAY(DATE(Übersicht!$B$4,J40,1),2),7)+7*(N40-1),NA()),IF(I40="nthWeekdayOffsetDays",IF(AND(ISNUMBER(J40),J40=INT(J40),J40>=1,J40<=12,ISNUMBER(M40),M40=INT(M40),M40>=1,M40<=7,ISNUMBER(N40),N40=INT(N40),N40>=1,N40<=5,MONTH(DATE(Übersicht!$B$4,J40,1)+MOD(M40-WEEKDAY(DATE(Übersicht!$B$4,J40,1),2),7)+7*(N40-1))=J40,K40="",ISNUMBER(L40),L40=INT(L40),L40>=-366,L40<=366),DATE(Übersicht!$B$4,J40,1)+MOD(M40-WEEKDAY(DATE(Übersicht!$B$4,J40,1),2),7)+7*(N40-1)+L40,NA()),NA())))),NA()) -> 46898 | X40: =IF(AND(ISNUMBER(O40),O40=INT(O40),O40>=-115780,O40<=2958465,OR(P40="",AND(ISNUMBER(P40),P40=INT(P40),P40>=-115780,P40<=2958465,P40>=O40)),OR(AA40="Ganztägig",AA40="Ab 12.00 Uhr")),IF(AND(W40>=O40,OR(P40="",W40<=P40)),W40,"Ausserhalb Geltung"),NA()) -> 46898 | Y40: SRC-AG-EGARR-20250901 | Z40: § 6 Abs. 1 Bst. b Ziff. 2 | AA40: Ganztägig
A41: AG-WORK-HOL-B2-WHIT-MONDAY | B41: CH-AG | C41: AG-ARG-BADEN | D41: Pfingstmontag | E41: Lundi de Pentecôte | H41: labourLawHoliday | I41: easterOffsetDays | L41: 50 | O41: 46023 | Q41: 100 | R41: open | T41: add | V41: blockedScope | W41: =IF(AND(ISNUMBER(Übersicht!$B$4),Übersicht!$B$4=INT(Übersicht!$B$4),Übersicht!$B$4>=2026,Übersicht!$B$4<=2028),IF(I41="fixedMonthDay",IF(AND(ISNUMBER(J41),J41=INT(J41),J41>=1,J41<=12,ISNUMBER(K41),K41=INT(K41),K41>=1,K41<=31,MONTH(DATE(Übersicht!$B$4,J41,K41))=J41,DAY(DATE(Übersicht!$B$4,J41,K41))=K41,L41="",M41="",N41=""),DATE(Übersicht!$B$4,J41,K41),NA()),IF(I41="easterOffsetDays",IF(AND(ISNUMBER(L41),L41=INT(L41),L41>=-366,L41<=366,J41="",K41="",M41="",N41=""),$AD$23+L41,NA()),IF(I41="nthWeekdayOfMonth",IF(AND(ISNUMBER(J41),J41=INT(J41),J41>=1,J41<=12,ISNUMBER(M41),M41=INT(M41),M41>=1,M41<=7,ISNUMBER(N41),N41=INT(N41),N41>=1,N41<=5,MONTH(DATE(Übersicht!$B$4,J41,1)+MOD(M41-WEEKDAY(DATE(Übersicht!$B$4,J41,1),2),7)+7*(N41-1))=J41,K41="",L41=""),DATE(Übersicht!$B$4,J41,1)+MOD(M41-WEEKDAY(DATE(Übersicht!$B$4,J41,1),2),7)+7*(N41-1),NA()),IF(I41="nthWeekdayOffsetDays",IF(AND(ISNUMBER(J41),J41=INT(J41),J41>=1,J41<=12,ISNUMBER(M41),M41=INT(M41),M41>=1,M41<=7,ISNUMBER(N41),N41=INT(N41),N41>=1,N41<=5,MONTH(DATE(Übersicht!$B$4,J41,1)+MOD(M41-WEEKDAY(DATE(Übersicht!$B$4,J41,1),2),7)+7*(N41-1))=J41,K41="",ISNUMBER(L41),L41=INT(L41),L41>=-366,L41<=366),DATE(Übersicht!$B$4,J41,1)+MOD(M41-WEEKDAY(DATE(Übersicht!$B$4,J41,1),2),7)+7*(N41-1)+L41,NA()),NA())))),NA()) -> 46909 | X41: =IF(AND(ISNUMBER(O41),O41=INT(O41),O41>=-115780,O41<=2958465,OR(P41="",AND(ISNUMBER(P41),P41=INT(P41),P41>=-115780,P41<=2958465,P41>=O41)),OR(AA41="Ganztägig",AA41="Ab 12.00 Uhr")),IF(AND(W41>=O41,OR(P41="",W41<=P41)),W41,"Ausserhalb Geltung"),NA()) -> 46909 | Y41: SRC-AG-EGARR-20250901 | Z41: § 6 Abs. 1 Bst. b Ziff. 2 | AA41: Ganztägig
A42: AG-WORK-HOL-B2-CHRISTMAS | B42: CH-AG | C42: AG-ARG-BADEN | D42: Weihnachten | E42: Noël | H42: labourLawHoliday | I42: fixedMonthDay | J42: 12 | K42: 25 | O42: 46023 | Q42: 100 | R42: open | T42: add | V42: blockedScope | W42: =IF(AND(ISNUMBER(Übersicht!$B$4),Übersicht!$B$4=INT(Übersicht!$B$4),Übersicht!$B$4>=2026,Übersicht!$B$4<=2028),IF(I42="fixedMonthDay",IF(AND(ISNUMBER(J42),J42=INT(J42),J42>=1,J42<=12,ISNUMBER(K42),K42=INT(K42),K42>=1,K42<=31,MONTH(DATE(Übersicht!$B$4,J42,K42))=J42,DAY(DATE(Übersicht!$B$4,J42,K42))=K42,L42="",M42="",N42=""),DATE(Übersicht!$B$4,J42,K42),NA()),IF(I42="easterOffsetDays",IF(AND(ISNUMBER(L42),L42=INT(L42),L42>=-366,L42<=366,J42="",K42="",M42="",N42=""),$AD$23+L42,NA()),IF(I42="nthWeekdayOfMonth",IF(AND(ISNUMBER(J42),J42=INT(J42),J42>=1,J42<=12,ISNUMBER(M42),M42=INT(M42),M42>=1,M42<=7,ISNUMBER(N42),N42=INT(N42),N42>=1,N42<=5,MONTH(DATE(Übersicht!$B$4,J42,1)+MOD(M42-WEEKDAY(DATE(Übersicht!$B$4,J42,1),2),7)+7*(N42-1))=J42,K42="",L42=""),DATE(Übersicht!$B$4,J42,1)+MOD(M42-WEEKDAY(DATE(Übersicht!$B$4,J42,1),2),7)+7*(N42-1),NA()),IF(I42="nthWeekdayOffsetDays",IF(AND(ISNUMBER(J42),J42=INT(J42),J42>=1,J42<=12,ISNUMBER(M42),M42=INT(M42),M42>=1,M42<=7,ISNUMBER(N42),N42=INT(N42),N42>=1,N42<=5,MONTH(DATE(Übersicht!$B$4,J42,1)+MOD(M42-WEEKDAY(DATE(Übersicht!$B$4,J42,1),2),7)+7*(N42-1))=J42,K42="",ISNUMBER(L42),L42=INT(L42),L42>=-366,L42<=366),DATE(Übersicht!$B$4,J42,1)+MOD(M42-WEEKDAY(DATE(Übersicht!$B$4,J42,1),2),7)+7*(N42-1)+L42,NA()),NA())))),NA()) -> 47112 | X42: =IF(AND(ISNUMBER(O42),O42=INT(O42),O42>=-115780,O42<=2958465,OR(P42="",AND(ISNUMBER(P42),P42=INT(P42),P42>=-115780,P42<=2958465,P42>=O42)),OR(AA42="Ganztägig",AA42="Ab 12.00 Uhr")),IF(AND(W42>=O42,OR(P42="",W42<=P42)),W42,"Ausserhalb Geltung"),NA()) -> 47112 | Y42: SRC-AG-EGARR-20250901 | Z42: § 6 Abs. 1 Bst. b Ziff. 2 | AA42: Ganztägig
A43: AG-WORK-HOL-B2-ST-STEPHEN | B43: CH-AG | C43: AG-ARG-BADEN | D43: Stephanstag | E43: Saint-Étienne | H43: labourLawHoliday | I43: fixedMonthDay | J43: 12 | K43: 26 | O43: 46023 | Q43: 100 | R43: open | T43: add | V43: blockedScope | W43: =IF(AND(ISNUMBER(Übersicht!$B$4),Übersicht!$B$4=INT(Übersicht!$B$4),Übersicht!$B$4>=2026,Übersicht!$B$4<=2028),IF(I43="fixedMonthDay",IF(AND(ISNUMBER(J43),J43=INT(J43),J43>=1,J43<=12,ISNUMBER(K43),K43=INT(K43),K43>=1,K43<=31,MONTH(DATE(Übersicht!$B$4,J43,K43))=J43,DAY(DATE(Übersicht!$B$4,J43,K43))=K43,L43="",M43="",N43=""),DATE(Übersicht!$B$4,J43,K43),NA()),IF(I43="easterOffsetDays",IF(AND(ISNUMBER(L43),L43=INT(L43),L43>=-366,L43<=366,J43="",K43="",M43="",N43=""),$AD$23+L43,NA()),IF(I43="nthWeekdayOfMonth",IF(AND(ISNUMBER(J43),J43=INT(J43),J43>=1,J43<=12,ISNUMBER(M43),M43=INT(M43),M43>=1,M43<=7,ISNUMBER(N43),N43=INT(N43),N43>=1,N43<=5,MONTH(DATE(Übersicht!$B$4,J43,1)+MOD(M43-WEEKDAY(DATE(Übersicht!$B$4,J43,1),2),7)+7*(N43-1))=J43,K43="",L43=""),DATE(Übersicht!$B$4,J43,1)+MOD(M43-WEEKDAY(DATE(Übersicht!$B$4,J43,1),2),7)+7*(N43-1),NA()),IF(I43="nthWeekdayOffsetDays",IF(AND(ISNUMBER(J43),J43=INT(J43),J43>=1,J43<=12,ISNUMBER(M43),M43=INT(M43),M43>=1,M43<=7,ISNUMBER(N43),N43=INT(N43),N43>=1,N43<=5,MONTH(DATE(Übersicht!$B$4,J43,1)+MOD(M43-WEEKDAY(DATE(Übersicht!$B$4,J43,1),2),7)+7*(N43-1))=J43,K43="",ISNUMBER(L43),L43=INT(L43),L43>=-366,L43<=366),DATE(Übersicht!$B$4,J43,1)+MOD(M43-WEEKDAY(DATE(Übersicht!$B$4,J43,1),2),7)+7*(N43-1)+L43,NA()),NA())))),NA()) -> 47113 | X43: =IF(AND(ISNUMBER(O43),O43=INT(O43),O43>=-115780,O43<=2958465,OR(P43="",AND(ISNUMBER(P43),P43=INT(P43),P43>=-115780,P43<=2958465,P43>=O43)),OR(AA43="Ganztägig",AA43="Ab 12.00 Uhr")),IF(AND(W43>=O43,OR(P43="",W43<=P43)),W43,"Ausserhalb Geltung"),NA()) -> 47113 | Y43: SRC-AG-EGARR-20250901 | Z43: § 6 Abs. 1 Bst. b Ziff. 2 | AA43: Ganztägig
A44: AG-WORK-HOL-C-NEW-YEAR | B44: CH-AG | C44: AG-ARG-BREMGARTEN | D44: Neujahr | E44: Nouvel An | H44: labourLawHoliday | I44: fixedMonthDay | J44: 1 | K44: 1 | O44: 46023 | Q44: 100 | R44: open | T44: add | V44: blockedScope | W44: =IF(AND(ISNUMBER(Übersicht!$B$4),Übersicht!$B$4=INT(Übersicht!$B$4),Übersicht!$B$4>=2026,Übersicht!$B$4<=2028),IF(I44="fixedMonthDay",IF(AND(ISNUMBER(J44),J44=INT(J44),J44>=1,J44<=12,ISNUMBER(K44),K44=INT(K44),K44>=1,K44<=31,MONTH(DATE(Übersicht!$B$4,J44,K44))=J44,DAY(DATE(Übersicht!$B$4,J44,K44))=K44,L44="",M44="",N44=""),DATE(Übersicht!$B$4,J44,K44),NA()),IF(I44="easterOffsetDays",IF(AND(ISNUMBER(L44),L44=INT(L44),L44>=-366,L44<=366,J44="",K44="",M44="",N44=""),$AD$23+L44,NA()),IF(I44="nthWeekdayOfMonth",IF(AND(ISNUMBER(J44),J44=INT(J44),J44>=1,J44<=12,ISNUMBER(M44),M44=INT(M44),M44>=1,M44<=7,ISNUMBER(N44),N44=INT(N44),N44>=1,N44<=5,MONTH(DATE(Übersicht!$B$4,J44,1)+MOD(M44-WEEKDAY(DATE(Übersicht!$B$4,J44,1),2),7)+7*(N44-1))=J44,K44="",L44=""),DATE(Übersicht!$B$4,J44,1)+MOD(M44-WEEKDAY(DATE(Übersicht!$B$4,J44,1),2),7)+7*(N44-1),NA()),IF(I44="nthWeekdayOffsetDays",IF(AND(ISNUMBER(J44),J44=INT(J44),J44>=1,J44<=12,ISNUMBER(M44),M44=INT(M44),M44>=1,M44<=7,ISNUMBER(N44),N44=INT(N44),N44>=1,N44<=5,MONTH(DATE(Übersicht!$B$4,J44,1)+MOD(M44-WEEKDAY(DATE(Übersicht!$B$4,J44,1),2),7)+7*(N44-1))=J44,K44="",ISNUMBER(L44),L44=INT(L44),L44>=-366,L44<=366),DATE(Übersicht!$B$4,J44,1)+MOD(M44-WEEKDAY(DATE(Übersicht!$B$4,J44,1),2),7)+7*(N44-1)+L44,NA()),NA())))),NA()) -> 46753 | X44: =IF(AND(ISNUMBER(O44),O44=INT(O44),O44>=-115780,O44<=2958465,OR(P44="",AND(ISNUMBER(P44),P44=INT(P44),P44>=-115780,P44<=2958465,P44>=O44)),OR(AA44="Ganztägig",AA44="Ab 12.00 Uhr")),IF(AND(W44>=O44,OR(P44="",W44<=P44)),W44,"Ausserhalb Geltung"),NA()) -> 46753 | Y44: SRC-AG-EGARR-20250901 | Z44: § 6 Abs. 1 Bst. c | AA44: Ganztägig
A45: AG-WORK-HOL-C-GOOD-FRIDAY | B45: CH-AG | C45: AG-ARG-BREMGARTEN | D45: Karfreitag | E45: Vendredi saint | H45: labourLawHoliday | I45: easterOffsetDays | L45: -2 | O45: 46023 | Q45: 100 | R45: open | T45: add | V45: blockedScope | W45: =IF(AND(ISNUMBER(Übersicht!$B$4),Übersicht!$B$4=INT(Übersicht!$B$4),Übersicht!$B$4>=2026,Übersicht!$B$4<=2028),IF(I45="fixedMonthDay",IF(AND(ISNUMBER(J45),J45=INT(J45),J45>=1,J45<=12,ISNUMBER(K45),K45=INT(K45),K45>=1,K45<=31,MONTH(DATE(Übersicht!$B$4,J45,K45))=J45,DAY(DATE(Übersicht!$B$4,J45,K45))=K45,L45="",M45="",N45=""),DATE(Übersicht!$B$4,J45,K45),NA()),IF(I45="easterOffsetDays",IF(AND(ISNUMBER(L45),L45=INT(L45),L45>=-366,L45<=366,J45="",K45="",M45="",N45=""),$AD$23+L45,NA()),IF(I45="nthWeekdayOfMonth",IF(AND(ISNUMBER(J45),J45=INT(J45),J45>=1,J45<=12,ISNUMBER(M45),M45=INT(M45),M45>=1,M45<=7,ISNUMBER(N45),N45=INT(N45),N45>=1,N45<=5,MONTH(DATE(Übersicht!$B$4,J45,1)+MOD(M45-WEEKDAY(DATE(Übersicht!$B$4,J45,1),2),7)+7*(N45-1))=J45,K45="",L45=""),DATE(Übersicht!$B$4,J45,1)+MOD(M45-WEEKDAY(DATE(Übersicht!$B$4,J45,1),2),7)+7*(N45-1),NA()),IF(I45="nthWeekdayOffsetDays",IF(AND(ISNUMBER(J45),J45=INT(J45),J45>=1,J45<=12,ISNUMBER(M45),M45=INT(M45),M45>=1,M45<=7,ISNUMBER(N45),N45=INT(N45),N45>=1,N45<=5,MONTH(DATE(Übersicht!$B$4,J45,1)+MOD(M45-WEEKDAY(DATE(Übersicht!$B$4,J45,1),2),7)+7*(N45-1))=J45,K45="",ISNUMBER(L45),L45=INT(L45),L45>=-366,L45<=366),DATE(Übersicht!$B$4,J45,1)+MOD(M45-WEEKDAY(DATE(Übersicht!$B$4,J45,1),2),7)+7*(N45-1)+L45,NA()),NA())))),NA()) -> 46857 | X45: =IF(AND(ISNUMBER(O45),O45=INT(O45),O45>=-115780,O45<=2958465,OR(P45="",AND(ISNUMBER(P45),P45=INT(P45),P45>=-115780,P45<=2958465,P45>=O45)),OR(AA45="Ganztägig",AA45="Ab 12.00 Uhr")),IF(AND(W45>=O45,OR(P45="",W45<=P45)),W45,"Ausserhalb Geltung"),NA()) -> 46857 | Y45: SRC-AG-EGARR-20250901 | Z45: § 6 Abs. 1 Bst. c | AA45: Ganztägig
A46: AG-WORK-HOL-C-ASCENSION | B46: CH-AG | C46: AG-ARG-BREMGARTEN | D46: Auffahrt | E46: Ascension | H46: labourLawHoliday | I46: easterOffsetDays | L46: 39 | O46: 46023 | Q46: 100 | R46: open | T46: add | V46: blockedScope | W46: =IF(AND(ISNUMBER(Übersicht!$B$4),Übersicht!$B$4=INT(Übersicht!$B$4),Übersicht!$B$4>=2026,Übersicht!$B$4<=2028),IF(I46="fixedMonthDay",IF(AND(ISNUMBER(J46),J46=INT(J46),J46>=1,J46<=12,ISNUMBER(K46),K46=INT(K46),K46>=1,K46<=31,MONTH(DATE(Übersicht!$B$4,J46,K46))=J46,DAY(DATE(Übersicht!$B$4,J46,K46))=K46,L46="",M46="",N46=""),DATE(Übersicht!$B$4,J46,K46),NA()),IF(I46="easterOffsetDays",IF(AND(ISNUMBER(L46),L46=INT(L46),L46>=-366,L46<=366,J46="",K46="",M46="",N46=""),$AD$23+L46,NA()),IF(I46="nthWeekdayOfMonth",IF(AND(ISNUMBER(J46),J46=INT(J46),J46>=1,J46<=12,ISNUMBER(M46),M46=INT(M46),M46>=1,M46<=7,ISNUMBER(N46),N46=INT(N46),N46>=1,N46<=5,MONTH(DATE(Übersicht!$B$4,J46,1)+MOD(M46-WEEKDAY(DATE(Übersicht!$B$4,J46,1),2),7)+7*(N46-1))=J46,K46="",L46=""),DATE(Übersicht!$B$4,J46,1)+MOD(M46-WEEKDAY(DATE(Übersicht!$B$4,J46,1),2),7)+7*(N46-1),NA()),IF(I46="nthWeekdayOffsetDays",IF(AND(ISNUMBER(J46),J46=INT(J46),J46>=1,J46<=12,ISNUMBER(M46),M46=INT(M46),M46>=1,M46<=7,ISNUMBER(N46),N46=INT(N46),N46>=1,N46<=5,MONTH(DATE(Übersicht!$B$4,J46,1)+MOD(M46-WEEKDAY(DATE(Übersicht!$B$4,J46,1),2),7)+7*(N46-1))=J46,K46="",ISNUMBER(L46),L46=INT(L46),L46>=-366,L46<=366),DATE(Übersicht!$B$4,J46,1)+MOD(M46-WEEKDAY(DATE(Übersicht!$B$4,J46,1),2),7)+7*(N46-1)+L46,NA()),NA())))),NA()) -> 46898 | X46: =IF(AND(ISNUMBER(O46),O46=INT(O46),O46>=-115780,O46<=2958465,OR(P46="",AND(ISNUMBER(P46),P46=INT(P46),P46>=-115780,P46<=2958465,P46>=O46)),OR(AA46="Ganztägig",AA46="Ab 12.00 Uhr")),IF(AND(W46>=O46,OR(P46="",W46<=P46)),W46,"Ausserhalb Geltung"),NA()) -> 46898 | Y46: SRC-AG-EGARR-20250901 | Z46: § 6 Abs. 1 Bst. c | AA46: Ganztägig
A47: AG-WORK-HOL-C-CORPUS-CHRISTI | B47: CH-AG | C47: AG-ARG-BREMGARTEN | D47: Fronleichnam | E47: Fête-Dieu | H47: labourLawHoliday | I47: easterOffsetDays | L47: 60 | O47: 46023 | Q47: 100 | R47: open | T47: add | V47: blockedScope | W47: =IF(AND(ISNUMBER(Übersicht!$B$4),Übersicht!$B$4=INT(Übersicht!$B$4),Übersicht!$B$4>=2026,Übersicht!$B$4<=2028),IF(I47="fixedMonthDay",IF(AND(ISNUMBER(J47),J47=INT(J47),J47>=1,J47<=12,ISNUMBER(K47),K47=INT(K47),K47>=1,K47<=31,MONTH(DATE(Übersicht!$B$4,J47,K47))=J47,DAY(DATE(Übersicht!$B$4,J47,K47))=K47,L47="",M47="",N47=""),DATE(Übersicht!$B$4,J47,K47),NA()),IF(I47="easterOffsetDays",IF(AND(ISNUMBER(L47),L47=INT(L47),L47>=-366,L47<=366,J47="",K47="",M47="",N47=""),$AD$23+L47,NA()),IF(I47="nthWeekdayOfMonth",IF(AND(ISNUMBER(J47),J47=INT(J47),J47>=1,J47<=12,ISNUMBER(M47),M47=INT(M47),M47>=1,M47<=7,ISNUMBER(N47),N47=INT(N47),N47>=1,N47<=5,MONTH(DATE(Übersicht!$B$4,J47,1)+MOD(M47-WEEKDAY(DATE(Übersicht!$B$4,J47,1),2),7)+7*(N47-1))=J47,K47="",L47=""),DATE(Übersicht!$B$4,J47,1)+MOD(M47-WEEKDAY(DATE(Übersicht!$B$4,J47,1),2),7)+7*(N47-1),NA()),IF(I47="nthWeekdayOffsetDays",IF(AND(ISNUMBER(J47),J47=INT(J47),J47>=1,J47<=12,ISNUMBER(M47),M47=INT(M47),M47>=1,M47<=7,ISNUMBER(N47),N47=INT(N47),N47>=1,N47<=5,MONTH(DATE(Übersicht!$B$4,J47,1)+MOD(M47-WEEKDAY(DATE(Übersicht!$B$4,J47,1),2),7)+7*(N47-1))=J47,K47="",ISNUMBER(L47),L47=INT(L47),L47>=-366,L47<=366),DATE(Übersicht!$B$4,J47,1)+MOD(M47-WEEKDAY(DATE(Übersicht!$B$4,J47,1),2),7)+7*(N47-1)+L47,NA()),NA())))),NA()) -> 46919 | X47: =IF(AND(ISNUMBER(O47),O47=INT(O47),O47>=-115780,O47<=2958465,OR(P47="",AND(ISNUMBER(P47),P47=INT(P47),P47>=-115780,P47<=2958465,P47>=O47)),OR(AA47="Ganztägig",AA47="Ab 12.00 Uhr")),IF(AND(W47>=O47,OR(P47="",W47<=P47)),W47,"Ausserhalb Geltung"),NA()) -> 46919 | Y47: SRC-AG-EGARR-20250901 | Z47: § 6 Abs. 1 Bst. c | AA47: Ganztägig
A48: AG-WORK-HOL-C-ASSUMPTION | B48: CH-AG | C48: AG-ARG-BREMGARTEN | D48: Mariä Himmelfahrt | E48: Assomption | H48: labourLawHoliday | I48: fixedMonthDay | J48: 8 | K48: 15 | O48: 46023 | Q48: 100 | R48: open | T48: add | V48: blockedScope | W48: =IF(AND(ISNUMBER(Übersicht!$B$4),Übersicht!$B$4=INT(Übersicht!$B$4),Übersicht!$B$4>=2026,Übersicht!$B$4<=2028),IF(I48="fixedMonthDay",IF(AND(ISNUMBER(J48),J48=INT(J48),J48>=1,J48<=12,ISNUMBER(K48),K48=INT(K48),K48>=1,K48<=31,MONTH(DATE(Übersicht!$B$4,J48,K48))=J48,DAY(DATE(Übersicht!$B$4,J48,K48))=K48,L48="",M48="",N48=""),DATE(Übersicht!$B$4,J48,K48),NA()),IF(I48="easterOffsetDays",IF(AND(ISNUMBER(L48),L48=INT(L48),L48>=-366,L48<=366,J48="",K48="",M48="",N48=""),$AD$23+L48,NA()),IF(I48="nthWeekdayOfMonth",IF(AND(ISNUMBER(J48),J48=INT(J48),J48>=1,J48<=12,ISNUMBER(M48),M48=INT(M48),M48>=1,M48<=7,ISNUMBER(N48),N48=INT(N48),N48>=1,N48<=5,MONTH(DATE(Übersicht!$B$4,J48,1)+MOD(M48-WEEKDAY(DATE(Übersicht!$B$4,J48,1),2),7)+7*(N48-1))=J48,K48="",L48=""),DATE(Übersicht!$B$4,J48,1)+MOD(M48-WEEKDAY(DATE(Übersicht!$B$4,J48,1),2),7)+7*(N48-1),NA()),IF(I48="nthWeekdayOffsetDays",IF(AND(ISNUMBER(J48),J48=INT(J48),J48>=1,J48<=12,ISNUMBER(M48),M48=INT(M48),M48>=1,M48<=7,ISNUMBER(N48),N48=INT(N48),N48>=1,N48<=5,MONTH(DATE(Übersicht!$B$4,J48,1)+MOD(M48-WEEKDAY(DATE(Übersicht!$B$4,J48,1),2),7)+7*(N48-1))=J48,K48="",ISNUMBER(L48),L48=INT(L48),L48>=-366,L48<=366),DATE(Übersicht!$B$4,J48,1)+MOD(M48-WEEKDAY(DATE(Übersicht!$B$4,J48,1),2),7)+7*(N48-1)+L48,NA()),NA())))),NA()) -> 46980 | X48: =IF(AND(ISNUMBER(O48),O48=INT(O48),O48>=-115780,O48<=2958465,OR(P48="",AND(ISNUMBER(P48),P48=INT(P48),P48>=-115780,P48<=2958465,P48>=O48)),OR(AA48="Ganztägig",AA48="Ab 12.00 Uhr")),IF(AND(W48>=O48,OR(P48="",W48<=P48)),W48,"Ausserhalb Geltung"),NA()) -> 46980 | Y48: SRC-AG-EGARR-20250901 | Z48: § 6 Abs. 1 Bst. c | AA48: Ganztägig
A49: AG-WORK-HOL-C-ALL-SAINTS | B49: CH-AG | C49: AG-ARG-BREMGARTEN | D49: Allerheiligen | E49: Toussaint | H49: labourLawHoliday | I49: fixedMonthDay | J49: 11 | K49: 1 | O49: 46023 | Q49: 100 | R49: open | T49: add | V49: blockedScope | W49: =IF(AND(ISNUMBER(Übersicht!$B$4),Übersicht!$B$4=INT(Übersicht!$B$4),Übersicht!$B$4>=2026,Übersicht!$B$4<=2028),IF(I49="fixedMonthDay",IF(AND(ISNUMBER(J49),J49=INT(J49),J49>=1,J49<=12,ISNUMBER(K49),K49=INT(K49),K49>=1,K49<=31,MONTH(DATE(Übersicht!$B$4,J49,K49))=J49,DAY(DATE(Übersicht!$B$4,J49,K49))=K49,L49="",M49="",N49=""),DATE(Übersicht!$B$4,J49,K49),NA()),IF(I49="easterOffsetDays",IF(AND(ISNUMBER(L49),L49=INT(L49),L49>=-366,L49<=366,J49="",K49="",M49="",N49=""),$AD$23+L49,NA()),IF(I49="nthWeekdayOfMonth",IF(AND(ISNUMBER(J49),J49=INT(J49),J49>=1,J49<=12,ISNUMBER(M49),M49=INT(M49),M49>=1,M49<=7,ISNUMBER(N49),N49=INT(N49),N49>=1,N49<=5,MONTH(DATE(Übersicht!$B$4,J49,1)+MOD(M49-WEEKDAY(DATE(Übersicht!$B$4,J49,1),2),7)+7*(N49-1))=J49,K49="",L49=""),DATE(Übersicht!$B$4,J49,1)+MOD(M49-WEEKDAY(DATE(Übersicht!$B$4,J49,1),2),7)+7*(N49-1),NA()),IF(I49="nthWeekdayOffsetDays",IF(AND(ISNUMBER(J49),J49=INT(J49),J49>=1,J49<=12,ISNUMBER(M49),M49=INT(M49),M49>=1,M49<=7,ISNUMBER(N49),N49=INT(N49),N49>=1,N49<=5,MONTH(DATE(Übersicht!$B$4,J49,1)+MOD(M49-WEEKDAY(DATE(Übersicht!$B$4,J49,1),2),7)+7*(N49-1))=J49,K49="",ISNUMBER(L49),L49=INT(L49),L49>=-366,L49<=366),DATE(Übersicht!$B$4,J49,1)+MOD(M49-WEEKDAY(DATE(Übersicht!$B$4,J49,1),2),7)+7*(N49-1)+L49,NA()),NA())))),NA()) -> 47058 | X49: =IF(AND(ISNUMBER(O49),O49=INT(O49),O49>=-115780,O49<=2958465,OR(P49="",AND(ISNUMBER(P49),P49=INT(P49),P49>=-115780,P49<=2958465,P49>=O49)),OR(AA49="Ganztägig",AA49="Ab 12.00 Uhr")),IF(AND(W49>=O49,OR(P49="",W49<=P49)),W49,"Ausserhalb Geltung"),NA()) -> 47058 | Y49: SRC-AG-EGARR-20250901 | Z49: § 6 Abs. 1 Bst. c | AA49: Ganztägig
A50: AG-WORK-HOL-C-CHRISTMAS | B50: CH-AG | C50: AG-ARG-BREMGARTEN | D50: Weihnachten | E50: Noël | H50: labourLawHoliday | I50: fixedMonthDay | J50: 12 | K50: 25 | O50: 46023 | Q50: 100 | R50: open | T50: add | V50: blockedScope | W50: =IF(AND(ISNUMBER(Übersicht!$B$4),Übersicht!$B$4=INT(Übersicht!$B$4),Übersicht!$B$4>=2026,Übersicht!$B$4<=2028),IF(I50="fixedMonthDay",IF(AND(ISNUMBER(J50),J50=INT(J50),J50>=1,J50<=12,ISNUMBER(K50),K50=INT(K50),K50>=1,K50<=31,MONTH(DATE(Übersicht!$B$4,J50,K50))=J50,DAY(DATE(Übersicht!$B$4,J50,K50))=K50,L50="",M50="",N50=""),DATE(Übersicht!$B$4,J50,K50),NA()),IF(I50="easterOffsetDays",IF(AND(ISNUMBER(L50),L50=INT(L50),L50>=-366,L50<=366,J50="",K50="",M50="",N50=""),$AD$23+L50,NA()),IF(I50="nthWeekdayOfMonth",IF(AND(ISNUMBER(J50),J50=INT(J50),J50>=1,J50<=12,ISNUMBER(M50),M50=INT(M50),M50>=1,M50<=7,ISNUMBER(N50),N50=INT(N50),N50>=1,N50<=5,MONTH(DATE(Übersicht!$B$4,J50,1)+MOD(M50-WEEKDAY(DATE(Übersicht!$B$4,J50,1),2),7)+7*(N50-1))=J50,K50="",L50=""),DATE(Übersicht!$B$4,J50,1)+MOD(M50-WEEKDAY(DATE(Übersicht!$B$4,J50,1),2),7)+7*(N50-1),NA()),IF(I50="nthWeekdayOffsetDays",IF(AND(ISNUMBER(J50),J50=INT(J50),J50>=1,J50<=12,ISNUMBER(M50),M50=INT(M50),M50>=1,M50<=7,ISNUMBER(N50),N50=INT(N50),N50>=1,N50<=5,MONTH(DATE(Übersicht!$B$4,J50,1)+MOD(M50-WEEKDAY(DATE(Übersicht!$B$4,J50,1),2),7)+7*(N50-1))=J50,K50="",ISNUMBER(L50),L50=INT(L50),L50>=-366,L50<=366),DATE(Übersicht!$B$4,J50,1)+MOD(M50-WEEKDAY(DATE(Übersicht!$B$4,J50,1),2),7)+7*(N50-1)+L50,NA()),NA())))),NA()) -> 47112 | X50: =IF(AND(ISNUMBER(O50),O50=INT(O50),O50>=-115780,O50<=2958465,OR(P50="",AND(ISNUMBER(P50),P50=INT(P50),P50>=-115780,P50<=2958465,P50>=O50)),OR(AA50="Ganztägig",AA50="Ab 12.00 Uhr")),IF(AND(W50>=O50,OR(P50="",W50<=P50)),W50,"Ausserhalb Geltung"),NA()) -> 47112 | Y50: SRC-AG-EGARR-20250901 | Z50: § 6 Abs. 1 Bst. c | AA50: Ganztägig
A51: AG-WORK-HOL-C-ST-STEPHEN | B51: CH-AG | C51: AG-ARG-BREMGARTEN | D51: Stephanstag | E51: Saint-Étienne | H51: labourLawHoliday | I51: fixedMonthDay | J51: 12 | K51: 26 | O51: 46023 | Q51: 100 | R51: open | T51: add | V51: blockedScope | W51: =IF(AND(ISNUMBER(Übersicht!$B$4),Übersicht!$B$4=INT(Übersicht!$B$4),Übersicht!$B$4>=2026,Übersicht!$B$4<=2028),IF(I51="fixedMonthDay",IF(AND(ISNUMBER(J51),J51=INT(J51),J51>=1,J51<=12,ISNUMBER(K51),K51=INT(K51),K51>=1,K51<=31,MONTH(DATE(Übersicht!$B$4,J51,K51))=J51,DAY(DATE(Übersicht!$B$4,J51,K51))=K51,L51="",M51="",N51=""),DATE(Übersicht!$B$4,J51,K51),NA()),IF(I51="easterOffsetDays",IF(AND(ISNUMBER(L51),L51=INT(L51),L51>=-366,L51<=366,J51="",K51="",M51="",N51=""),$AD$23+L51,NA()),IF(I51="nthWeekdayOfMonth",IF(AND(ISNUMBER(J51),J51=INT(J51),J51>=1,J51<=12,ISNUMBER(M51),M51=INT(M51),M51>=1,M51<=7,ISNUMBER(N51),N51=INT(N51),N51>=1,N51<=5,MONTH(DATE(Übersicht!$B$4,J51,1)+MOD(M51-WEEKDAY(DATE(Übersicht!$B$4,J51,1),2),7)+7*(N51-1))=J51,K51="",L51=""),DATE(Übersicht!$B$4,J51,1)+MOD(M51-WEEKDAY(DATE(Übersicht!$B$4,J51,1),2),7)+7*(N51-1),NA()),IF(I51="nthWeekdayOffsetDays",IF(AND(ISNUMBER(J51),J51=INT(J51),J51>=1,J51<=12,ISNUMBER(M51),M51=INT(M51),M51>=1,M51<=7,ISNUMBER(N51),N51=INT(N51),N51>=1,N51<=5,MONTH(DATE(Übersicht!$B$4,J51,1)+MOD(M51-WEEKDAY(DATE(Übersicht!$B$4,J51,1),2),7)+7*(N51-1))=J51,K51="",ISNUMBER(L51),L51=INT(L51),L51>=-366,L51<=366),DATE(Übersicht!$B$4,J51,1)+MOD(M51-WEEKDAY(DATE(Übersicht!$B$4,J51,1),2),7)+7*(N51-1)+L51,NA()),NA())))),NA()) -> 47113 | X51: =IF(AND(ISNUMBER(O51),O51=INT(O51),O51>=-115780,O51<=2958465,OR(P51="",AND(ISNUMBER(P51),P51=INT(P51),P51>=-115780,P51<=2958465,P51>=O51)),OR(AA51="Ganztägig",AA51="Ab 12.00 Uhr")),IF(AND(W51>=O51,OR(P51="",W51<=P51)),W51,"Ausserhalb Geltung"),NA()) -> 47113 | Y51: SRC-AG-EGARR-20250901 | Z51: § 6 Abs. 1 Bst. c | AA51: Ganztägig
A52: AG-WORK-HOL-D-NEW-YEAR | B52: CH-AG | C52: AG-ARG-LAUFENBURG-MURI | D52: Neujahr | E52: Nouvel An | H52: labourLawHoliday | I52: fixedMonthDay | J52: 1 | K52: 1 | O52: 46023 | Q52: 100 | R52: open | T52: add | V52: blockedScope | W52: =IF(AND(ISNUMBER(Übersicht!$B$4),Übersicht!$B$4=INT(Übersicht!$B$4),Übersicht!$B$4>=2026,Übersicht!$B$4<=2028),IF(I52="fixedMonthDay",IF(AND(ISNUMBER(J52),J52=INT(J52),J52>=1,J52<=12,ISNUMBER(K52),K52=INT(K52),K52>=1,K52<=31,MONTH(DATE(Übersicht!$B$4,J52,K52))=J52,DAY(DATE(Übersicht!$B$4,J52,K52))=K52,L52="",M52="",N52=""),DATE(Übersicht!$B$4,J52,K52),NA()),IF(I52="easterOffsetDays",IF(AND(ISNUMBER(L52),L52=INT(L52),L52>=-366,L52<=366,J52="",K52="",M52="",N52=""),$AD$23+L52,NA()),IF(I52="nthWeekdayOfMonth",IF(AND(ISNUMBER(J52),J52=INT(J52),J52>=1,J52<=12,ISNUMBER(M52),M52=INT(M52),M52>=1,M52<=7,ISNUMBER(N52),N52=INT(N52),N52>=1,N52<=5,MONTH(DATE(Übersicht!$B$4,J52,1)+MOD(M52-WEEKDAY(DATE(Übersicht!$B$4,J52,1),2),7)+7*(N52-1))=J52,K52="",L52=""),DATE(Übersicht!$B$4,J52,1)+MOD(M52-WEEKDAY(DATE(Übersicht!$B$4,J52,1),2),7)+7*(N52-1),NA()),IF(I52="nthWeekdayOffsetDays",IF(AND(ISNUMBER(J52),J52=INT(J52),J52>=1,J52<=12,ISNUMBER(M52),M52=INT(M52),M52>=1,M52<=7,ISNUMBER(N52),N52=INT(N52),N52>=1,N52<=5,MONTH(DATE(Übersicht!$B$4,J52,1)+MOD(M52-WEEKDAY(DATE(Übersicht!$B$4,J52,1),2),7)+7*(N52-1))=J52,K52="",ISNUMBER(L52),L52=INT(L52),L52>=-366,L52<=366),DATE(Übersicht!$B$4,J52,1)+MOD(M52-WEEKDAY(DATE(Übersicht!$B$4,J52,1),2),7)+7*(N52-1)+L52,NA()),NA())))),NA()) -> 46753 | X52: =IF(AND(ISNUMBER(O52),O52=INT(O52),O52>=-115780,O52<=2958465,OR(P52="",AND(ISNUMBER(P52),P52=INT(P52),P52>=-115780,P52<=2958465,P52>=O52)),OR(AA52="Ganztägig",AA52="Ab 12.00 Uhr")),IF(AND(W52>=O52,OR(P52="",W52<=P52)),W52,"Ausserhalb Geltung"),NA()) -> 46753 | Y52: SRC-AG-EGARR-20250901 | Z52: § 6 Abs. 1 Bst. d | AA52: Ganztägig
A53: AG-WORK-HOL-D-GOOD-FRIDAY | B53: CH-AG | C53: AG-ARG-LAUFENBURG-MURI | D53: Karfreitag | E53: Vendredi saint | H53: labourLawHoliday | I53: easterOffsetDays | L53: -2 | O53: 46023 | Q53: 100 | R53: open | T53: add | V53: blockedScope | W53: =IF(AND(ISNUMBER(Übersicht!$B$4),Übersicht!$B$4=INT(Übersicht!$B$4),Übersicht!$B$4>=2026,Übersicht!$B$4<=2028),IF(I53="fixedMonthDay",IF(AND(ISNUMBER(J53),J53=INT(J53),J53>=1,J53<=12,ISNUMBER(K53),K53=INT(K53),K53>=1,K53<=31,MONTH(DATE(Übersicht!$B$4,J53,K53))=J53,DAY(DATE(Übersicht!$B$4,J53,K53))=K53,L53="",M53="",N53=""),DATE(Übersicht!$B$4,J53,K53),NA()),IF(I53="easterOffsetDays",IF(AND(ISNUMBER(L53),L53=INT(L53),L53>=-366,L53<=366,J53="",K53="",M53="",N53=""),$AD$23+L53,NA()),IF(I53="nthWeekdayOfMonth",IF(AND(ISNUMBER(J53),J53=INT(J53),J53>=1,J53<=12,ISNUMBER(M53),M53=INT(M53),M53>=1,M53<=7,ISNUMBER(N53),N53=INT(N53),N53>=1,N53<=5,MONTH(DATE(Übersicht!$B$4,J53,1)+MOD(M53-WEEKDAY(DATE(Übersicht!$B$4,J53,1),2),7)+7*(N53-1))=J53,K53="",L53=""),DATE(Übersicht!$B$4,J53,1)+MOD(M53-WEEKDAY(DATE(Übersicht!$B$4,J53,1),2),7)+7*(N53-1),NA()),IF(I53="nthWeekdayOffsetDays",IF(AND(ISNUMBER(J53),J53=INT(J53),J53>=1,J53<=12,ISNUMBER(M53),M53=INT(M53),M53>=1,M53<=7,ISNUMBER(N53),N53=INT(N53),N53>=1,N53<=5,MONTH(DATE(Übersicht!$B$4,J53,1)+MOD(M53-WEEKDAY(DATE(Übersicht!$B$4,J53,1),2),7)+7*(N53-1))=J53,K53="",ISNUMBER(L53),L53=INT(L53),L53>=-366,L53<=366),DATE(Übersicht!$B$4,J53,1)+MOD(M53-WEEKDAY(DATE(Übersicht!$B$4,J53,1),2),7)+7*(N53-1)+L53,NA()),NA())))),NA()) -> 46857 | X53: =IF(AND(ISNUMBER(O53),O53=INT(O53),O53>=-115780,O53<=2958465,OR(P53="",AND(ISNUMBER(P53),P53=INT(P53),P53>=-115780,P53<=2958465,P53>=O53)),OR(AA53="Ganztägig",AA53="Ab 12.00 Uhr")),IF(AND(W53>=O53,OR(P53="",W53<=P53)),W53,"Ausserhalb Geltung"),NA()) -> 46857 | Y53: SRC-AG-EGARR-20250901 | Z53: § 6 Abs. 1 Bst. d | AA53: Ganztägig
A54: AG-WORK-HOL-D-ASCENSION | B54: CH-AG | C54: AG-ARG-LAUFENBURG-MURI | D54: Auffahrt | E54: Ascension | H54: labourLawHoliday | I54: easterOffsetDays | L54: 39 | O54: 46023 | Q54: 100 | R54: open | T54: add | V54: blockedScope | W54: =IF(AND(ISNUMBER(Übersicht!$B$4),Übersicht!$B$4=INT(Übersicht!$B$4),Übersicht!$B$4>=2026,Übersicht!$B$4<=2028),IF(I54="fixedMonthDay",IF(AND(ISNUMBER(J54),J54=INT(J54),J54>=1,J54<=12,ISNUMBER(K54),K54=INT(K54),K54>=1,K54<=31,MONTH(DATE(Übersicht!$B$4,J54,K54))=J54,DAY(DATE(Übersicht!$B$4,J54,K54))=K54,L54="",M54="",N54=""),DATE(Übersicht!$B$4,J54,K54),NA()),IF(I54="easterOffsetDays",IF(AND(ISNUMBER(L54),L54=INT(L54),L54>=-366,L54<=366,J54="",K54="",M54="",N54=""),$AD$23+L54,NA()),IF(I54="nthWeekdayOfMonth",IF(AND(ISNUMBER(J54),J54=INT(J54),J54>=1,J54<=12,ISNUMBER(M54),M54=INT(M54),M54>=1,M54<=7,ISNUMBER(N54),N54=INT(N54),N54>=1,N54<=5,MONTH(DATE(Übersicht!$B$4,J54,1)+MOD(M54-WEEKDAY(DATE(Übersicht!$B$4,J54,1),2),7)+7*(N54-1))=J54,K54="",L54=""),DATE(Übersicht!$B$4,J54,1)+MOD(M54-WEEKDAY(DATE(Übersicht!$B$4,J54,1),2),7)+7*(N54-1),NA()),IF(I54="nthWeekdayOffsetDays",IF(AND(ISNUMBER(J54),J54=INT(J54),J54>=1,J54<=12,ISNUMBER(M54),M54=INT(M54),M54>=1,M54<=7,ISNUMBER(N54),N54=INT(N54),N54>=1,N54<=5,MONTH(DATE(Übersicht!$B$4,J54,1)+MOD(M54-WEEKDAY(DATE(Übersicht!$B$4,J54,1),2),7)+7*(N54-1))=J54,K54="",ISNUMBER(L54),L54=INT(L54),L54>=-366,L54<=366),DATE(Übersicht!$B$4,J54,1)+MOD(M54-WEEKDAY(DATE(Übersicht!$B$4,J54,1),2),7)+7*(N54-1)+L54,NA()),NA())))),NA()) -> 46898 | X54: =IF(AND(ISNUMBER(O54),O54=INT(O54),O54>=-115780,O54<=2958465,OR(P54="",AND(ISNUMBER(P54),P54=INT(P54),P54>=-115780,P54<=2958465,P54>=O54)),OR(AA54="Ganztägig",AA54="Ab 12.00 Uhr")),IF(AND(W54>=O54,OR(P54="",W54<=P54)),W54,"Ausserhalb Geltung"),NA()) -> 46898 | Y54: SRC-AG-EGARR-20250901 | Z54: § 6 Abs. 1 Bst. d | AA54: Ganztägig
A55: AG-WORK-HOL-D-CORPUS-CHRISTI | B55: CH-AG | C55: AG-ARG-LAUFENBURG-MURI | D55: Fronleichnam | E55: Fête-Dieu | H55: labourLawHoliday | I55: easterOffsetDays | L55: 60 | O55: 46023 | Q55: 100 | R55: open | T55: add | V55: blockedScope | W55: =IF(AND(ISNUMBER(Übersicht!$B$4),Übersicht!$B$4=INT(Übersicht!$B$4),Übersicht!$B$4>=2026,Übersicht!$B$4<=2028),IF(I55="fixedMonthDay",IF(AND(ISNUMBER(J55),J55=INT(J55),J55>=1,J55<=12,ISNUMBER(K55),K55=INT(K55),K55>=1,K55<=31,MONTH(DATE(Übersicht!$B$4,J55,K55))=J55,DAY(DATE(Übersicht!$B$4,J55,K55))=K55,L55="",M55="",N55=""),DATE(Übersicht!$B$4,J55,K55),NA()),IF(I55="easterOffsetDays",IF(AND(ISNUMBER(L55),L55=INT(L55),L55>=-366,L55<=366,J55="",K55="",M55="",N55=""),$AD$23+L55,NA()),IF(I55="nthWeekdayOfMonth",IF(AND(ISNUMBER(J55),J55=INT(J55),J55>=1,J55<=12,ISNUMBER(M55),M55=INT(M55),M55>=1,M55<=7,ISNUMBER(N55),N55=INT(N55),N55>=1,N55<=5,MONTH(DATE(Übersicht!$B$4,J55,1)+MOD(M55-WEEKDAY(DATE(Übersicht!$B$4,J55,1),2),7)+7*(N55-1))=J55,K55="",L55=""),DATE(Übersicht!$B$4,J55,1)+MOD(M55-WEEKDAY(DATE(Übersicht!$B$4,J55,1),2),7)+7*(N55-1),NA()),IF(I55="nthWeekdayOffsetDays",IF(AND(ISNUMBER(J55),J55=INT(J55),J55>=1,J55<=12,ISNUMBER(M55),M55=INT(M55),M55>=1,M55<=7,ISNUMBER(N55),N55=INT(N55),N55>=1,N55<=5,MONTH(DATE(Übersicht!$B$4,J55,1)+MOD(M55-WEEKDAY(DATE(Übersicht!$B$4,J55,1),2),7)+7*(N55-1))=J55,K55="",ISNUMBER(L55),L55=INT(L55),L55>=-366,L55<=366),DATE(Übersicht!$B$4,J55,1)+MOD(M55-WEEKDAY(DATE(Übersicht!$B$4,J55,1),2),7)+7*(N55-1)+L55,NA()),NA())))),NA()) -> 46919 | X55: =IF(AND(ISNUMBER(O55),O55=INT(O55),O55>=-115780,O55<=2958465,OR(P55="",AND(ISNUMBER(P55),P55=INT(P55),P55>=-115780,P55<=2958465,P55>=O55)),OR(AA55="Ganztägig",AA55="Ab 12.00 Uhr")),IF(AND(W55>=O55,OR(P55="",W55<=P55)),W55,"Ausserhalb Geltung"),NA()) -> 46919 | Y55: SRC-AG-EGARR-20250901 | Z55: § 6 Abs. 1 Bst. d | AA55: Ganztägig
A56: AG-WORK-HOL-D-ASSUMPTION | B56: CH-AG | C56: AG-ARG-LAUFENBURG-MURI | D56: Mariä Himmelfahrt | E56: Assomption | H56: labourLawHoliday | I56: fixedMonthDay | J56: 8 | K56: 15 | O56: 46023 | Q56: 100 | R56: open | T56: add | V56: blockedScope | W56: =IF(AND(ISNUMBER(Übersicht!$B$4),Übersicht!$B$4=INT(Übersicht!$B$4),Übersicht!$B$4>=2026,Übersicht!$B$4<=2028),IF(I56="fixedMonthDay",IF(AND(ISNUMBER(J56),J56=INT(J56),J56>=1,J56<=12,ISNUMBER(K56),K56=INT(K56),K56>=1,K56<=31,MONTH(DATE(Übersicht!$B$4,J56,K56))=J56,DAY(DATE(Übersicht!$B$4,J56,K56))=K56,L56="",M56="",N56=""),DATE(Übersicht!$B$4,J56,K56),NA()),IF(I56="easterOffsetDays",IF(AND(ISNUMBER(L56),L56=INT(L56),L56>=-366,L56<=366,J56="",K56="",M56="",N56=""),$AD$23+L56,NA()),IF(I56="nthWeekdayOfMonth",IF(AND(ISNUMBER(J56),J56=INT(J56),J56>=1,J56<=12,ISNUMBER(M56),M56=INT(M56),M56>=1,M56<=7,ISNUMBER(N56),N56=INT(N56),N56>=1,N56<=5,MONTH(DATE(Übersicht!$B$4,J56,1)+MOD(M56-WEEKDAY(DATE(Übersicht!$B$4,J56,1),2),7)+7*(N56-1))=J56,K56="",L56=""),DATE(Übersicht!$B$4,J56,1)+MOD(M56-WEEKDAY(DATE(Übersicht!$B$4,J56,1),2),7)+7*(N56-1),NA()),IF(I56="nthWeekdayOffsetDays",IF(AND(ISNUMBER(J56),J56=INT(J56),J56>=1,J56<=12,ISNUMBER(M56),M56=INT(M56),M56>=1,M56<=7,ISNUMBER(N56),N56=INT(N56),N56>=1,N56<=5,MONTH(DATE(Übersicht!$B$4,J56,1)+MOD(M56-WEEKDAY(DATE(Übersicht!$B$4,J56,1),2),7)+7*(N56-1))=J56,K56="",ISNUMBER(L56),L56=INT(L56),L56>=-366,L56<=366),DATE(Übersicht!$B$4,J56,1)+MOD(M56-WEEKDAY(DATE(Übersicht!$B$4,J56,1),2),7)+7*(N56-1)+L56,NA()),NA())))),NA()) -> 46980 | X56: =IF(AND(ISNUMBER(O56),O56=INT(O56),O56>=-115780,O56<=2958465,OR(P56="",AND(ISNUMBER(P56),P56=INT(P56),P56>=-115780,P56<=2958465,P56>=O56)),OR(AA56="Ganztägig",AA56="Ab 12.00 Uhr")),IF(AND(W56>=O56,OR(P56="",W56<=P56)),W56,"Ausserhalb Geltung"),NA()) -> 46980 | Y56: SRC-AG-EGARR-20250901 | Z56: § 6 Abs. 1 Bst. d | AA56: Ganztägig
A57: AG-WORK-HOL-D-ALL-SAINTS | B57: CH-AG | C57: AG-ARG-LAUFENBURG-MURI | D57: Allerheiligen | E57: Toussaint | H57: labourLawHoliday | I57: fixedMonthDay | J57: 11 | K57: 1 | O57: 46023 | Q57: 100 | R57: open | T57: add | V57: blockedScope | W57: =IF(AND(ISNUMBER(Übersicht!$B$4),Übersicht!$B$4=INT(Übersicht!$B$4),Übersicht!$B$4>=2026,Übersicht!$B$4<=2028),IF(I57="fixedMonthDay",IF(AND(ISNUMBER(J57),J57=INT(J57),J57>=1,J57<=12,ISNUMBER(K57),K57=INT(K57),K57>=1,K57<=31,MONTH(DATE(Übersicht!$B$4,J57,K57))=J57,DAY(DATE(Übersicht!$B$4,J57,K57))=K57,L57="",M57="",N57=""),DATE(Übersicht!$B$4,J57,K57),NA()),IF(I57="easterOffsetDays",IF(AND(ISNUMBER(L57),L57=INT(L57),L57>=-366,L57<=366,J57="",K57="",M57="",N57=""),$AD$23+L57,NA()),IF(I57="nthWeekdayOfMonth",IF(AND(ISNUMBER(J57),J57=INT(J57),J57>=1,J57<=12,ISNUMBER(M57),M57=INT(M57),M57>=1,M57<=7,ISNUMBER(N57),N57=INT(N57),N57>=1,N57<=5,MONTH(DATE(Übersicht!$B$4,J57,1)+MOD(M57-WEEKDAY(DATE(Übersicht!$B$4,J57,1),2),7)+7*(N57-1))=J57,K57="",L57=""),DATE(Übersicht!$B$4,J57,1)+MOD(M57-WEEKDAY(DATE(Übersicht!$B$4,J57,1),2),7)+7*(N57-1),NA()),IF(I57="nthWeekdayOffsetDays",IF(AND(ISNUMBER(J57),J57=INT(J57),J57>=1,J57<=12,ISNUMBER(M57),M57=INT(M57),M57>=1,M57<=7,ISNUMBER(N57),N57=INT(N57),N57>=1,N57<=5,MONTH(DATE(Übersicht!$B$4,J57,1)+MOD(M57-WEEKDAY(DATE(Übersicht!$B$4,J57,1),2),7)+7*(N57-1))=J57,K57="",ISNUMBER(L57),L57=INT(L57),L57>=-366,L57<=366),DATE(Übersicht!$B$4,J57,1)+MOD(M57-WEEKDAY(DATE(Übersicht!$B$4,J57,1),2),7)+7*(N57-1)+L57,NA()),NA())))),NA()) -> 47058 | X57: =IF(AND(ISNUMBER(O57),O57=INT(O57),O57>=-115780,O57<=2958465,OR(P57="",AND(ISNUMBER(P57),P57=INT(P57),P57>=-115780,P57<=2958465,P57>=O57)),OR(AA57="Ganztägig",AA57="Ab 12.00 Uhr")),IF(AND(W57>=O57,OR(P57="",W57<=P57)),W57,"Ausserhalb Geltung"),NA()) -> 47058 | Y57: SRC-AG-EGARR-20250901 | Z57: § 6 Abs. 1 Bst. d | AA57: Ganztägig
A58: AG-WORK-HOL-D-CHRISTMAS | B58: CH-AG | C58: AG-ARG-LAUFENBURG-MURI | D58: Weihnachten | E58: Noël | H58: labourLawHoliday | I58: fixedMonthDay | J58: 12 | K58: 25 | O58: 46023 | Q58: 100 | R58: open | T58: add | V58: blockedScope | W58: =IF(AND(ISNUMBER(Übersicht!$B$4),Übersicht!$B$4=INT(Übersicht!$B$4),Übersicht!$B$4>=2026,Übersicht!$B$4<=2028),IF(I58="fixedMonthDay",IF(AND(ISNUMBER(J58),J58=INT(J58),J58>=1,J58<=12,ISNUMBER(K58),K58=INT(K58),K58>=1,K58<=31,MONTH(DATE(Übersicht!$B$4,J58,K58))=J58,DAY(DATE(Übersicht!$B$4,J58,K58))=K58,L58="",M58="",N58=""),DATE(Übersicht!$B$4,J58,K58),NA()),IF(I58="easterOffsetDays",IF(AND(ISNUMBER(L58),L58=INT(L58),L58>=-366,L58<=366,J58="",K58="",M58="",N58=""),$AD$23+L58,NA()),IF(I58="nthWeekdayOfMonth",IF(AND(ISNUMBER(J58),J58=INT(J58),J58>=1,J58<=12,ISNUMBER(M58),M58=INT(M58),M58>=1,M58<=7,ISNUMBER(N58),N58=INT(N58),N58>=1,N58<=5,MONTH(DATE(Übersicht!$B$4,J58,1)+MOD(M58-WEEKDAY(DATE(Übersicht!$B$4,J58,1),2),7)+7*(N58-1))=J58,K58="",L58=""),DATE(Übersicht!$B$4,J58,1)+MOD(M58-WEEKDAY(DATE(Übersicht!$B$4,J58,1),2),7)+7*(N58-1),NA()),IF(I58="nthWeekdayOffsetDays",IF(AND(ISNUMBER(J58),J58=INT(J58),J58>=1,J58<=12,ISNUMBER(M58),M58=INT(M58),M58>=1,M58<=7,ISNUMBER(N58),N58=INT(N58),N58>=1,N58<=5,MONTH(DATE(Übersicht!$B$4,J58,1)+MOD(M58-WEEKDAY(DATE(Übersicht!$B$4,J58,1),2),7)+7*(N58-1))=J58,K58="",ISNUMBER(L58),L58=INT(L58),L58>=-366,L58<=366),DATE(Übersicht!$B$4,J58,1)+MOD(M58-WEEKDAY(DATE(Übersicht!$B$4,J58,1),2),7)+7*(N58-1)+L58,NA()),NA())))),NA()) -> 47112 | X58: =IF(AND(ISNUMBER(O58),O58=INT(O58),O58>=-115780,O58<=2958465,OR(P58="",AND(ISNUMBER(P58),P58=INT(P58),P58>=-115780,P58<=2958465,P58>=O58)),OR(AA58="Ganztägig",AA58="Ab 12.00 Uhr")),IF(AND(W58>=O58,OR(P58="",W58<=P58)),W58,"Ausserhalb Geltung"),NA()) -> 47112 | Y58: SRC-AG-EGARR-20250901 | Z58: § 6 Abs. 1 Bst. d | AA58: Ganztägig
A59: AG-WORK-HOL-D-IMMACULATE-CONCEPTION | B59: CH-AG | C59: AG-ARG-LAUFENBURG-MURI | D59: Mariä Empfängnis | E59: Immaculée Conception | H59: labourLawHoliday | I59: fixedMonthDay | J59: 12 | K59: 8 | O59: 46023 | Q59: 100 | R59: open | T59: add | V59: blockedScope | W59: =IF(AND(ISNUMBER(Übersicht!$B$4),Übersicht!$B$4=INT(Übersicht!$B$4),Übersicht!$B$4>=2026,Übersicht!$B$4<=2028),IF(I59="fixedMonthDay",IF(AND(ISNUMBER(J59),J59=INT(J59),J59>=1,J59<=12,ISNUMBER(K59),K59=INT(K59),K59>=1,K59<=31,MONTH(DATE(Übersicht!$B$4,J59,K59))=J59,DAY(DATE(Übersicht!$B$4,J59,K59))=K59,L59="",M59="",N59=""),DATE(Übersicht!$B$4,J59,K59),NA()),IF(I59="easterOffsetDays",IF(AND(ISNUMBER(L59),L59=INT(L59),L59>=-366,L59<=366,J59="",K59="",M59="",N59=""),$AD$23+L59,NA()),IF(I59="nthWeekdayOfMonth",IF(AND(ISNUMBER(J59),J59=INT(J59),J59>=1,J59<=12,ISNUMBER(M59),M59=INT(M59),M59>=1,M59<=7,ISNUMBER(N59),N59=INT(N59),N59>=1,N59<=5,MONTH(DATE(Übersicht!$B$4,J59,1)+MOD(M59-WEEKDAY(DATE(Übersicht!$B$4,J59,1),2),7)+7*(N59-1))=J59,K59="",L59=""),DATE(Übersicht!$B$4,J59,1)+MOD(M59-WEEKDAY(DATE(Übersicht!$B$4,J59,1),2),7)+7*(N59-1),NA()),IF(I59="nthWeekdayOffsetDays",IF(AND(ISNUMBER(J59),J59=INT(J59),J59>=1,J59<=12,ISNUMBER(M59),M59=INT(M59),M59>=1,M59<=7,ISNUMBER(N59),N59=INT(N59),N59>=1,N59<=5,MONTH(DATE(Übersicht!$B$4,J59,1)+MOD(M59-WEEKDAY(DATE(Übersicht!$B$4,J59,1),2),7)+7*(N59-1))=J59,K59="",ISNUMBER(L59),L59=INT(L59),L59>=-366,L59<=366),DATE(Übersicht!$B$4,J59,1)+MOD(M59-WEEKDAY(DATE(Übersicht!$B$4,J59,1),2),7)+7*(N59-1)+L59,NA()),NA())))),NA()) -> 47095 | X59: =IF(AND(ISNUMBER(O59),O59=INT(O59),O59>=-115780,O59<=2958465,OR(P59="",AND(ISNUMBER(P59),P59=INT(P59),P59>=-115780,P59<=2958465,P59>=O59)),OR(AA59="Ganztägig",AA59="Ab 12.00 Uhr")),IF(AND(W59>=O59,OR(P59="",W59<=P59)),W59,"Ausserhalb Geltung"),NA()) -> 47095 | Y59: SRC-AG-EGARR-20250901 | Z59: § 6 Abs. 1 Bst. d | AA59: Ganztägig
A60: AG-WORK-HOL-E1-NEW-YEAR | B60: CH-AG | C60: AG-ARG-RHEINFELDEN-E1 | D60: Neujahr | E60: Nouvel An | H60: labourLawHoliday | I60: fixedMonthDay | J60: 1 | K60: 1 | O60: 46023 | Q60: 100 | R60: open | T60: add | V60: blockedScope | W60: =IF(AND(ISNUMBER(Übersicht!$B$4),Übersicht!$B$4=INT(Übersicht!$B$4),Übersicht!$B$4>=2026,Übersicht!$B$4<=2028),IF(I60="fixedMonthDay",IF(AND(ISNUMBER(J60),J60=INT(J60),J60>=1,J60<=12,ISNUMBER(K60),K60=INT(K60),K60>=1,K60<=31,MONTH(DATE(Übersicht!$B$4,J60,K60))=J60,DAY(DATE(Übersicht!$B$4,J60,K60))=K60,L60="",M60="",N60=""),DATE(Übersicht!$B$4,J60,K60),NA()),IF(I60="easterOffsetDays",IF(AND(ISNUMBER(L60),L60=INT(L60),L60>=-366,L60<=366,J60="",K60="",M60="",N60=""),$AD$23+L60,NA()),IF(I60="nthWeekdayOfMonth",IF(AND(ISNUMBER(J60),J60=INT(J60),J60>=1,J60<=12,ISNUMBER(M60),M60=INT(M60),M60>=1,M60<=7,ISNUMBER(N60),N60=INT(N60),N60>=1,N60<=5,MONTH(DATE(Übersicht!$B$4,J60,1)+MOD(M60-WEEKDAY(DATE(Übersicht!$B$4,J60,1),2),7)+7*(N60-1))=J60,K60="",L60=""),DATE(Übersicht!$B$4,J60,1)+MOD(M60-WEEKDAY(DATE(Übersicht!$B$4,J60,1),2),7)+7*(N60-1),NA()),IF(I60="nthWeekdayOffsetDays",IF(AND(ISNUMBER(J60),J60=INT(J60),J60>=1,J60<=12,ISNUMBER(M60),M60=INT(M60),M60>=1,M60<=7,ISNUMBER(N60),N60=INT(N60),N60>=1,N60<=5,MONTH(DATE(Übersicht!$B$4,J60,1)+MOD(M60-WEEKDAY(DATE(Übersicht!$B$4,J60,1),2),7)+7*(N60-1))=J60,K60="",ISNUMBER(L60),L60=INT(L60),L60>=-366,L60<=366),DATE(Übersicht!$B$4,J60,1)+MOD(M60-WEEKDAY(DATE(Übersicht!$B$4,J60,1),2),7)+7*(N60-1)+L60,NA()),NA())))),NA()) -> 46753 | X60: =IF(AND(ISNUMBER(O60),O60=INT(O60),O60>=-115780,O60<=2958465,OR(P60="",AND(ISNUMBER(P60),P60=INT(P60),P60>=-115780,P60<=2958465,P60>=O60)),OR(AA60="Ganztägig",AA60="Ab 12.00 Uhr")),IF(AND(W60>=O60,OR(P60="",W60<=P60)),W60,"Ausserhalb Geltung"),NA()) -> 46753 | Y60: SRC-AG-EGARR-20250901 | Z60: § 6 Abs. 1 Bst. e Ziff. 1 | AA60: Ganztägig
A61: AG-WORK-HOL-E1-GOOD-FRIDAY | B61: CH-AG | C61: AG-ARG-RHEINFELDEN-E1 | D61: Karfreitag | E61: Vendredi saint | H61: labourLawHoliday | I61: easterOffsetDays | L61: -2 | O61: 46023 | Q61: 100 | R61: open | T61: add | V61: blockedScope | W61: =IF(AND(ISNUMBER(Übersicht!$B$4),Übersicht!$B$4=INT(Übersicht!$B$4),Übersicht!$B$4>=2026,Übersicht!$B$4<=2028),IF(I61="fixedMonthDay",IF(AND(ISNUMBER(J61),J61=INT(J61),J61>=1,J61<=12,ISNUMBER(K61),K61=INT(K61),K61>=1,K61<=31,MONTH(DATE(Übersicht!$B$4,J61,K61))=J61,DAY(DATE(Übersicht!$B$4,J61,K61))=K61,L61="",M61="",N61=""),DATE(Übersicht!$B$4,J61,K61),NA()),IF(I61="easterOffsetDays",IF(AND(ISNUMBER(L61),L61=INT(L61),L61>=-366,L61<=366,J61="",K61="",M61="",N61=""),$AD$23+L61,NA()),IF(I61="nthWeekdayOfMonth",IF(AND(ISNUMBER(J61),J61=INT(J61),J61>=1,J61<=12,ISNUMBER(M61),M61=INT(M61),M61>=1,M61<=7,ISNUMBER(N61),N61=INT(N61),N61>=1,N61<=5,MONTH(DATE(Übersicht!$B$4,J61,1)+MOD(M61-WEEKDAY(DATE(Übersicht!$B$4,J61,1),2),7)+7*(N61-1))=J61,K61="",L61=""),DATE(Übersicht!$B$4,J61,1)+MOD(M61-WEEKDAY(DATE(Übersicht!$B$4,J61,1),2),7)+7*(N61-1),NA()),IF(I61="nthWeekdayOffsetDays",IF(AND(ISNUMBER(J61),J61=INT(J61),J61>=1,J61<=12,ISNUMBER(M61),M61=INT(M61),M61>=1,M61<=7,ISNUMBER(N61),N61=INT(N61),N61>=1,N61<=5,MONTH(DATE(Übersicht!$B$4,J61,1)+MOD(M61-WEEKDAY(DATE(Übersicht!$B$4,J61,1),2),7)+7*(N61-1))=J61,K61="",ISNUMBER(L61),L61=INT(L61),L61>=-366,L61<=366),DATE(Übersicht!$B$4,J61,1)+MOD(M61-WEEKDAY(DATE(Übersicht!$B$4,J61,1),2),7)+7*(N61-1)+L61,NA()),NA())))),NA()) -> 46857 | X61: =IF(AND(ISNUMBER(O61),O61=INT(O61),O61>=-115780,O61<=2958465,OR(P61="",AND(ISNUMBER(P61),P61=INT(P61),P61>=-115780,P61<=2958465,P61>=O61)),OR(AA61="Ganztägig",AA61="Ab 12.00 Uhr")),IF(AND(W61>=O61,OR(P61="",W61<=P61)),W61,"Ausserhalb Geltung"),NA()) -> 46857 | Y61: SRC-AG-EGARR-20250901 | Z61: § 6 Abs. 1 Bst. e Ziff. 1 | AA61: Ganztägig
A62: AG-WORK-HOL-E1-ASCENSION | B62: CH-AG | C62: AG-ARG-RHEINFELDEN-E1 | D62: Auffahrt | E62: Ascension | H62: labourLawHoliday | I62: easterOffsetDays | L62: 39 | O62: 46023 | Q62: 100 | R62: open | T62: add | V62: blockedScope | W62: =IF(AND(ISNUMBER(Übersicht!$B$4),Übersicht!$B$4=INT(Übersicht!$B$4),Übersicht!$B$4>=2026,Übersicht!$B$4<=2028),IF(I62="fixedMonthDay",IF(AND(ISNUMBER(J62),J62=INT(J62),J62>=1,J62<=12,ISNUMBER(K62),K62=INT(K62),K62>=1,K62<=31,MONTH(DATE(Übersicht!$B$4,J62,K62))=J62,DAY(DATE(Übersicht!$B$4,J62,K62))=K62,L62="",M62="",N62=""),DATE(Übersicht!$B$4,J62,K62),NA()),IF(I62="easterOffsetDays",IF(AND(ISNUMBER(L62),L62=INT(L62),L62>=-366,L62<=366,J62="",K62="",M62="",N62=""),$AD$23+L62,NA()),IF(I62="nthWeekdayOfMonth",IF(AND(ISNUMBER(J62),J62=INT(J62),J62>=1,J62<=12,ISNUMBER(M62),M62=INT(M62),M62>=1,M62<=7,ISNUMBER(N62),N62=INT(N62),N62>=1,N62<=5,MONTH(DATE(Übersicht!$B$4,J62,1)+MOD(M62-WEEKDAY(DATE(Übersicht!$B$4,J62,1),2),7)+7*(N62-1))=J62,K62="",L62=""),DATE(Übersicht!$B$4,J62,1)+MOD(M62-WEEKDAY(DATE(Übersicht!$B$4,J62,1),2),7)+7*(N62-1),NA()),IF(I62="nthWeekdayOffsetDays",IF(AND(ISNUMBER(J62),J62=INT(J62),J62>=1,J62<=12,ISNUMBER(M62),M62=INT(M62),M62>=1,M62<=7,ISNUMBER(N62),N62=INT(N62),N62>=1,N62<=5,MONTH(DATE(Übersicht!$B$4,J62,1)+MOD(M62-WEEKDAY(DATE(Übersicht!$B$4,J62,1),2),7)+7*(N62-1))=J62,K62="",ISNUMBER(L62),L62=INT(L62),L62>=-366,L62<=366),DATE(Übersicht!$B$4,J62,1)+MOD(M62-WEEKDAY(DATE(Übersicht!$B$4,J62,1),2),7)+7*(N62-1)+L62,NA()),NA())))),NA()) -> 46898 | X62: =IF(AND(ISNUMBER(O62),O62=INT(O62),O62>=-115780,O62<=2958465,OR(P62="",AND(ISNUMBER(P62),P62=INT(P62),P62>=-115780,P62<=2958465,P62>=O62)),OR(AA62="Ganztägig",AA62="Ab 12.00 Uhr")),IF(AND(W62>=O62,OR(P62="",W62<=P62)),W62,"Ausserhalb Geltung"),NA()) -> 46898 | Y62: SRC-AG-EGARR-20250901 | Z62: § 6 Abs. 1 Bst. e Ziff. 1 | AA62: Ganztägig
A63: AG-WORK-HOL-E1-CORPUS-CHRISTI | B63: CH-AG | C63: AG-ARG-RHEINFELDEN-E1 | D63: Fronleichnam | E63: Fête-Dieu | H63: labourLawHoliday | I63: easterOffsetDays | L63: 60 | O63: 46023 | Q63: 100 | R63: open | T63: add | V63: blockedScope | W63: =IF(AND(ISNUMBER(Übersicht!$B$4),Übersicht!$B$4=INT(Übersicht!$B$4),Übersicht!$B$4>=2026,Übersicht!$B$4<=2028),IF(I63="fixedMonthDay",IF(AND(ISNUMBER(J63),J63=INT(J63),J63>=1,J63<=12,ISNUMBER(K63),K63=INT(K63),K63>=1,K63<=31,MONTH(DATE(Übersicht!$B$4,J63,K63))=J63,DAY(DATE(Übersicht!$B$4,J63,K63))=K63,L63="",M63="",N63=""),DATE(Übersicht!$B$4,J63,K63),NA()),IF(I63="easterOffsetDays",IF(AND(ISNUMBER(L63),L63=INT(L63),L63>=-366,L63<=366,J63="",K63="",M63="",N63=""),$AD$23+L63,NA()),IF(I63="nthWeekdayOfMonth",IF(AND(ISNUMBER(J63),J63=INT(J63),J63>=1,J63<=12,ISNUMBER(M63),M63=INT(M63),M63>=1,M63<=7,ISNUMBER(N63),N63=INT(N63),N63>=1,N63<=5,MONTH(DATE(Übersicht!$B$4,J63,1)+MOD(M63-WEEKDAY(DATE(Übersicht!$B$4,J63,1),2),7)+7*(N63-1))=J63,K63="",L63=""),DATE(Übersicht!$B$4,J63,1)+MOD(M63-WEEKDAY(DATE(Übersicht!$B$4,J63,1),2),7)+7*(N63-1),NA()),IF(I63="nthWeekdayOffsetDays",IF(AND(ISNUMBER(J63),J63=INT(J63),J63>=1,J63<=12,ISNUMBER(M63),M63=INT(M63),M63>=1,M63<=7,ISNUMBER(N63),N63=INT(N63),N63>=1,N63<=5,MONTH(DATE(Übersicht!$B$4,J63,1)+MOD(M63-WEEKDAY(DATE(Übersicht!$B$4,J63,1),2),7)+7*(N63-1))=J63,K63="",ISNUMBER(L63),L63=INT(L63),L63>=-366,L63<=366),DATE(Übersicht!$B$4,J63,1)+MOD(M63-WEEKDAY(DATE(Übersicht!$B$4,J63,1),2),7)+7*(N63-1)+L63,NA()),NA())))),NA()) -> 46919 | X63: =IF(AND(ISNUMBER(O63),O63=INT(O63),O63>=-115780,O63<=2958465,OR(P63="",AND(ISNUMBER(P63),P63=INT(P63),P63>=-115780,P63<=2958465,P63>=O63)),OR(AA63="Ganztägig",AA63="Ab 12.00 Uhr")),IF(AND(W63>=O63,OR(P63="",W63<=P63)),W63,"Ausserhalb Geltung"),NA()) -> 46919 | Y63: SRC-AG-EGARR-20250901 | Z63: § 6 Abs. 1 Bst. e Ziff. 1 | AA63: Ganztägig
A64: AG-WORK-HOL-E1-ASSUMPTION | B64: CH-AG | C64: AG-ARG-RHEINFELDEN-E1 | D64: Mariä Himmelfahrt | E64: Assomption | H64: labourLawHoliday | I64: fixedMonthDay | J64: 8 | K64: 15 | O64: 46023 | Q64: 100 | R64: open | T64: add | V64: blockedScope | W64: =IF(AND(ISNUMBER(Übersicht!$B$4),Übersicht!$B$4=INT(Übersicht!$B$4),Übersicht!$B$4>=2026,Übersicht!$B$4<=2028),IF(I64="fixedMonthDay",IF(AND(ISNUMBER(J64),J64=INT(J64),J64>=1,J64<=12,ISNUMBER(K64),K64=INT(K64),K64>=1,K64<=31,MONTH(DATE(Übersicht!$B$4,J64,K64))=J64,DAY(DATE(Übersicht!$B$4,J64,K64))=K64,L64="",M64="",N64=""),DATE(Übersicht!$B$4,J64,K64),NA()),IF(I64="easterOffsetDays",IF(AND(ISNUMBER(L64),L64=INT(L64),L64>=-366,L64<=366,J64="",K64="",M64="",N64=""),$AD$23+L64,NA()),IF(I64="nthWeekdayOfMonth",IF(AND(ISNUMBER(J64),J64=INT(J64),J64>=1,J64<=12,ISNUMBER(M64),M64=INT(M64),M64>=1,M64<=7,ISNUMBER(N64),N64=INT(N64),N64>=1,N64<=5,MONTH(DATE(Übersicht!$B$4,J64,1)+MOD(M64-WEEKDAY(DATE(Übersicht!$B$4,J64,1),2),7)+7*(N64-1))=J64,K64="",L64=""),DATE(Übersicht!$B$4,J64,1)+MOD(M64-WEEKDAY(DATE(Übersicht!$B$4,J64,1),2),7)+7*(N64-1),NA()),IF(I64="nthWeekdayOffsetDays",IF(AND(ISNUMBER(J64),J64=INT(J64),J64>=1,J64<=12,ISNUMBER(M64),M64=INT(M64),M64>=1,M64<=7,ISNUMBER(N64),N64=INT(N64),N64>=1,N64<=5,MONTH(DATE(Übersicht!$B$4,J64,1)+MOD(M64-WEEKDAY(DATE(Übersicht!$B$4,J64,1),2),7)+7*(N64-1))=J64,K64="",ISNUMBER(L64),L64=INT(L64),L64>=-366,L64<=366),DATE(Übersicht!$B$4,J64,1)+MOD(M64-WEEKDAY(DATE(Übersicht!$B$4,J64,1),2),7)+7*(N64-1)+L64,NA()),NA())))),NA()) -> 46980 | X64: =IF(AND(ISNUMBER(O64),O64=INT(O64),O64>=-115780,O64<=2958465,OR(P64="",AND(ISNUMBER(P64),P64=INT(P64),P64>=-115780,P64<=2958465,P64>=O64)),OR(AA64="Ganztägig",AA64="Ab 12.00 Uhr")),IF(AND(W64>=O64,OR(P64="",W64<=P64)),W64,"Ausserhalb Geltung"),NA()) -> 46980 | Y64: SRC-AG-EGARR-20250901 | Z64: § 6 Abs. 1 Bst. e Ziff. 1 | AA64: Ganztägig
A65: AG-WORK-HOL-E1-ALL-SAINTS | B65: CH-AG | C65: AG-ARG-RHEINFELDEN-E1 | D65: Allerheiligen | E65: Toussaint | H65: labourLawHoliday | I65: fixedMonthDay | J65: 11 | K65: 1 | O65: 46023 | Q65: 100 | R65: open | T65: add | V65: blockedScope | W65: =IF(AND(ISNUMBER(Übersicht!$B$4),Übersicht!$B$4=INT(Übersicht!$B$4),Übersicht!$B$4>=2026,Übersicht!$B$4<=2028),IF(I65="fixedMonthDay",IF(AND(ISNUMBER(J65),J65=INT(J65),J65>=1,J65<=12,ISNUMBER(K65),K65=INT(K65),K65>=1,K65<=31,MONTH(DATE(Übersicht!$B$4,J65,K65))=J65,DAY(DATE(Übersicht!$B$4,J65,K65))=K65,L65="",M65="",N65=""),DATE(Übersicht!$B$4,J65,K65),NA()),IF(I65="easterOffsetDays",IF(AND(ISNUMBER(L65),L65=INT(L65),L65>=-366,L65<=366,J65="",K65="",M65="",N65=""),$AD$23+L65,NA()),IF(I65="nthWeekdayOfMonth",IF(AND(ISNUMBER(J65),J65=INT(J65),J65>=1,J65<=12,ISNUMBER(M65),M65=INT(M65),M65>=1,M65<=7,ISNUMBER(N65),N65=INT(N65),N65>=1,N65<=5,MONTH(DATE(Übersicht!$B$4,J65,1)+MOD(M65-WEEKDAY(DATE(Übersicht!$B$4,J65,1),2),7)+7*(N65-1))=J65,K65="",L65=""),DATE(Übersicht!$B$4,J65,1)+MOD(M65-WEEKDAY(DATE(Übersicht!$B$4,J65,1),2),7)+7*(N65-1),NA()),IF(I65="nthWeekdayOffsetDays",IF(AND(ISNUMBER(J65),J65=INT(J65),J65>=1,J65<=12,ISNUMBER(M65),M65=INT(M65),M65>=1,M65<=7,ISNUMBER(N65),N65=INT(N65),N65>=1,N65<=5,MONTH(DATE(Übersicht!$B$4,J65,1)+MOD(M65-WEEKDAY(DATE(Übersicht!$B$4,J65,1),2),7)+7*(N65-1))=J65,K65="",ISNUMBER(L65),L65=INT(L65),L65>=-366,L65<=366),DATE(Übersicht!$B$4,J65,1)+MOD(M65-WEEKDAY(DATE(Übersicht!$B$4,J65,1),2),7)+7*(N65-1)+L65,NA()),NA())))),NA()) -> 47058 | X65: =IF(AND(ISNUMBER(O65),O65=INT(O65),O65>=-115780,O65<=2958465,OR(P65="",AND(ISNUMBER(P65),P65=INT(P65),P65>=-115780,P65<=2958465,P65>=O65)),OR(AA65="Ganztägig",AA65="Ab 12.00 Uhr")),IF(AND(W65>=O65,OR(P65="",W65<=P65)),W65,"Ausserhalb Geltung"),NA()) -> 47058 | Y65: SRC-AG-EGARR-20250901 | Z65: § 6 Abs. 1 Bst. e Ziff. 1 | AA65: Ganztägig
A66: AG-WORK-HOL-E1-CHRISTMAS | B66: CH-AG | C66: AG-ARG-RHEINFELDEN-E1 | D66: Weihnachten | E66: Noël | H66: labourLawHoliday | I66: fixedMonthDay | J66: 12 | K66: 25 | O66: 46023 | Q66: 100 | R66: open | T66: add | V66: blockedScope | W66: =IF(AND(ISNUMBER(Übersicht!$B$4),Übersicht!$B$4=INT(Übersicht!$B$4),Übersicht!$B$4>=2026,Übersicht!$B$4<=2028),IF(I66="fixedMonthDay",IF(AND(ISNUMBER(J66),J66=INT(J66),J66>=1,J66<=12,ISNUMBER(K66),K66=INT(K66),K66>=1,K66<=31,MONTH(DATE(Übersicht!$B$4,J66,K66))=J66,DAY(DATE(Übersicht!$B$4,J66,K66))=K66,L66="",M66="",N66=""),DATE(Übersicht!$B$4,J66,K66),NA()),IF(I66="easterOffsetDays",IF(AND(ISNUMBER(L66),L66=INT(L66),L66>=-366,L66<=366,J66="",K66="",M66="",N66=""),$AD$23+L66,NA()),IF(I66="nthWeekdayOfMonth",IF(AND(ISNUMBER(J66),J66=INT(J66),J66>=1,J66<=12,ISNUMBER(M66),M66=INT(M66),M66>=1,M66<=7,ISNUMBER(N66),N66=INT(N66),N66>=1,N66<=5,MONTH(DATE(Übersicht!$B$4,J66,1)+MOD(M66-WEEKDAY(DATE(Übersicht!$B$4,J66,1),2),7)+7*(N66-1))=J66,K66="",L66=""),DATE(Übersicht!$B$4,J66,1)+MOD(M66-WEEKDAY(DATE(Übersicht!$B$4,J66,1),2),7)+7*(N66-1),NA()),IF(I66="nthWeekdayOffsetDays",IF(AND(ISNUMBER(J66),J66=INT(J66),J66>=1,J66<=12,ISNUMBER(M66),M66=INT(M66),M66>=1,M66<=7,ISNUMBER(N66),N66=INT(N66),N66>=1,N66<=5,MONTH(DATE(Übersicht!$B$4,J66,1)+MOD(M66-WEEKDAY(DATE(Übersicht!$B$4,J66,1),2),7)+7*(N66-1))=J66,K66="",ISNUMBER(L66),L66=INT(L66),L66>=-366,L66<=366),DATE(Übersicht!$B$4,J66,1)+MOD(M66-WEEKDAY(DATE(Übersicht!$B$4,J66,1),2),7)+7*(N66-1)+L66,NA()),NA())))),NA()) -> 47112 | X66: =IF(AND(ISNUMBER(O66),O66=INT(O66),O66>=-115780,O66<=2958465,OR(P66="",AND(ISNUMBER(P66),P66=INT(P66),P66>=-115780,P66<=2958465,P66>=O66)),OR(AA66="Ganztägig",AA66="Ab 12.00 Uhr")),IF(AND(W66>=O66,OR(P66="",W66<=P66)),W66,"Ausserhalb Geltung"),NA()) -> 47112 | Y66: SRC-AG-EGARR-20250901 | Z66: § 6 Abs. 1 Bst. e Ziff. 1 | AA66: Ganztägig
A67: AG-WORK-HOL-E1-IMMACULATE-CONCEPTION | B67: CH-AG | C67: AG-ARG-RHEINFELDEN-E1 | D67: Mariä Empfängnis | E67: Immaculée Conception | H67: labourLawHoliday | I67: fixedMonthDay | J67: 12 | K67: 8 | O67: 46023 | Q67: 100 | R67: open | T67: add | V67: blockedScope | W67: =IF(AND(ISNUMBER(Übersicht!$B$4),Übersicht!$B$4=INT(Übersicht!$B$4),Übersicht!$B$4>=2026,Übersicht!$B$4<=2028),IF(I67="fixedMonthDay",IF(AND(ISNUMBER(J67),J67=INT(J67),J67>=1,J67<=12,ISNUMBER(K67),K67=INT(K67),K67>=1,K67<=31,MONTH(DATE(Übersicht!$B$4,J67,K67))=J67,DAY(DATE(Übersicht!$B$4,J67,K67))=K67,L67="",M67="",N67=""),DATE(Übersicht!$B$4,J67,K67),NA()),IF(I67="easterOffsetDays",IF(AND(ISNUMBER(L67),L67=INT(L67),L67>=-366,L67<=366,J67="",K67="",M67="",N67=""),$AD$23+L67,NA()),IF(I67="nthWeekdayOfMonth",IF(AND(ISNUMBER(J67),J67=INT(J67),J67>=1,J67<=12,ISNUMBER(M67),M67=INT(M67),M67>=1,M67<=7,ISNUMBER(N67),N67=INT(N67),N67>=1,N67<=5,MONTH(DATE(Übersicht!$B$4,J67,1)+MOD(M67-WEEKDAY(DATE(Übersicht!$B$4,J67,1),2),7)+7*(N67-1))=J67,K67="",L67=""),DATE(Übersicht!$B$4,J67,1)+MOD(M67-WEEKDAY(DATE(Übersicht!$B$4,J67,1),2),7)+7*(N67-1),NA()),IF(I67="nthWeekdayOffsetDays",IF(AND(ISNUMBER(J67),J67=INT(J67),J67>=1,J67<=12,ISNUMBER(M67),M67=INT(M67),M67>=1,M67<=7,ISNUMBER(N67),N67=INT(N67),N67>=1,N67<=5,MONTH(DATE(Übersicht!$B$4,J67,1)+MOD(M67-WEEKDAY(DATE(Übersicht!$B$4,J67,1),2),7)+7*(N67-1))=J67,K67="",ISNUMBER(L67),L67=INT(L67),L67>=-366,L67<=366),DATE(Übersicht!$B$4,J67,1)+MOD(M67-WEEKDAY(DATE(Übersicht!$B$4,J67,1),2),7)+7*(N67-1)+L67,NA()),NA())))),NA()) -> 47095 | X67: =IF(AND(ISNUMBER(O67),O67=INT(O67),O67>=-115780,O67<=2958465,OR(P67="",AND(ISNUMBER(P67),P67=INT(P67),P67>=-115780,P67<=2958465,P67>=O67)),OR(AA67="Ganztägig",AA67="Ab 12.00 Uhr")),IF(AND(W67>=O67,OR(P67="",W67<=P67)),W67,"Ausserhalb Geltung"),NA()) -> 47095 | Y67: SRC-AG-EGARR-20250901 | Z67: § 6 Abs. 1 Bst. e Ziff. 1 | AA67: Ganztägig
A68: AG-WORK-HOL-E2-NEW-YEAR | B68: CH-AG | C68: AG-ARG-RHEINFELDEN-E2 | D68: Neujahr | E68: Nouvel An | H68: labourLawHoliday | I68: fixedMonthDay | J68: 1 | K68: 1 | O68: 46023 | Q68: 100 | R68: open | T68: add | V68: blockedScope | W68: =IF(AND(ISNUMBER(Übersicht!$B$4),Übersicht!$B$4=INT(Übersicht!$B$4),Übersicht!$B$4>=2026,Übersicht!$B$4<=2028),IF(I68="fixedMonthDay",IF(AND(ISNUMBER(J68),J68=INT(J68),J68>=1,J68<=12,ISNUMBER(K68),K68=INT(K68),K68>=1,K68<=31,MONTH(DATE(Übersicht!$B$4,J68,K68))=J68,DAY(DATE(Übersicht!$B$4,J68,K68))=K68,L68="",M68="",N68=""),DATE(Übersicht!$B$4,J68,K68),NA()),IF(I68="easterOffsetDays",IF(AND(ISNUMBER(L68),L68=INT(L68),L68>=-366,L68<=366,J68="",K68="",M68="",N68=""),$AD$23+L68,NA()),IF(I68="nthWeekdayOfMonth",IF(AND(ISNUMBER(J68),J68=INT(J68),J68>=1,J68<=12,ISNUMBER(M68),M68=INT(M68),M68>=1,M68<=7,ISNUMBER(N68),N68=INT(N68),N68>=1,N68<=5,MONTH(DATE(Übersicht!$B$4,J68,1)+MOD(M68-WEEKDAY(DATE(Übersicht!$B$4,J68,1),2),7)+7*(N68-1))=J68,K68="",L68=""),DATE(Übersicht!$B$4,J68,1)+MOD(M68-WEEKDAY(DATE(Übersicht!$B$4,J68,1),2),7)+7*(N68-1),NA()),IF(I68="nthWeekdayOffsetDays",IF(AND(ISNUMBER(J68),J68=INT(J68),J68>=1,J68<=12,ISNUMBER(M68),M68=INT(M68),M68>=1,M68<=7,ISNUMBER(N68),N68=INT(N68),N68>=1,N68<=5,MONTH(DATE(Übersicht!$B$4,J68,1)+MOD(M68-WEEKDAY(DATE(Übersicht!$B$4,J68,1),2),7)+7*(N68-1))=J68,K68="",ISNUMBER(L68),L68=INT(L68),L68>=-366,L68<=366),DATE(Übersicht!$B$4,J68,1)+MOD(M68-WEEKDAY(DATE(Übersicht!$B$4,J68,1),2),7)+7*(N68-1)+L68,NA()),NA())))),NA()) -> 46753 | X68: =IF(AND(ISNUMBER(O68),O68=INT(O68),O68>=-115780,O68<=2958465,OR(P68="",AND(ISNUMBER(P68),P68=INT(P68),P68>=-115780,P68<=2958465,P68>=O68)),OR(AA68="Ganztägig",AA68="Ab 12.00 Uhr")),IF(AND(W68>=O68,OR(P68="",W68<=P68)),W68,"Ausserhalb Geltung"),NA()) -> 46753 | Y68: SRC-AG-EGARR-20250901 | Z68: § 6 Abs. 1 Bst. e Ziff. 2 | AA68: Ganztägig
A69: AG-WORK-HOL-E2-GOOD-FRIDAY | B69: CH-AG | C69: AG-ARG-RHEINFELDEN-E2 | D69: Karfreitag | E69: Vendredi saint | H69: labourLawHoliday | I69: easterOffsetDays | L69: -2 | O69: 46023 | Q69: 100 | R69: open | T69: add | V69: blockedScope | W69: =IF(AND(ISNUMBER(Übersicht!$B$4),Übersicht!$B$4=INT(Übersicht!$B$4),Übersicht!$B$4>=2026,Übersicht!$B$4<=2028),IF(I69="fixedMonthDay",IF(AND(ISNUMBER(J69),J69=INT(J69),J69>=1,J69<=12,ISNUMBER(K69),K69=INT(K69),K69>=1,K69<=31,MONTH(DATE(Übersicht!$B$4,J69,K69))=J69,DAY(DATE(Übersicht!$B$4,J69,K69))=K69,L69="",M69="",N69=""),DATE(Übersicht!$B$4,J69,K69),NA()),IF(I69="easterOffsetDays",IF(AND(ISNUMBER(L69),L69=INT(L69),L69>=-366,L69<=366,J69="",K69="",M69="",N69=""),$AD$23+L69,NA()),IF(I69="nthWeekdayOfMonth",IF(AND(ISNUMBER(J69),J69=INT(J69),J69>=1,J69<=12,ISNUMBER(M69),M69=INT(M69),M69>=1,M69<=7,ISNUMBER(N69),N69=INT(N69),N69>=1,N69<=5,MONTH(DATE(Übersicht!$B$4,J69,1)+MOD(M69-WEEKDAY(DATE(Übersicht!$B$4,J69,1),2),7)+7*(N69-1))=J69,K69="",L69=""),DATE(Übersicht!$B$4,J69,1)+MOD(M69-WEEKDAY(DATE(Übersicht!$B$4,J69,1),2),7)+7*(N69-1),NA()),IF(I69="nthWeekdayOffsetDays",IF(AND(ISNUMBER(J69),J69=INT(J69),J69>=1,J69<=12,ISNUMBER(M69),M69=INT(M69),M69>=1,M69<=7,ISNUMBER(N69),N69=INT(N69),N69>=1,N69<=5,MONTH(DATE(Übersicht!$B$4,J69,1)+MOD(M69-WEEKDAY(DATE(Übersicht!$B$4,J69,1),2),7)+7*(N69-1))=J69,K69="",ISNUMBER(L69),L69=INT(L69),L69>=-366,L69<=366),DATE(Übersicht!$B$4,J69,1)+MOD(M69-WEEKDAY(DATE(Übersicht!$B$4,J69,1),2),7)+7*(N69-1)+L69,NA()),NA())))),NA()) -> 46857 | X69: =IF(AND(ISNUMBER(O69),O69=INT(O69),O69>=-115780,O69<=2958465,OR(P69="",AND(ISNUMBER(P69),P69=INT(P69),P69>=-115780,P69<=2958465,P69>=O69)),OR(AA69="Ganztägig",AA69="Ab 12.00 Uhr")),IF(AND(W69>=O69,OR(P69="",W69<=P69)),W69,"Ausserhalb Geltung"),NA()) -> 46857 | Y69: SRC-AG-EGARR-20250901 | Z69: § 6 Abs. 1 Bst. e Ziff. 2 | AA69: Ganztägig
A70: AG-WORK-HOL-E2-EASTER-MONDAY | B70: CH-AG | C70: AG-ARG-RHEINFELDEN-E2 | D70: Ostermontag | E70: Lundi de Pâques | H70: labourLawHoliday | I70: easterOffsetDays | L70: 1 | O70: 46023 | Q70: 100 | R70: open | T70: add | V70: blockedScope | W70: =IF(AND(ISNUMBER(Übersicht!$B$4),Übersicht!$B$4=INT(Übersicht!$B$4),Übersicht!$B$4>=2026,Übersicht!$B$4<=2028),IF(I70="fixedMonthDay",IF(AND(ISNUMBER(J70),J70=INT(J70),J70>=1,J70<=12,ISNUMBER(K70),K70=INT(K70),K70>=1,K70<=31,MONTH(DATE(Übersicht!$B$4,J70,K70))=J70,DAY(DATE(Übersicht!$B$4,J70,K70))=K70,L70="",M70="",N70=""),DATE(Übersicht!$B$4,J70,K70),NA()),IF(I70="easterOffsetDays",IF(AND(ISNUMBER(L70),L70=INT(L70),L70>=-366,L70<=366,J70="",K70="",M70="",N70=""),$AD$23+L70,NA()),IF(I70="nthWeekdayOfMonth",IF(AND(ISNUMBER(J70),J70=INT(J70),J70>=1,J70<=12,ISNUMBER(M70),M70=INT(M70),M70>=1,M70<=7,ISNUMBER(N70),N70=INT(N70),N70>=1,N70<=5,MONTH(DATE(Übersicht!$B$4,J70,1)+MOD(M70-WEEKDAY(DATE(Übersicht!$B$4,J70,1),2),7)+7*(N70-1))=J70,K70="",L70=""),DATE(Übersicht!$B$4,J70,1)+MOD(M70-WEEKDAY(DATE(Übersicht!$B$4,J70,1),2),7)+7*(N70-1),NA()),IF(I70="nthWeekdayOffsetDays",IF(AND(ISNUMBER(J70),J70=INT(J70),J70>=1,J70<=12,ISNUMBER(M70),M70=INT(M70),M70>=1,M70<=7,ISNUMBER(N70),N70=INT(N70),N70>=1,N70<=5,MONTH(DATE(Übersicht!$B$4,J70,1)+MOD(M70-WEEKDAY(DATE(Übersicht!$B$4,J70,1),2),7)+7*(N70-1))=J70,K70="",ISNUMBER(L70),L70=INT(L70),L70>=-366,L70<=366),DATE(Übersicht!$B$4,J70,1)+MOD(M70-WEEKDAY(DATE(Übersicht!$B$4,J70,1),2),7)+7*(N70-1)+L70,NA()),NA())))),NA()) -> 46860 | X70: =IF(AND(ISNUMBER(O70),O70=INT(O70),O70>=-115780,O70<=2958465,OR(P70="",AND(ISNUMBER(P70),P70=INT(P70),P70>=-115780,P70<=2958465,P70>=O70)),OR(AA70="Ganztägig",AA70="Ab 12.00 Uhr")),IF(AND(W70>=O70,OR(P70="",W70<=P70)),W70,"Ausserhalb Geltung"),NA()) -> 46860 | Y70: SRC-AG-EGARR-20250901 | Z70: § 6 Abs. 1 Bst. e Ziff. 2 | AA70: Ganztägig
A71: AG-WORK-HOL-E2-ASCENSION | B71: CH-AG | C71: AG-ARG-RHEINFELDEN-E2 | D71: Auffahrt | E71: Ascension | H71: labourLawHoliday | I71: easterOffsetDays | L71: 39 | O71: 46023 | Q71: 100 | R71: open | T71: add | V71: blockedScope | W71: =IF(AND(ISNUMBER(Übersicht!$B$4),Übersicht!$B$4=INT(Übersicht!$B$4),Übersicht!$B$4>=2026,Übersicht!$B$4<=2028),IF(I71="fixedMonthDay",IF(AND(ISNUMBER(J71),J71=INT(J71),J71>=1,J71<=12,ISNUMBER(K71),K71=INT(K71),K71>=1,K71<=31,MONTH(DATE(Übersicht!$B$4,J71,K71))=J71,DAY(DATE(Übersicht!$B$4,J71,K71))=K71,L71="",M71="",N71=""),DATE(Übersicht!$B$4,J71,K71),NA()),IF(I71="easterOffsetDays",IF(AND(ISNUMBER(L71),L71=INT(L71),L71>=-366,L71<=366,J71="",K71="",M71="",N71=""),$AD$23+L71,NA()),IF(I71="nthWeekdayOfMonth",IF(AND(ISNUMBER(J71),J71=INT(J71),J71>=1,J71<=12,ISNUMBER(M71),M71=INT(M71),M71>=1,M71<=7,ISNUMBER(N71),N71=INT(N71),N71>=1,N71<=5,MONTH(DATE(Übersicht!$B$4,J71,1)+MOD(M71-WEEKDAY(DATE(Übersicht!$B$4,J71,1),2),7)+7*(N71-1))=J71,K71="",L71=""),DATE(Übersicht!$B$4,J71,1)+MOD(M71-WEEKDAY(DATE(Übersicht!$B$4,J71,1),2),7)+7*(N71-1),NA()),IF(I71="nthWeekdayOffsetDays",IF(AND(ISNUMBER(J71),J71=INT(J71),J71>=1,J71<=12,ISNUMBER(M71),M71=INT(M71),M71>=1,M71<=7,ISNUMBER(N71),N71=INT(N71),N71>=1,N71<=5,MONTH(DATE(Übersicht!$B$4,J71,1)+MOD(M71-WEEKDAY(DATE(Übersicht!$B$4,J71,1),2),7)+7*(N71-1))=J71,K71="",ISNUMBER(L71),L71=INT(L71),L71>=-366,L71<=366),DATE(Übersicht!$B$4,J71,1)+MOD(M71-WEEKDAY(DATE(Übersicht!$B$4,J71,1),2),7)+7*(N71-1)+L71,NA()),NA())))),NA()) -> 46898 | X71: =IF(AND(ISNUMBER(O71),O71=INT(O71),O71>=-115780,O71<=2958465,OR(P71="",AND(ISNUMBER(P71),P71=INT(P71),P71>=-115780,P71<=2958465,P71>=O71)),OR(AA71="Ganztägig",AA71="Ab 12.00 Uhr")),IF(AND(W71>=O71,OR(P71="",W71<=P71)),W71,"Ausserhalb Geltung"),NA()) -> 46898 | Y71: SRC-AG-EGARR-20250901 | Z71: § 6 Abs. 1 Bst. e Ziff. 2 | AA71: Ganztägig
A72: AG-WORK-HOL-E2-WHIT-MONDAY | B72: CH-AG | C72: AG-ARG-RHEINFELDEN-E2 | D72: Pfingstmontag | E72: Lundi de Pentecôte | H72: labourLawHoliday | I72: easterOffsetDays | L72: 50 | O72: 46023 | Q72: 100 | R72: open | T72: add | V72: blockedScope | W72: =IF(AND(ISNUMBER(Übersicht!$B$4),Übersicht!$B$4=INT(Übersicht!$B$4),Übersicht!$B$4>=2026,Übersicht!$B$4<=2028),IF(I72="fixedMonthDay",IF(AND(ISNUMBER(J72),J72=INT(J72),J72>=1,J72<=12,ISNUMBER(K72),K72=INT(K72),K72>=1,K72<=31,MONTH(DATE(Übersicht!$B$4,J72,K72))=J72,DAY(DATE(Übersicht!$B$4,J72,K72))=K72,L72="",M72="",N72=""),DATE(Übersicht!$B$4,J72,K72),NA()),IF(I72="easterOffsetDays",IF(AND(ISNUMBER(L72),L72=INT(L72),L72>=-366,L72<=366,J72="",K72="",M72="",N72=""),$AD$23+L72,NA()),IF(I72="nthWeekdayOfMonth",IF(AND(ISNUMBER(J72),J72=INT(J72),J72>=1,J72<=12,ISNUMBER(M72),M72=INT(M72),M72>=1,M72<=7,ISNUMBER(N72),N72=INT(N72),N72>=1,N72<=5,MONTH(DATE(Übersicht!$B$4,J72,1)+MOD(M72-WEEKDAY(DATE(Übersicht!$B$4,J72,1),2),7)+7*(N72-1))=J72,K72="",L72=""),DATE(Übersicht!$B$4,J72,1)+MOD(M72-WEEKDAY(DATE(Übersicht!$B$4,J72,1),2),7)+7*(N72-1),NA()),IF(I72="nthWeekdayOffsetDays",IF(AND(ISNUMBER(J72),J72=INT(J72),J72>=1,J72<=12,ISNUMBER(M72),M72=INT(M72),M72>=1,M72<=7,ISNUMBER(N72),N72=INT(N72),N72>=1,N72<=5,MONTH(DATE(Übersicht!$B$4,J72,1)+MOD(M72-WEEKDAY(DATE(Übersicht!$B$4,J72,1),2),7)+7*(N72-1))=J72,K72="",ISNUMBER(L72),L72=INT(L72),L72>=-366,L72<=366),DATE(Übersicht!$B$4,J72,1)+MOD(M72-WEEKDAY(DATE(Übersicht!$B$4,J72,1),2),7)+7*(N72-1)+L72,NA()),NA())))),NA()) -> 46909 | X72: =IF(AND(ISNUMBER(O72),O72=INT(O72),O72>=-115780,O72<=2958465,OR(P72="",AND(ISNUMBER(P72),P72=INT(P72),P72>=-115780,P72<=2958465,P72>=O72)),OR(AA72="Ganztägig",AA72="Ab 12.00 Uhr")),IF(AND(W72>=O72,OR(P72="",W72<=P72)),W72,"Ausserhalb Geltung"),NA()) -> 46909 | Y72: SRC-AG-EGARR-20250901 | Z72: § 6 Abs. 1 Bst. e Ziff. 2 | AA72: Ganztägig
A73: AG-WORK-HOL-E2-CHRISTMAS | B73: CH-AG | C73: AG-ARG-RHEINFELDEN-E2 | D73: Weihnachten | E73: Noël | H73: labourLawHoliday | I73: fixedMonthDay | J73: 12 | K73: 25 | O73: 46023 | Q73: 100 | R73: open | T73: add | V73: blockedScope | W73: =IF(AND(ISNUMBER(Übersicht!$B$4),Übersicht!$B$4=INT(Übersicht!$B$4),Übersicht!$B$4>=2026,Übersicht!$B$4<=2028),IF(I73="fixedMonthDay",IF(AND(ISNUMBER(J73),J73=INT(J73),J73>=1,J73<=12,ISNUMBER(K73),K73=INT(K73),K73>=1,K73<=31,MONTH(DATE(Übersicht!$B$4,J73,K73))=J73,DAY(DATE(Übersicht!$B$4,J73,K73))=K73,L73="",M73="",N73=""),DATE(Übersicht!$B$4,J73,K73),NA()),IF(I73="easterOffsetDays",IF(AND(ISNUMBER(L73),L73=INT(L73),L73>=-366,L73<=366,J73="",K73="",M73="",N73=""),$AD$23+L73,NA()),IF(I73="nthWeekdayOfMonth",IF(AND(ISNUMBER(J73),J73=INT(J73),J73>=1,J73<=12,ISNUMBER(M73),M73=INT(M73),M73>=1,M73<=7,ISNUMBER(N73),N73=INT(N73),N73>=1,N73<=5,MONTH(DATE(Übersicht!$B$4,J73,1)+MOD(M73-WEEKDAY(DATE(Übersicht!$B$4,J73,1),2),7)+7*(N73-1))=J73,K73="",L73=""),DATE(Übersicht!$B$4,J73,1)+MOD(M73-WEEKDAY(DATE(Übersicht!$B$4,J73,1),2),7)+7*(N73-1),NA()),IF(I73="nthWeekdayOffsetDays",IF(AND(ISNUMBER(J73),J73=INT(J73),J73>=1,J73<=12,ISNUMBER(M73),M73=INT(M73),M73>=1,M73<=7,ISNUMBER(N73),N73=INT(N73),N73>=1,N73<=5,MONTH(DATE(Übersicht!$B$4,J73,1)+MOD(M73-WEEKDAY(DATE(Übersicht!$B$4,J73,1),2),7)+7*(N73-1))=J73,K73="",ISNUMBER(L73),L73=INT(L73),L73>=-366,L73<=366),DATE(Übersicht!$B$4,J73,1)+MOD(M73-WEEKDAY(DATE(Übersicht!$B$4,J73,1),2),7)+7*(N73-1)+L73,NA()),NA())))),NA()) -> 47112 | X73: =IF(AND(ISNUMBER(O73),O73=INT(O73),O73>=-115780,O73<=2958465,OR(P73="",AND(ISNUMBER(P73),P73=INT(P73),P73>=-115780,P73<=2958465,P73>=O73)),OR(AA73="Ganztägig",AA73="Ab 12.00 Uhr")),IF(AND(W73>=O73,OR(P73="",W73<=P73)),W73,"Ausserhalb Geltung"),NA()) -> 47112 | Y73: SRC-AG-EGARR-20250901 | Z73: § 6 Abs. 1 Bst. e Ziff. 2 | AA73: Ganztägig
A74: AG-WORK-HOL-E2-ST-STEPHEN | B74: CH-AG | C74: AG-ARG-RHEINFELDEN-E2 | D74: Stephanstag | E74: Saint-Étienne | H74: labourLawHoliday | I74: fixedMonthDay | J74: 12 | K74: 26 | O74: 46023 | Q74: 100 | R74: open | T74: add | V74: blockedScope | W74: =IF(AND(ISNUMBER(Übersicht!$B$4),Übersicht!$B$4=INT(Übersicht!$B$4),Übersicht!$B$4>=2026,Übersicht!$B$4<=2028),IF(I74="fixedMonthDay",IF(AND(ISNUMBER(J74),J74=INT(J74),J74>=1,J74<=12,ISNUMBER(K74),K74=INT(K74),K74>=1,K74<=31,MONTH(DATE(Übersicht!$B$4,J74,K74))=J74,DAY(DATE(Übersicht!$B$4,J74,K74))=K74,L74="",M74="",N74=""),DATE(Übersicht!$B$4,J74,K74),NA()),IF(I74="easterOffsetDays",IF(AND(ISNUMBER(L74),L74=INT(L74),L74>=-366,L74<=366,J74="",K74="",M74="",N74=""),$AD$23+L74,NA()),IF(I74="nthWeekdayOfMonth",IF(AND(ISNUMBER(J74),J74=INT(J74),J74>=1,J74<=12,ISNUMBER(M74),M74=INT(M74),M74>=1,M74<=7,ISNUMBER(N74),N74=INT(N74),N74>=1,N74<=5,MONTH(DATE(Übersicht!$B$4,J74,1)+MOD(M74-WEEKDAY(DATE(Übersicht!$B$4,J74,1),2),7)+7*(N74-1))=J74,K74="",L74=""),DATE(Übersicht!$B$4,J74,1)+MOD(M74-WEEKDAY(DATE(Übersicht!$B$4,J74,1),2),7)+7*(N74-1),NA()),IF(I74="nthWeekdayOffsetDays",IF(AND(ISNUMBER(J74),J74=INT(J74),J74>=1,J74<=12,ISNUMBER(M74),M74=INT(M74),M74>=1,M74<=7,ISNUMBER(N74),N74=INT(N74),N74>=1,N74<=5,MONTH(DATE(Übersicht!$B$4,J74,1)+MOD(M74-WEEKDAY(DATE(Übersicht!$B$4,J74,1),2),7)+7*(N74-1))=J74,K74="",ISNUMBER(L74),L74=INT(L74),L74>=-366,L74<=366),DATE(Übersicht!$B$4,J74,1)+MOD(M74-WEEKDAY(DATE(Übersicht!$B$4,J74,1),2),7)+7*(N74-1)+L74,NA()),NA())))),NA()) -> 47113 | X74: =IF(AND(ISNUMBER(O74),O74=INT(O74),O74>=-115780,O74<=2958465,OR(P74="",AND(ISNUMBER(P74),P74=INT(P74),P74>=-115780,P74<=2958465,P74>=O74)),OR(AA74="Ganztägig",AA74="Ab 12.00 Uhr")),IF(AND(W74>=O74,OR(P74="",W74<=P74)),W74,"Ausserhalb Geltung"),NA()) -> 47113 | Y74: SRC-AG-EGARR-20250901 | Z74: § 6 Abs. 1 Bst. e Ziff. 2 | AA74: Ganztägig
A75: AG-WORK-HOL-E2-ALL-SAINTS | B75: CH-AG | C75: AG-ARG-RHEINFELDEN-E2 | D75: Allerheiligen | E75: Toussaint | H75: labourLawHoliday | I75: fixedMonthDay | J75: 11 | K75: 1 | O75: 46023 | Q75: 100 | R75: open | T75: add | V75: blockedScope | W75: =IF(AND(ISNUMBER(Übersicht!$B$4),Übersicht!$B$4=INT(Übersicht!$B$4),Übersicht!$B$4>=2026,Übersicht!$B$4<=2028),IF(I75="fixedMonthDay",IF(AND(ISNUMBER(J75),J75=INT(J75),J75>=1,J75<=12,ISNUMBER(K75),K75=INT(K75),K75>=1,K75<=31,MONTH(DATE(Übersicht!$B$4,J75,K75))=J75,DAY(DATE(Übersicht!$B$4,J75,K75))=K75,L75="",M75="",N75=""),DATE(Übersicht!$B$4,J75,K75),NA()),IF(I75="easterOffsetDays",IF(AND(ISNUMBER(L75),L75=INT(L75),L75>=-366,L75<=366,J75="",K75="",M75="",N75=""),$AD$23+L75,NA()),IF(I75="nthWeekdayOfMonth",IF(AND(ISNUMBER(J75),J75=INT(J75),J75>=1,J75<=12,ISNUMBER(M75),M75=INT(M75),M75>=1,M75<=7,ISNUMBER(N75),N75=INT(N75),N75>=1,N75<=5,MONTH(DATE(Übersicht!$B$4,J75,1)+MOD(M75-WEEKDAY(DATE(Übersicht!$B$4,J75,1),2),7)+7*(N75-1))=J75,K75="",L75=""),DATE(Übersicht!$B$4,J75,1)+MOD(M75-WEEKDAY(DATE(Übersicht!$B$4,J75,1),2),7)+7*(N75-1),NA()),IF(I75="nthWeekdayOffsetDays",IF(AND(ISNUMBER(J75),J75=INT(J75),J75>=1,J75<=12,ISNUMBER(M75),M75=INT(M75),M75>=1,M75<=7,ISNUMBER(N75),N75=INT(N75),N75>=1,N75<=5,MONTH(DATE(Übersicht!$B$4,J75,1)+MOD(M75-WEEKDAY(DATE(Übersicht!$B$4,J75,1),2),7)+7*(N75-1))=J75,K75="",ISNUMBER(L75),L75=INT(L75),L75>=-366,L75<=366),DATE(Übersicht!$B$4,J75,1)+MOD(M75-WEEKDAY(DATE(Übersicht!$B$4,J75,1),2),7)+7*(N75-1)+L75,NA()),NA())))),NA()) -> 47058 | X75: =IF(AND(ISNUMBER(O75),O75=INT(O75),O75>=-115780,O75<=2958465,OR(P75="",AND(ISNUMBER(P75),P75=INT(P75),P75>=-115780,P75<=2958465,P75>=O75)),OR(AA75="Ganztägig",AA75="Ab 12.00 Uhr")),IF(AND(W75>=O75,OR(P75="",W75<=P75)),W75,"Ausserhalb Geltung"),NA()) -> 47058 | Y75: SRC-AG-EGARR-20250901 | Z75: § 6 Abs. 1 Bst. e Ziff. 2 | AA75: Ganztägig
A76: AG-WORK-HOL-F-NEW-YEAR | B76: CH-AG | C76: AG-ARG-ZURZACH | D76: Neujahr | E76: Nouvel An | H76: labourLawHoliday | I76: fixedMonthDay | J76: 1 | K76: 1 | O76: 46023 | Q76: 100 | R76: open | T76: add | V76: blockedScope | W76: =IF(AND(ISNUMBER(Übersicht!$B$4),Übersicht!$B$4=INT(Übersicht!$B$4),Übersicht!$B$4>=2026,Übersicht!$B$4<=2028),IF(I76="fixedMonthDay",IF(AND(ISNUMBER(J76),J76=INT(J76),J76>=1,J76<=12,ISNUMBER(K76),K76=INT(K76),K76>=1,K76<=31,MONTH(DATE(Übersicht!$B$4,J76,K76))=J76,DAY(DATE(Übersicht!$B$4,J76,K76))=K76,L76="",M76="",N76=""),DATE(Übersicht!$B$4,J76,K76),NA()),IF(I76="easterOffsetDays",IF(AND(ISNUMBER(L76),L76=INT(L76),L76>=-366,L76<=366,J76="",K76="",M76="",N76=""),$AD$23+L76,NA()),IF(I76="nthWeekdayOfMonth",IF(AND(ISNUMBER(J76),J76=INT(J76),J76>=1,J76<=12,ISNUMBER(M76),M76=INT(M76),M76>=1,M76<=7,ISNUMBER(N76),N76=INT(N76),N76>=1,N76<=5,MONTH(DATE(Übersicht!$B$4,J76,1)+MOD(M76-WEEKDAY(DATE(Übersicht!$B$4,J76,1),2),7)+7*(N76-1))=J76,K76="",L76=""),DATE(Übersicht!$B$4,J76,1)+MOD(M76-WEEKDAY(DATE(Übersicht!$B$4,J76,1),2),7)+7*(N76-1),NA()),IF(I76="nthWeekdayOffsetDays",IF(AND(ISNUMBER(J76),J76=INT(J76),J76>=1,J76<=12,ISNUMBER(M76),M76=INT(M76),M76>=1,M76<=7,ISNUMBER(N76),N76=INT(N76),N76>=1,N76<=5,MONTH(DATE(Übersicht!$B$4,J76,1)+MOD(M76-WEEKDAY(DATE(Übersicht!$B$4,J76,1),2),7)+7*(N76-1))=J76,K76="",ISNUMBER(L76),L76=INT(L76),L76>=-366,L76<=366),DATE(Übersicht!$B$4,J76,1)+MOD(M76-WEEKDAY(DATE(Übersicht!$B$4,J76,1),2),7)+7*(N76-1)+L76,NA()),NA())))),NA()) -> 46753 | X76: =IF(AND(ISNUMBER(O76),O76=INT(O76),O76>=-115780,O76<=2958465,OR(P76="",AND(ISNUMBER(P76),P76=INT(P76),P76>=-115780,P76<=2958465,P76>=O76)),OR(AA76="Ganztägig",AA76="Ab 12.00 Uhr")),IF(AND(W76>=O76,OR(P76="",W76<=P76)),W76,"Ausserhalb Geltung"),NA()) -> 46753 | Y76: SRC-AG-EGARR-20250901 | Z76: § 6 Abs. 1 Bst. f | AA76: Ganztägig
A77: AG-WORK-HOL-F-BERCHTOLD | B77: CH-AG | C77: AG-ARG-ZURZACH | D77: Berchtoldstag | E77: Saint-Berchtold | H77: labourLawHoliday | I77: fixedMonthDay | J77: 1 | K77: 2 | O77: 46023 | Q77: 100 | R77: open | T77: add | V77: blockedScope | W77: =IF(AND(ISNUMBER(Übersicht!$B$4),Übersicht!$B$4=INT(Übersicht!$B$4),Übersicht!$B$4>=2026,Übersicht!$B$4<=2028),IF(I77="fixedMonthDay",IF(AND(ISNUMBER(J77),J77=INT(J77),J77>=1,J77<=12,ISNUMBER(K77),K77=INT(K77),K77>=1,K77<=31,MONTH(DATE(Übersicht!$B$4,J77,K77))=J77,DAY(DATE(Übersicht!$B$4,J77,K77))=K77,L77="",M77="",N77=""),DATE(Übersicht!$B$4,J77,K77),NA()),IF(I77="easterOffsetDays",IF(AND(ISNUMBER(L77),L77=INT(L77),L77>=-366,L77<=366,J77="",K77="",M77="",N77=""),$AD$23+L77,NA()),IF(I77="nthWeekdayOfMonth",IF(AND(ISNUMBER(J77),J77=INT(J77),J77>=1,J77<=12,ISNUMBER(M77),M77=INT(M77),M77>=1,M77<=7,ISNUMBER(N77),N77=INT(N77),N77>=1,N77<=5,MONTH(DATE(Übersicht!$B$4,J77,1)+MOD(M77-WEEKDAY(DATE(Übersicht!$B$4,J77,1),2),7)+7*(N77-1))=J77,K77="",L77=""),DATE(Übersicht!$B$4,J77,1)+MOD(M77-WEEKDAY(DATE(Übersicht!$B$4,J77,1),2),7)+7*(N77-1),NA()),IF(I77="nthWeekdayOffsetDays",IF(AND(ISNUMBER(J77),J77=INT(J77),J77>=1,J77<=12,ISNUMBER(M77),M77=INT(M77),M77>=1,M77<=7,ISNUMBER(N77),N77=INT(N77),N77>=1,N77<=5,MONTH(DATE(Übersicht!$B$4,J77,1)+MOD(M77-WEEKDAY(DATE(Übersicht!$B$4,J77,1),2),7)+7*(N77-1))=J77,K77="",ISNUMBER(L77),L77=INT(L77),L77>=-366,L77<=366),DATE(Übersicht!$B$4,J77,1)+MOD(M77-WEEKDAY(DATE(Übersicht!$B$4,J77,1),2),7)+7*(N77-1)+L77,NA()),NA())))),NA()) -> 46754 | X77: =IF(AND(ISNUMBER(O77),O77=INT(O77),O77>=-115780,O77<=2958465,OR(P77="",AND(ISNUMBER(P77),P77=INT(P77),P77>=-115780,P77<=2958465,P77>=O77)),OR(AA77="Ganztägig",AA77="Ab 12.00 Uhr")),IF(AND(W77>=O77,OR(P77="",W77<=P77)),W77,"Ausserhalb Geltung"),NA()) -> 46754 | Y77: SRC-AG-EGARR-20250901 | Z77: § 6 Abs. 1 Bst. f | AA77: Ganztägig
A78: AG-WORK-HOL-F-GOOD-FRIDAY | B78: CH-AG | C78: AG-ARG-ZURZACH | D78: Karfreitag | E78: Vendredi saint | H78: labourLawHoliday | I78: easterOffsetDays | L78: -2 | O78: 46023 | Q78: 100 | R78: open | T78: add | V78: blockedScope | W78: =IF(AND(ISNUMBER(Übersicht!$B$4),Übersicht!$B$4=INT(Übersicht!$B$4),Übersicht!$B$4>=2026,Übersicht!$B$4<=2028),IF(I78="fixedMonthDay",IF(AND(ISNUMBER(J78),J78=INT(J78),J78>=1,J78<=12,ISNUMBER(K78),K78=INT(K78),K78>=1,K78<=31,MONTH(DATE(Übersicht!$B$4,J78,K78))=J78,DAY(DATE(Übersicht!$B$4,J78,K78))=K78,L78="",M78="",N78=""),DATE(Übersicht!$B$4,J78,K78),NA()),IF(I78="easterOffsetDays",IF(AND(ISNUMBER(L78),L78=INT(L78),L78>=-366,L78<=366,J78="",K78="",M78="",N78=""),$AD$23+L78,NA()),IF(I78="nthWeekdayOfMonth",IF(AND(ISNUMBER(J78),J78=INT(J78),J78>=1,J78<=12,ISNUMBER(M78),M78=INT(M78),M78>=1,M78<=7,ISNUMBER(N78),N78=INT(N78),N78>=1,N78<=5,MONTH(DATE(Übersicht!$B$4,J78,1)+MOD(M78-WEEKDAY(DATE(Übersicht!$B$4,J78,1),2),7)+7*(N78-1))=J78,K78="",L78=""),DATE(Übersicht!$B$4,J78,1)+MOD(M78-WEEKDAY(DATE(Übersicht!$B$4,J78,1),2),7)+7*(N78-1),NA()),IF(I78="nthWeekdayOffsetDays",IF(AND(ISNUMBER(J78),J78=INT(J78),J78>=1,J78<=12,ISNUMBER(M78),M78=INT(M78),M78>=1,M78<=7,ISNUMBER(N78),N78=INT(N78),N78>=1,N78<=5,MONTH(DATE(Übersicht!$B$4,J78,1)+MOD(M78-WEEKDAY(DATE(Übersicht!$B$4,J78,1),2),7)+7*(N78-1))=J78,K78="",ISNUMBER(L78),L78=INT(L78),L78>=-366,L78<=366),DATE(Übersicht!$B$4,J78,1)+MOD(M78-WEEKDAY(DATE(Übersicht!$B$4,J78,1),2),7)+7*(N78-1)+L78,NA()),NA())))),NA()) -> 46857 | X78: =IF(AND(ISNUMBER(O78),O78=INT(O78),O78>=-115780,O78<=2958465,OR(P78="",AND(ISNUMBER(P78),P78=INT(P78),P78>=-115780,P78<=2958465,P78>=O78)),OR(AA78="Ganztägig",AA78="Ab 12.00 Uhr")),IF(AND(W78>=O78,OR(P78="",W78<=P78)),W78,"Ausserhalb Geltung"),NA()) -> 46857 | Y78: SRC-AG-EGARR-20250901 | Z78: § 6 Abs. 1 Bst. f | AA78: Ganztägig
A79: AG-WORK-HOL-F-ASCENSION | B79: CH-AG | C79: AG-ARG-ZURZACH | D79: Auffahrt | E79: Ascension | H79: labourLawHoliday | I79: easterOffsetDays | L79: 39 | O79: 46023 | Q79: 100 | R79: open | T79: add | V79: blockedScope | W79: =IF(AND(ISNUMBER(Übersicht!$B$4),Übersicht!$B$4=INT(Übersicht!$B$4),Übersicht!$B$4>=2026,Übersicht!$B$4<=2028),IF(I79="fixedMonthDay",IF(AND(ISNUMBER(J79),J79=INT(J79),J79>=1,J79<=12,ISNUMBER(K79),K79=INT(K79),K79>=1,K79<=31,MONTH(DATE(Übersicht!$B$4,J79,K79))=J79,DAY(DATE(Übersicht!$B$4,J79,K79))=K79,L79="",M79="",N79=""),DATE(Übersicht!$B$4,J79,K79),NA()),IF(I79="easterOffsetDays",IF(AND(ISNUMBER(L79),L79=INT(L79),L79>=-366,L79<=366,J79="",K79="",M79="",N79=""),$AD$23+L79,NA()),IF(I79="nthWeekdayOfMonth",IF(AND(ISNUMBER(J79),J79=INT(J79),J79>=1,J79<=12,ISNUMBER(M79),M79=INT(M79),M79>=1,M79<=7,ISNUMBER(N79),N79=INT(N79),N79>=1,N79<=5,MONTH(DATE(Übersicht!$B$4,J79,1)+MOD(M79-WEEKDAY(DATE(Übersicht!$B$4,J79,1),2),7)+7*(N79-1))=J79,K79="",L79=""),DATE(Übersicht!$B$4,J79,1)+MOD(M79-WEEKDAY(DATE(Übersicht!$B$4,J79,1),2),7)+7*(N79-1),NA()),IF(I79="nthWeekdayOffsetDays",IF(AND(ISNUMBER(J79),J79=INT(J79),J79>=1,J79<=12,ISNUMBER(M79),M79=INT(M79),M79>=1,M79<=7,ISNUMBER(N79),N79=INT(N79),N79>=1,N79<=5,MONTH(DATE(Übersicht!$B$4,J79,1)+MOD(M79-WEEKDAY(DATE(Übersicht!$B$4,J79,1),2),7)+7*(N79-1))=J79,K79="",ISNUMBER(L79),L79=INT(L79),L79>=-366,L79<=366),DATE(Übersicht!$B$4,J79,1)+MOD(M79-WEEKDAY(DATE(Übersicht!$B$4,J79,1),2),7)+7*(N79-1)+L79,NA()),NA())))),NA()) -> 46898 | X79: =IF(AND(ISNUMBER(O79),O79=INT(O79),O79>=-115780,O79<=2958465,OR(P79="",AND(ISNUMBER(P79),P79=INT(P79),P79>=-115780,P79<=2958465,P79>=O79)),OR(AA79="Ganztägig",AA79="Ab 12.00 Uhr")),IF(AND(W79>=O79,OR(P79="",W79<=P79)),W79,"Ausserhalb Geltung"),NA()) -> 46898 | Y79: SRC-AG-EGARR-20250901 | Z79: § 6 Abs. 1 Bst. f | AA79: Ganztägig
A80: AG-WORK-HOL-F-CORPUS-CHRISTI | B80: CH-AG | C80: AG-ARG-ZURZACH | D80: Fronleichnam | E80: Fête-Dieu | H80: labourLawHoliday | I80: easterOffsetDays | L80: 60 | O80: 46023 | Q80: 100 | R80: open | T80: add | V80: blockedScope | W80: =IF(AND(ISNUMBER(Übersicht!$B$4),Übersicht!$B$4=INT(Übersicht!$B$4),Übersicht!$B$4>=2026,Übersicht!$B$4<=2028),IF(I80="fixedMonthDay",IF(AND(ISNUMBER(J80),J80=INT(J80),J80>=1,J80<=12,ISNUMBER(K80),K80=INT(K80),K80>=1,K80<=31,MONTH(DATE(Übersicht!$B$4,J80,K80))=J80,DAY(DATE(Übersicht!$B$4,J80,K80))=K80,L80="",M80="",N80=""),DATE(Übersicht!$B$4,J80,K80),NA()),IF(I80="easterOffsetDays",IF(AND(ISNUMBER(L80),L80=INT(L80),L80>=-366,L80<=366,J80="",K80="",M80="",N80=""),$AD$23+L80,NA()),IF(I80="nthWeekdayOfMonth",IF(AND(ISNUMBER(J80),J80=INT(J80),J80>=1,J80<=12,ISNUMBER(M80),M80=INT(M80),M80>=1,M80<=7,ISNUMBER(N80),N80=INT(N80),N80>=1,N80<=5,MONTH(DATE(Übersicht!$B$4,J80,1)+MOD(M80-WEEKDAY(DATE(Übersicht!$B$4,J80,1),2),7)+7*(N80-1))=J80,K80="",L80=""),DATE(Übersicht!$B$4,J80,1)+MOD(M80-WEEKDAY(DATE(Übersicht!$B$4,J80,1),2),7)+7*(N80-1),NA()),IF(I80="nthWeekdayOffsetDays",IF(AND(ISNUMBER(J80),J80=INT(J80),J80>=1,J80<=12,ISNUMBER(M80),M80=INT(M80),M80>=1,M80<=7,ISNUMBER(N80),N80=INT(N80),N80>=1,N80<=5,MONTH(DATE(Übersicht!$B$4,J80,1)+MOD(M80-WEEKDAY(DATE(Übersicht!$B$4,J80,1),2),7)+7*(N80-1))=J80,K80="",ISNUMBER(L80),L80=INT(L80),L80>=-366,L80<=366),DATE(Übersicht!$B$4,J80,1)+MOD(M80-WEEKDAY(DATE(Übersicht!$B$4,J80,1),2),7)+7*(N80-1)+L80,NA()),NA())))),NA()) -> 46919 | X80: =IF(AND(ISNUMBER(O80),O80=INT(O80),O80>=-115780,O80<=2958465,OR(P80="",AND(ISNUMBER(P80),P80=INT(P80),P80>=-115780,P80<=2958465,P80>=O80)),OR(AA80="Ganztägig",AA80="Ab 12.00 Uhr")),IF(AND(W80>=O80,OR(P80="",W80<=P80)),W80,"Ausserhalb Geltung"),NA()) -> 46919 | Y80: SRC-AG-EGARR-20250901 | Z80: § 6 Abs. 1 Bst. f | AA80: Ganztägig
A81: AG-WORK-HOL-F-ALL-SAINTS | B81: CH-AG | C81: AG-ARG-ZURZACH | D81: Allerheiligen | E81: Toussaint | H81: labourLawHoliday | I81: fixedMonthDay | J81: 11 | K81: 1 | O81: 46023 | Q81: 100 | R81: open | T81: add | V81: blockedScope | W81: =IF(AND(ISNUMBER(Übersicht!$B$4),Übersicht!$B$4=INT(Übersicht!$B$4),Übersicht!$B$4>=2026,Übersicht!$B$4<=2028),IF(I81="fixedMonthDay",IF(AND(ISNUMBER(J81),J81=INT(J81),J81>=1,J81<=12,ISNUMBER(K81),K81=INT(K81),K81>=1,K81<=31,MONTH(DATE(Übersicht!$B$4,J81,K81))=J81,DAY(DATE(Übersicht!$B$4,J81,K81))=K81,L81="",M81="",N81=""),DATE(Übersicht!$B$4,J81,K81),NA()),IF(I81="easterOffsetDays",IF(AND(ISNUMBER(L81),L81=INT(L81),L81>=-366,L81<=366,J81="",K81="",M81="",N81=""),$AD$23+L81,NA()),IF(I81="nthWeekdayOfMonth",IF(AND(ISNUMBER(J81),J81=INT(J81),J81>=1,J81<=12,ISNUMBER(M81),M81=INT(M81),M81>=1,M81<=7,ISNUMBER(N81),N81=INT(N81),N81>=1,N81<=5,MONTH(DATE(Übersicht!$B$4,J81,1)+MOD(M81-WEEKDAY(DATE(Übersicht!$B$4,J81,1),2),7)+7*(N81-1))=J81,K81="",L81=""),DATE(Übersicht!$B$4,J81,1)+MOD(M81-WEEKDAY(DATE(Übersicht!$B$4,J81,1),2),7)+7*(N81-1),NA()),IF(I81="nthWeekdayOffsetDays",IF(AND(ISNUMBER(J81),J81=INT(J81),J81>=1,J81<=12,ISNUMBER(M81),M81=INT(M81),M81>=1,M81<=7,ISNUMBER(N81),N81=INT(N81),N81>=1,N81<=5,MONTH(DATE(Übersicht!$B$4,J81,1)+MOD(M81-WEEKDAY(DATE(Übersicht!$B$4,J81,1),2),7)+7*(N81-1))=J81,K81="",ISNUMBER(L81),L81=INT(L81),L81>=-366,L81<=366),DATE(Übersicht!$B$4,J81,1)+MOD(M81-WEEKDAY(DATE(Übersicht!$B$4,J81,1),2),7)+7*(N81-1)+L81,NA()),NA())))),NA()) -> 47058 | X81: =IF(AND(ISNUMBER(O81),O81=INT(O81),O81>=-115780,O81<=2958465,OR(P81="",AND(ISNUMBER(P81),P81=INT(P81),P81>=-115780,P81<=2958465,P81>=O81)),OR(AA81="Ganztägig",AA81="Ab 12.00 Uhr")),IF(AND(W81>=O81,OR(P81="",W81<=P81)),W81,"Ausserhalb Geltung"),NA()) -> 47058 | Y81: SRC-AG-EGARR-20250901 | Z81: § 6 Abs. 1 Bst. f | AA81: Ganztägig
A82: AG-WORK-HOL-F-CHRISTMAS | B82: CH-AG | C82: AG-ARG-ZURZACH | D82: Weihnachten | E82: Noël | H82: labourLawHoliday | I82: fixedMonthDay | J82: 12 | K82: 25 | O82: 46023 | Q82: 100 | R82: open | T82: add | V82: blockedScope | W82: =IF(AND(ISNUMBER(Übersicht!$B$4),Übersicht!$B$4=INT(Übersicht!$B$4),Übersicht!$B$4>=2026,Übersicht!$B$4<=2028),IF(I82="fixedMonthDay",IF(AND(ISNUMBER(J82),J82=INT(J82),J82>=1,J82<=12,ISNUMBER(K82),K82=INT(K82),K82>=1,K82<=31,MONTH(DATE(Übersicht!$B$4,J82,K82))=J82,DAY(DATE(Übersicht!$B$4,J82,K82))=K82,L82="",M82="",N82=""),DATE(Übersicht!$B$4,J82,K82),NA()),IF(I82="easterOffsetDays",IF(AND(ISNUMBER(L82),L82=INT(L82),L82>=-366,L82<=366,J82="",K82="",M82="",N82=""),$AD$23+L82,NA()),IF(I82="nthWeekdayOfMonth",IF(AND(ISNUMBER(J82),J82=INT(J82),J82>=1,J82<=12,ISNUMBER(M82),M82=INT(M82),M82>=1,M82<=7,ISNUMBER(N82),N82=INT(N82),N82>=1,N82<=5,MONTH(DATE(Übersicht!$B$4,J82,1)+MOD(M82-WEEKDAY(DATE(Übersicht!$B$4,J82,1),2),7)+7*(N82-1))=J82,K82="",L82=""),DATE(Übersicht!$B$4,J82,1)+MOD(M82-WEEKDAY(DATE(Übersicht!$B$4,J82,1),2),7)+7*(N82-1),NA()),IF(I82="nthWeekdayOffsetDays",IF(AND(ISNUMBER(J82),J82=INT(J82),J82>=1,J82<=12,ISNUMBER(M82),M82=INT(M82),M82>=1,M82<=7,ISNUMBER(N82),N82=INT(N82),N82>=1,N82<=5,MONTH(DATE(Übersicht!$B$4,J82,1)+MOD(M82-WEEKDAY(DATE(Übersicht!$B$4,J82,1),2),7)+7*(N82-1))=J82,K82="",ISNUMBER(L82),L82=INT(L82),L82>=-366,L82<=366),DATE(Übersicht!$B$4,J82,1)+MOD(M82-WEEKDAY(DATE(Übersicht!$B$4,J82,1),2),7)+7*(N82-1)+L82,NA()),NA())))),NA()) -> 47112 | X82: =IF(AND(ISNUMBER(O82),O82=INT(O82),O82>=-115780,O82<=2958465,OR(P82="",AND(ISNUMBER(P82),P82=INT(P82),P82>=-115780,P82<=2958465,P82>=O82)),OR(AA82="Ganztägig",AA82="Ab 12.00 Uhr")),IF(AND(W82>=O82,OR(P82="",W82<=P82)),W82,"Ausserhalb Geltung"),NA()) -> 47112 | Y82: SRC-AG-EGARR-20250901 | Z82: § 6 Abs. 1 Bst. f | AA82: Ganztägig
A83: AG-WORK-HOL-F-ST-STEPHEN | B83: CH-AG | C83: AG-ARG-ZURZACH | D83: Stephanstag | E83: Saint-Étienne | H83: labourLawHoliday | I83: fixedMonthDay | J83: 12 | K83: 26 | O83: 46023 | Q83: 100 | R83: open | T83: add | V83: blockedScope | W83: =IF(AND(ISNUMBER(Übersicht!$B$4),Übersicht!$B$4=INT(Übersicht!$B$4),Übersicht!$B$4>=2026,Übersicht!$B$4<=2028),IF(I83="fixedMonthDay",IF(AND(ISNUMBER(J83),J83=INT(J83),J83>=1,J83<=12,ISNUMBER(K83),K83=INT(K83),K83>=1,K83<=31,MONTH(DATE(Übersicht!$B$4,J83,K83))=J83,DAY(DATE(Übersicht!$B$4,J83,K83))=K83,L83="",M83="",N83=""),DATE(Übersicht!$B$4,J83,K83),NA()),IF(I83="easterOffsetDays",IF(AND(ISNUMBER(L83),L83=INT(L83),L83>=-366,L83<=366,J83="",K83="",M83="",N83=""),$AD$23+L83,NA()),IF(I83="nthWeekdayOfMonth",IF(AND(ISNUMBER(J83),J83=INT(J83),J83>=1,J83<=12,ISNUMBER(M83),M83=INT(M83),M83>=1,M83<=7,ISNUMBER(N83),N83=INT(N83),N83>=1,N83<=5,MONTH(DATE(Übersicht!$B$4,J83,1)+MOD(M83-WEEKDAY(DATE(Übersicht!$B$4,J83,1),2),7)+7*(N83-1))=J83,K83="",L83=""),DATE(Übersicht!$B$4,J83,1)+MOD(M83-WEEKDAY(DATE(Übersicht!$B$4,J83,1),2),7)+7*(N83-1),NA()),IF(I83="nthWeekdayOffsetDays",IF(AND(ISNUMBER(J83),J83=INT(J83),J83>=1,J83<=12,ISNUMBER(M83),M83=INT(M83),M83>=1,M83<=7,ISNUMBER(N83),N83=INT(N83),N83>=1,N83<=5,MONTH(DATE(Übersicht!$B$4,J83,1)+MOD(M83-WEEKDAY(DATE(Übersicht!$B$4,J83,1),2),7)+7*(N83-1))=J83,K83="",ISNUMBER(L83),L83=INT(L83),L83>=-366,L83<=366),DATE(Übersicht!$B$4,J83,1)+MOD(M83-WEEKDAY(DATE(Übersicht!$B$4,J83,1),2),7)+7*(N83-1)+L83,NA()),NA())))),NA()) -> 47113 | X83: =IF(AND(ISNUMBER(O83),O83=INT(O83),O83>=-115780,O83<=2958465,OR(P83="",AND(ISNUMBER(P83),P83=INT(P83),P83>=-115780,P83<=2958465,P83>=O83)),OR(AA83="Ganztägig",AA83="Ab 12.00 Uhr")),IF(AND(W83>=O83,OR(P83="",W83<=P83)),W83,"Ausserhalb Geltung"),NA()) -> 47113 | Y83: SRC-AG-EGARR-20250901 | Z83: § 6 Abs. 1 Bst. f | AA83: Ganztägig
A84: AG-PROC-DAY-NEW-YEAR | B84: CH-AG | C84: AG-ZPO-ALL | D84: Neujahr | E84: Nouvel An | H84: proceduralEquivalentDay | I84: fixedMonthDay | J84: 1 | K84: 1 | O84: 46023 | Q84: 100 | R84: open | T84: add | V84: blockedEffect | W84: =IF(AND(ISNUMBER(Übersicht!$B$4),Übersicht!$B$4=INT(Übersicht!$B$4),Übersicht!$B$4>=2026,Übersicht!$B$4<=2028),IF(I84="fixedMonthDay",IF(AND(ISNUMBER(J84),J84=INT(J84),J84>=1,J84<=12,ISNUMBER(K84),K84=INT(K84),K84>=1,K84<=31,MONTH(DATE(Übersicht!$B$4,J84,K84))=J84,DAY(DATE(Übersicht!$B$4,J84,K84))=K84,L84="",M84="",N84=""),DATE(Übersicht!$B$4,J84,K84),NA()),IF(I84="easterOffsetDays",IF(AND(ISNUMBER(L84),L84=INT(L84),L84>=-366,L84<=366,J84="",K84="",M84="",N84=""),$AD$23+L84,NA()),IF(I84="nthWeekdayOfMonth",IF(AND(ISNUMBER(J84),J84=INT(J84),J84>=1,J84<=12,ISNUMBER(M84),M84=INT(M84),M84>=1,M84<=7,ISNUMBER(N84),N84=INT(N84),N84>=1,N84<=5,MONTH(DATE(Übersicht!$B$4,J84,1)+MOD(M84-WEEKDAY(DATE(Übersicht!$B$4,J84,1),2),7)+7*(N84-1))=J84,K84="",L84=""),DATE(Übersicht!$B$4,J84,1)+MOD(M84-WEEKDAY(DATE(Übersicht!$B$4,J84,1),2),7)+7*(N84-1),NA()),IF(I84="nthWeekdayOffsetDays",IF(AND(ISNUMBER(J84),J84=INT(J84),J84>=1,J84<=12,ISNUMBER(M84),M84=INT(M84),M84>=1,M84<=7,ISNUMBER(N84),N84=INT(N84),N84>=1,N84<=5,MONTH(DATE(Übersicht!$B$4,J84,1)+MOD(M84-WEEKDAY(DATE(Übersicht!$B$4,J84,1),2),7)+7*(N84-1))=J84,K84="",ISNUMBER(L84),L84=INT(L84),L84>=-366,L84<=366),DATE(Übersicht!$B$4,J84,1)+MOD(M84-WEEKDAY(DATE(Übersicht!$B$4,J84,1),2),7)+7*(N84-1)+L84,NA()),NA())))),NA()) -> 46753 | X84: =IF(AND(ISNUMBER(O84),O84=INT(O84),O84>=-115780,O84<=2958465,OR(P84="",AND(ISNUMBER(P84),P84=INT(P84),P84>=-115780,P84<=2958465,P84>=O84)),OR(AA84="Ganztägig",AA84="Ab 12.00 Uhr")),IF(AND(W84>=O84,OR(P84="",W84<=P84)),W84,"Ausserhalb Geltung"),NA()) -> 46753 | Y84: SRC-AG-EGZPO | Z84: § 21 | AA84: Ganztägig
A85: AG-PROC-DAY-BERCHTOLD | B85: CH-AG | C85: AG-ZPO-ALL | D85: Berchtoldstag | E85: Saint-Berchtold | H85: proceduralEquivalentDay | I85: fixedMonthDay | J85: 1 | K85: 2 | O85: 46023 | Q85: 100 | R85: open | T85: add | V85: blockedEffect | W85: =IF(AND(ISNUMBER(Übersicht!$B$4),Übersicht!$B$4=INT(Übersicht!$B$4),Übersicht!$B$4>=2026,Übersicht!$B$4<=2028),IF(I85="fixedMonthDay",IF(AND(ISNUMBER(J85),J85=INT(J85),J85>=1,J85<=12,ISNUMBER(K85),K85=INT(K85),K85>=1,K85<=31,MONTH(DATE(Übersicht!$B$4,J85,K85))=J85,DAY(DATE(Übersicht!$B$4,J85,K85))=K85,L85="",M85="",N85=""),DATE(Übersicht!$B$4,J85,K85),NA()),IF(I85="easterOffsetDays",IF(AND(ISNUMBER(L85),L85=INT(L85),L85>=-366,L85<=366,J85="",K85="",M85="",N85=""),$AD$23+L85,NA()),IF(I85="nthWeekdayOfMonth",IF(AND(ISNUMBER(J85),J85=INT(J85),J85>=1,J85<=12,ISNUMBER(M85),M85=INT(M85),M85>=1,M85<=7,ISNUMBER(N85),N85=INT(N85),N85>=1,N85<=5,MONTH(DATE(Übersicht!$B$4,J85,1)+MOD(M85-WEEKDAY(DATE(Übersicht!$B$4,J85,1),2),7)+7*(N85-1))=J85,K85="",L85=""),DATE(Übersicht!$B$4,J85,1)+MOD(M85-WEEKDAY(DATE(Übersicht!$B$4,J85,1),2),7)+7*(N85-1),NA()),IF(I85="nthWeekdayOffsetDays",IF(AND(ISNUMBER(J85),J85=INT(J85),J85>=1,J85<=12,ISNUMBER(M85),M85=INT(M85),M85>=1,M85<=7,ISNUMBER(N85),N85=INT(N85),N85>=1,N85<=5,MONTH(DATE(Übersicht!$B$4,J85,1)+MOD(M85-WEEKDAY(DATE(Übersicht!$B$4,J85,1),2),7)+7*(N85-1))=J85,K85="",ISNUMBER(L85),L85=INT(L85),L85>=-366,L85<=366),DATE(Übersicht!$B$4,J85,1)+MOD(M85-WEEKDAY(DATE(Übersicht!$B$4,J85,1),2),7)+7*(N85-1)+L85,NA()),NA())))),NA()) -> 46754 | X85: =IF(AND(ISNUMBER(O85),O85=INT(O85),O85>=-115780,O85<=2958465,OR(P85="",AND(ISNUMBER(P85),P85=INT(P85),P85>=-115780,P85<=2958465,P85>=O85)),OR(AA85="Ganztägig",AA85="Ab 12.00 Uhr")),IF(AND(W85>=O85,OR(P85="",W85<=P85)),W85,"Ausserhalb Geltung"),NA()) -> 46754 | Y85: SRC-AG-EGZPO | Z85: § 21 | AA85: Ganztägig
A86: AG-PROC-DAY-GOOD-FRIDAY | B86: CH-AG | C86: AG-ZPO-ALL | D86: Karfreitag | E86: Vendredi saint | H86: proceduralEquivalentDay | I86: easterOffsetDays | L86: -2 | O86: 46023 | Q86: 100 | R86: open | T86: add | V86: blockedEffect | W86: =IF(AND(ISNUMBER(Übersicht!$B$4),Übersicht!$B$4=INT(Übersicht!$B$4),Übersicht!$B$4>=2026,Übersicht!$B$4<=2028),IF(I86="fixedMonthDay",IF(AND(ISNUMBER(J86),J86=INT(J86),J86>=1,J86<=12,ISNUMBER(K86),K86=INT(K86),K86>=1,K86<=31,MONTH(DATE(Übersicht!$B$4,J86,K86))=J86,DAY(DATE(Übersicht!$B$4,J86,K86))=K86,L86="",M86="",N86=""),DATE(Übersicht!$B$4,J86,K86),NA()),IF(I86="easterOffsetDays",IF(AND(ISNUMBER(L86),L86=INT(L86),L86>=-366,L86<=366,J86="",K86="",M86="",N86=""),$AD$23+L86,NA()),IF(I86="nthWeekdayOfMonth",IF(AND(ISNUMBER(J86),J86=INT(J86),J86>=1,J86<=12,ISNUMBER(M86),M86=INT(M86),M86>=1,M86<=7,ISNUMBER(N86),N86=INT(N86),N86>=1,N86<=5,MONTH(DATE(Übersicht!$B$4,J86,1)+MOD(M86-WEEKDAY(DATE(Übersicht!$B$4,J86,1),2),7)+7*(N86-1))=J86,K86="",L86=""),DATE(Übersicht!$B$4,J86,1)+MOD(M86-WEEKDAY(DATE(Übersicht!$B$4,J86,1),2),7)+7*(N86-1),NA()),IF(I86="nthWeekdayOffsetDays",IF(AND(ISNUMBER(J86),J86=INT(J86),J86>=1,J86<=12,ISNUMBER(M86),M86=INT(M86),M86>=1,M86<=7,ISNUMBER(N86),N86=INT(N86),N86>=1,N86<=5,MONTH(DATE(Übersicht!$B$4,J86,1)+MOD(M86-WEEKDAY(DATE(Übersicht!$B$4,J86,1),2),7)+7*(N86-1))=J86,K86="",ISNUMBER(L86),L86=INT(L86),L86>=-366,L86<=366),DATE(Übersicht!$B$4,J86,1)+MOD(M86-WEEKDAY(DATE(Übersicht!$B$4,J86,1),2),7)+7*(N86-1)+L86,NA()),NA())))),NA()) -> 46857 | X86: =IF(AND(ISNUMBER(O86),O86=INT(O86),O86>=-115780,O86<=2958465,OR(P86="",AND(ISNUMBER(P86),P86=INT(P86),P86>=-115780,P86<=2958465,P86>=O86)),OR(AA86="Ganztägig",AA86="Ab 12.00 Uhr")),IF(AND(W86>=O86,OR(P86="",W86<=P86)),W86,"Ausserhalb Geltung"),NA()) -> 46857 | Y86: SRC-AG-EGZPO | Z86: § 21 | AA86: Ganztägig
A87: AG-PROC-DAY-EASTER-MONDAY | B87: CH-AG | C87: AG-ZPO-ALL | D87: Ostermontag | E87: Lundi de Pâques | H87: proceduralEquivalentDay | I87: easterOffsetDays | L87: 1 | O87: 46023 | Q87: 100 | R87: open | T87: add | V87: blockedEffect | W87: =IF(AND(ISNUMBER(Übersicht!$B$4),Übersicht!$B$4=INT(Übersicht!$B$4),Übersicht!$B$4>=2026,Übersicht!$B$4<=2028),IF(I87="fixedMonthDay",IF(AND(ISNUMBER(J87),J87=INT(J87),J87>=1,J87<=12,ISNUMBER(K87),K87=INT(K87),K87>=1,K87<=31,MONTH(DATE(Übersicht!$B$4,J87,K87))=J87,DAY(DATE(Übersicht!$B$4,J87,K87))=K87,L87="",M87="",N87=""),DATE(Übersicht!$B$4,J87,K87),NA()),IF(I87="easterOffsetDays",IF(AND(ISNUMBER(L87),L87=INT(L87),L87>=-366,L87<=366,J87="",K87="",M87="",N87=""),$AD$23+L87,NA()),IF(I87="nthWeekdayOfMonth",IF(AND(ISNUMBER(J87),J87=INT(J87),J87>=1,J87<=12,ISNUMBER(M87),M87=INT(M87),M87>=1,M87<=7,ISNUMBER(N87),N87=INT(N87),N87>=1,N87<=5,MONTH(DATE(Übersicht!$B$4,J87,1)+MOD(M87-WEEKDAY(DATE(Übersicht!$B$4,J87,1),2),7)+7*(N87-1))=J87,K87="",L87=""),DATE(Übersicht!$B$4,J87,1)+MOD(M87-WEEKDAY(DATE(Übersicht!$B$4,J87,1),2),7)+7*(N87-1),NA()),IF(I87="nthWeekdayOffsetDays",IF(AND(ISNUMBER(J87),J87=INT(J87),J87>=1,J87<=12,ISNUMBER(M87),M87=INT(M87),M87>=1,M87<=7,ISNUMBER(N87),N87=INT(N87),N87>=1,N87<=5,MONTH(DATE(Übersicht!$B$4,J87,1)+MOD(M87-WEEKDAY(DATE(Übersicht!$B$4,J87,1),2),7)+7*(N87-1))=J87,K87="",ISNUMBER(L87),L87=INT(L87),L87>=-366,L87<=366),DATE(Übersicht!$B$4,J87,1)+MOD(M87-WEEKDAY(DATE(Übersicht!$B$4,J87,1),2),7)+7*(N87-1)+L87,NA()),NA())))),NA()) -> 46860 | X87: =IF(AND(ISNUMBER(O87),O87=INT(O87),O87>=-115780,O87<=2958465,OR(P87="",AND(ISNUMBER(P87),P87=INT(P87),P87>=-115780,P87<=2958465,P87>=O87)),OR(AA87="Ganztägig",AA87="Ab 12.00 Uhr")),IF(AND(W87>=O87,OR(P87="",W87<=P87)),W87,"Ausserhalb Geltung"),NA()) -> 46860 | Y87: SRC-AG-EGZPO | Z87: § 21 | AA87: Ganztägig
